p	905916265	Z29idmlsbF9mbGF4
p	1975248173	ZHZlcmdyX3Jvb21iaWdfY29ycmlkb3IwMg==
p	863505551	aGFsZkJ1cnJpZWRfZm9yZXN0Y3J5cHRfZW50cmFuY2VfbGFyZ2U=
p	531878821	aG9sZV9jb3JyaWRvcnMwM19hbHQy
p	-1678967404	Q3J5cHQy
p	-760425592	Y2F2ZV9zaHJpbmVfc2hyaW5lMDE=
p	-859173937	cGxhaW5zZm9ydHJlc3NfSGlsZGlyX2VuZGNhcF93YWxs
p	1116518979	U3VsZnVyQXJjaA==
p	1741095288	Q2hhcnJlZFRvd2VyUnVpbnMx
p	-1158238645	TWlzdGxhbmRzX0dpYW50Mg==
p	645597945	cGxhaW5zZm9ydHJlc3NfSGlsZGlyX2VuZGNhcF93aW5kb3dfaG9sZTE=
p	-1686584871	aG9sZV9lbmRjYXAx
p	1523175618	ZHZlcmdyX25ld19ib3Nzcm9vbV9ib3R0b21fZW5kY2FwX3N0YWlyMDI=
p	-993959758	R29ibGluQ2FtcDI=
p	-927069984	aG9sZV9lbmRjYXA2
p	1161221129	Z29idmlsbF9ib25maXJl
p	-1184013643	bW9ya2hhbGxhX2Zsb29yMDE=
p	-1569837629	bWVhZG93c3ZpbGxhZ2VfbG9uZ2hvdXNlcnVpbg==
p	-1637202988	V29vZFZpbGxhZ2Ux
p	-931516956	THVtYmVyQ2FtcA==
p	-735541193	TW9ya0Jvcmc=
p	-1719234905	RE5fZ2FtbWVsdHJvbGxGcmFjMDI=
p	-1561523172	TWlzdGxhbmRzX0dpYW50MQ==
p	1754328050	Y2F2ZV9uZXdfY3Jvc3Nyb2FkczAy
p	-1246196450	Y2F2ZV9zaHJpbmVfZW5kY2FwX25vc2hyaW5lMDI=
p	1011993443	Y2F2ZV9kaXZpZGVy
p	-2133409326	U3dhbXBIdXQx
p	-1871976351	TWlzdGxhbmRzX0V4Y2F2YXRpb24x
p	194837528	Y2F2ZV9zaHJpbmVfZW5kY2FwMDU=
p	-817079775	aGFsZkJ1cnJpZWRfZm9yZXN0Y3J5cHRfZW50cmFuY2Vfc21hbGw=
p	180491082	d29vZGZhcm1fdHVybmlwZmllbGQ=
p	-1193559255	Zm9yZXN0Y3J5cHRfQ29ycmlkb3Iz
p	-1065850887	bm9ydGh2aWxsYWdlX2ZlbmNlMg==
p	1720511357	d29vZGZhcm1fZmFybWhvdXNlMQ==
p	-59353248	Y2F2ZV9zaHJpbmVfZW5kY2FwX25vc2hyaW5l
p	-1594270499	Z29idmlsbF9odXQwMg==
p	-2133409322	U3dhbXBIdXQ1
p	1576594926	bWVhZG93c3ZpbGxhZ2Vfcm9hZDE=
p	363850529	U2hpcFdyZWNrMDM=
p	1757998805	TW9yZ2VuSG9sZTM=
p	-1319869320	TWlzdGxhbmRzX0d1YXJkVG93ZXIxX3J1aW5lZF9uZXc=
p	1107152163	VGFyUGl0M18x
p	-139703703	ZHZlcmdyX2NvcnJpZG9yMDI=
p	-941994999	ZHZlcmdyX2Jvc3Nyb29tX3Jvb2ZfZW5kY2FwMDE=
p	-357141065	Y2F2ZV9zaHJpbmVfc2hyaW5lMDI=
p	1768081860	SGFsZkJ1cnJpZWRfRm9yZXN0Q3J5cHQ=
p	-1620608286	cGxhaW5zZm9ydHJlc3NfSGlsZGlyX2VuZGNhcF9taWRkbGV3YWxsMDI=
p	-201398907	RmFkZXJMb2NhdGlvbg==
p	-1727485968	ZHZlcmdyX3Jvb21fb3BlbjAz
p	1018739366	Z29idmlsbF9jcmFmdGluZw==
p	259072246	Q2hhcnJlZFJ1aW5zX25ldzA1
p	696163633	ZHZlcmdyX2Jvc3Nyb29tX3RvcF9lbmRjYXAwMg==
p	423118146	R29ibGluQ2FtcDJfMQ==
p	-244797674	U3RvbmVIb3VzZTM=
p	1005486922	bW9ya2hhbGxhX2VuZGNhcDAx
p	1705714110	U2hpcFNldHRpbmcwMg==
p	771716942	cGxhaW5zZm9ydHJlc3NfSGlsZGlyX2VuZGNhcF9ob2xlMQ==
p	-523785457	aG9sZV9lbmRjYXAz
p	1705714111	U2hpcFNldHRpbmcwMw==
p	-1716841816	Y2F2ZV9uZXdfaWNlY29ycmlkb3IwNA==
p	-1613577206	Y2F2ZV9uZXdfY29ycmlkb3IwMQ==
p	-1090044592	Z29idmlsbF9odXQx
p	-14586947	d29vZGZhcm1fcm9hZDE=
p	1058731429	Y2F2ZV9kb21lX2JvdHRvbV9sYWtl
p	1314907899	U3RvbmVIZW5nZTE=
p	2043448126	RGV2QmVkY2hhbWJlcg==
p	344561602	V29vZEZhcm0x
p	442357570	ZHZlcmdyX2RpdmlkZXIwMg==
p	-910806288	TWlzdGxhbmRzX0d1YXJkVG93ZXIxX25ldw==
p	-1184013647	bW9ya2hhbGxhX2Zsb29yMDU=
p	1314907897	U3RvbmVIZW5nZTM=
p	-2054361410	UGxhY2VvZk15c3Rlcnkz
p	-1434253288	bm9ydGh2aWxsYWdlX2dyYW5hcnk=
p	-1738839540	ZHZlcmdyX3N0b25lX3Jvb20wMg==
p	1587247255	Y2F2ZV9uZXdfZW50cmFuY2UwMg==
p	978272658	Y2F2ZV9zaHJpbmVfY29ycmlkb3IwNA==
p	369738352	aG9sZV9jb3JyaWRvcnMwMV9hbHQz
p	602202395	bW9ya2hhbGxhX2VuZGNhcDAy
p	-1065850884	bm9ydGh2aWxsYWdlX2ZlbmNlMQ==
p	-1487967348	U3RvbmVUb3dlclJ1aW5zMTBfc3Vuaw==
p	1067420943	Y2F2ZV9zaHJpbmVfc3RhcnQwMl9pY2VfY29ycmlkb3I=
p	1166814083	Y2F2ZV9kb21lX2JvdHRvbV9lbmRjYXA=
p	-1544986047	U3RhcnRUZW1wbGU=
p	-1863294652	Z29idmlsbF90ZW50MQ==
p	1598595909	Zm9yZXN0Y3J5cHRfRW5kQ2FwMg==
p	1163730611	c3Vua2VuY3J5cHRfbmV3X1Jvb200
p	1598595910	Zm9yZXN0Y3J5cHRfRW5kQ2FwMw==
p	-293637841	QWJhbmRvbmVkTG9nQ2FiaW4wNA==
p	-42629375	Z29idmlsbF93b29kd2FsbDI=
p	37256140	RGV2R2FyZGVu
p	-1965863430	VHJvbGxDYXZlMDI=
p	369738351	aG9sZV9jb3JyaWRvcnMwMV9hbHQy
p	888254775	aG9sZV9yb29tMDE=
p	1042418663	Rm9ydHJlc3NSdWluc19zaGllbGRnZW4=
p	-2094390066	Y2F2ZV9uZXdfc2xvcGVyb29tX3dfaG9sZQ==
p	387274706	Q2hhcnJlZFJ1aW5zMg==
p	216550415	d29vZGZhcm1fd29vZHBpbGU=
p	1817082537	bW9ya2hhbGxhX2Zsb29yMDNfdGFsbA==
p	1890999173	c3Vua2VuY3J5cHRfbmV3X0NvcnJpZG9yNQ==
p	1664204700	U3dhbXBIdXQzXzE=
p	1694856807	RGV2V2FsbDI=
p	-1918492477	RE5fQm9zc3Jvb20=
p	-2130761300	Y2F2ZV9zaHJpbmVfZW5kY2FwMDE=
p	82026937	Q2hhcnJlZFJ1aW5zMTQ=
p	-2055726164	aGFsZkJ1cnJpZWRfZm9yZXN0Y3J5cHRfcm9vbV8xNg==
p	1523175628	ZHZlcmdyX25ld19ib3Nzcm9vbV9ib3R0b21fZW5kY2FwX3N0YWlyMDg=
p	-570054262	QmlnUm9ja0NsZWFyaW5n
p	-1074094409	aG9sZV9jb3JyaWRvcnMwNF9hbHQz
p	247870498	U3RvbmVUb3dlclJ1aW5zMTA=
p	-178524227	U3RvbmVIb3VzZTFfaGVhdGg=
p	-722535843	UnVuZXN0b25lX1BsYWlucw==
p	1800957739	aGFsZkJ1cnJpZWRfZm9yZXN0Y3J5cHRfRW5kQ2FwMw==
p	103120399	Qm9nV2l0Y2hfQ2FtcA==
p	-1654129093	VGFyUGl0MQ==
p	1529943656	V2F5bWFya2VyMDE=
p	-43863942	aGFsZkJ1cnJpZWRfZm9yZXN0Y3J5cHRfRW5kQ2Fw
p	65613602	X0F1ZGlvTWFuYWdlcg==
p	989493286	TWlzdGxhbmRzX0hhcmJvdXIx
p	1537449447	RGV2R3JvdW5kMQ==
p	314919665	Zm9yZXN0Y3J5cHRfY2hhbWJlcl9oaWxkaXI=
p	1817083560	bW9ya2hhbGxhX2Zsb29yMDJfdGFsbA==
p	-910804114	TWlzdGxhbmRzX0d1YXJkVG93ZXIzX25ldw==
p	-1501342644	d29vZGZhcm1fZmVuY2Ux
p	1445094333	Q2hhcnJlZFRvd2VyUnVpbnMxX2R2ZXJncg==
p	1054773201	Zm9yZXN0Y3J5cHRfbmV3X0J1cmlhbGNoYW1iZXIwMw==
p	-1982153326	Y2F2ZV9uZXdfZGVlcHJvb21fYm90dG9tX2xha2U=
p	199760363	SG90U3ByaW5nMQ==
p	387274712	Q2hhcnJlZFJ1aW5zNA==
p	-1136526654	ZHZlcmdyX3Jvb20wMg==
p	1738537142	Y2F2ZV9uZXdfY3Jvc3Nyb2FkczAxX2hvbGVfdG9fZGVlcHJvb20=
p	346587337	ZHZlcmdyX2VudHJhbmNlMDI=
p	1813954434	U3RvbmVUb3dlclJ1aW5zMDc=
p	204718821	cGxhaW5zZm9ydHJlc3NfSGlsZGlyX0Zsb29yMg==
p	1890999177	c3Vua2VuY3J5cHRfbmV3X0NvcnJpZG9yMQ==
p	259975600	RG9sbWVuMDE=
p	-1184013642	bW9ya2hhbGxhX2Zsb29yMDI=
p	363850526	U2hpcFdyZWNrMDQ=
p	-773526610	Tm9ydGhNZW1vcmlhbFBsYWNl
p	425345471	UnVuZXN0b25lX1N3YW1wcw==
p	-127651466	RGV2SG91c2U1
p	1225607547	RHJhZ29ucXVlZW4=
p	1591950649	Y2F2ZV9uZXdfc2xvcGVyb29tMDI=
p	-1034026548	RGV2V2FsbDE=
p	1138437209	SGlsZGlyX2NyeXB0
p	-1760775299	aG9sZV9jb3JyaWRvcnMwMw==
p	1794609625	Y2F2ZV9uZXdfZGVlcHJvb21fcm9vZg==
p	-1175830841	ZHZlcmdyX25ld19ib3Nzcm9vbV9FTlRSQU5DRTAy
p	-1262915353	cGxhaW5zZm9ydHJlc3NfSGlsZGlyX0Zsb29yMl8x
p	805961336	Zm9yZXN0Y3J5cHRfZW50cmFuY2VfbGFyZ2U=
p	1864491067	cGxhaW5zZm9ydHJlc3NfSGlsZGlyX2VuZGNhcF9iYXJyZWQ=
p	-1613577208	Y2F2ZV9uZXdfY29ycmlkb3IwMw==
p	1778403332	RmlyZUhvbGU=
p	-178380479	U3RvbmVIb3VzZTVfaGVhdGg=
p	-1862680173	Zm9yZXN0Y3J5cHRfRW5kQ2Fw
p	1726882971	Y2F2ZV9kb21lX21pZGRsZQ==
p	2057542686	V29vZEhvdXNlNw==
p	453691676	ZHZlcmdyX3Jvb21iaWdfb3BlbjAx
p	-892039736	U3RvbmVUb3dlclJ1aW5zMDdfc3Vuaw==
p	-1654129096	VGFyUGl0Mg==
p	1817079460	bW9ya2hhbGxhX2Zsb29yMDZfdGFsbA==
p	2044546305	RmltYnVsTG9jYXRpb24wMQ==
p	1314907896	U3RvbmVIZW5nZTI=
p	888254777	aG9sZV9yb29tMDM=
p	841541824	Q2hhcnJlZFJ1aW5zMTM=
p	148267254	TGV2aWF0aGFuTGF2YQ==
p	-1539002982	Zm9yZXN0Y3J5cHRfRW5kQ2FwMl9oaWxkaXI=
p	1770802762	cGxhaW5zZm9ydHJlc3NfSGlsZGlyX0Zsb29yMQ==
p	875924473	aGFsZkJ1cnJpZWRfZm9yZXN0Y3J5cHRfQmVuZDE=
p	1268779202	Y2F2ZV9uZXdfaWNlZW5kY2FwX21vZGVyc3RvbmU=
p	1765071215	Q29tYmF0UnVpbjAx
p	539028389	c3Vua2VuY3J5cHRfbmV3X1N0YXJ0MQ==
p	-1620608290	cGxhaW5zZm9ydHJlc3NfSGlsZGlyX2VuZGNhcF9taWRkbGV3YWxsMDY=
p	1523175622	ZHZlcmdyX25ld19ib3Nzcm9vbV9ib3R0b21fZW5kY2FwX3N0YWlyMDY=
p	1890999179	c3Vua2VuY3J5cHRfbmV3X0NvcnJpZG9yMw==
p	-671340669	V29vZEhvdXNlNA==
p	90683063	Q2hhcnJlZFN0b25lX1NwYXduZXI=
p	-1924037132	Y2F2ZV9zaHJpbmVfbG9vdGVuY2FwMDU=
p	1371392583	aG9sZV9jb3JyaWRvcnMwMQ==
p	-127651471	RGV2SG91c2Uy
p	1664204766	U3dhbXBIdXQxXzE=
p	-1587608451	U3RvbmVDaXJjbGU=
p	-1737094985	Z29idmlsbF9iYXJsZXk=
p	-1371246413	Y2F2ZV9zaHJpbmVfZW5kY2FwMDQ=
p	-1296363762	Y2F2ZV9uZXdfY3Jvc3Nyb2FkczAxX2hvbGU=
p	-162293073	bWVhZG93c3ZpbGxhZ2VfaG91c2Uy
p	-1134983831	ZHZlcmdyX3Jvb21fZW5kY2FwMDM=
p	-1766300821	UnVuZXN0b25lX0RlZXBOb3J0aA==
p	-178558112	U3RvbmVIb3VzZTJfaGVhdGg=
p	379393427	Zm9yZXN0Y3J5cHRfQ2hhc20wMQ==
p	1892273636	V29vZEhvdXNlMTA=
p	1346754882	ZHZlcmdyX3N0b25lX2NvcnJpZG9yMDM=
p	-1095088232	Y2F2ZV9uZXdfY3Jvc3Nyb2FkczAxX2hvbGVfc2hyaW5l
p	352539289	cGxhaW5zZm9ydHJlc3NfSGlsZGlyX2VuZGNhcF9nb2JsaW5iYWxjb255MQ==
p	-1752740206	TWlzdGxhbmRzX1ZpYWR1Y3Qy
p	-1074094407	aG9sZV9jb3JyaWRvcnMwNF9hbHQx
p	-941994996	ZHZlcmdyX2Jvc3Nyb29tX3Jvb2ZfZW5kY2FwMDI=
p	-902823814	RG9sbWVuMDM=
p	1817073058	bW9ya2hhbGxhX2Zsb29yMDRfdGFsbA==
p	-516167990	Q3J5cHQ0
p	-1136932706	Y2F2ZV9uZXdfc2xvcGVyb29tMDE=
p	415826293	Zm9yZXN0Y3J5cHRfQmVuZDI=
p	1163730614	c3Vua2VuY3J5cHRfbmV3X1Jvb20x
p	156704025	U3RvbmVUb3dlclJ1aW5zMDVfbGVldA==
p	-127651472	RGV2SG91c2Uz
p	-158205014	Y2F2ZV9uZXdfZGVlcHJvb21fdG9w
p	1330727386	Y2F2ZV9zaHJpbmVfc3RhcnQwMl9pY2U=
p	1523175623	ZHZlcmdyX25ld19ib3Nzcm9vbV9ib3R0b21fZW5kY2FwX3N0YWlyMDU=
p	1314907895	U3RvbmVIZW5nZTU=
p	1402536496	Rm9ydHJlc3NSdWluczIz
p	809757623	Rm9ydHJlc3NSdWlucw==
p	735414311	TWlzdGxhbmRzX1N3b3JkczE=
p	-857880265	ZHZlcmdyX3N0b25lX2VuZGNhcDAx
p	1054773198	Zm9yZXN0Y3J5cHRfbmV3X0J1cmlhbGNoYW1iZXIwNA==
p	1558139660	ZHZlcmdyX2Jvc3Nyb29tX21pZGRsZV9lbmRjYXAwMQ==
p	1346754884	ZHZlcmdyX3N0b25lX2NvcnJpZG9yMDE=
p	1298027799	V29vZEhvdXNlOA==
p	-332315152	Y2F2ZV9zaHJpbmVfcm9vbTAx
p	-1666199880	cGxhaW5zZm9ydHJlc3NfSGlsZGlyX0Zsb29yMl80
p	1923338208	Y2F2ZV9kb21lX3Jvb2ZfZnJvbV9kZWVwcm9vbV9jb3JuZXIz
p	1777346363	d29vZGZhcm1fdG93ZXI=
p	-1613577215	Y2F2ZV9uZXdfY29ycmlkb3IwOA==
p	-1924037135	Y2F2ZV9zaHJpbmVfbG9vdGVuY2FwMDY=
p	-1729417137	bWVhZG93c3ZpbGxhZ2VfbG9uZ2hvdXNl
p	536749119	TWlzdGxhbmRzX1N0YXR1ZTE=
p	-1742266752	ZHZlcmdyX3Jvb21iaWdfdG9TdG9uZTAx
p	-244797673	U3RvbmVIb3VzZTQ=
p	99569458	ZHZlcmdyX3Jvb21iaWdfc2lkZTAy
p	-139703702	ZHZlcmdyX2NvcnJpZG9yMDE=
p	-1620608289	cGxhaW5zZm9ydHJlc3NfSGlsZGlyX2VuZGNhcF9taWRkbGV3YWxsMDE=
p	1648110875	Q2hhcnJlZFJ1aW5zMjU=
p	124320648	ZHZlcmdyX3Jvb21fVFJFQVNVUkU=
p	-1613577214	Y2F2ZV9uZXdfY29ycmlkb3IwOQ==
p	-1074094414	aG9sZV9jb3JyaWRvcnMwNF9hbHQ2
p	1523175624	ZHZlcmdyX25ld19ib3Nzcm9vbV9ib3R0b21fZW5kY2FwX3N0YWlyMDQ=
p	663260127	RG9sbWVuMDI=
p	-1688040307	Rm9ydHJlc3NSdWluc19uZXcwMQ==
p	1558139663	ZHZlcmdyX2Jvc3Nyb29tX21pZGRsZV9lbmRjYXAwMg==
p	1757998806	TW9yZ2VuSG9sZTI=
p	1430880748	UnVuZXN0b25lX01vdW50YWlucw==
p	611877696	aG9sZV9jb3JyaWRvcnMwNA==
p	1892273638	V29vZEhvdXNlMTI=
p	-1882695538	bWVhZG93c3ZpbGxhZ2VfdG93ZXI=
p	1937790547	Vm9sdHVyZU5lc3Q=
p	-1652154393	Q2hhcnJlZEZvcnRyZXNz
p	1737787545	Y2F2ZV9zaHJpbmVfY29ycmlkb3IwMw==
p	-78815881	U3dhbXBXZWxsMQ==
p	574988131	Y2F2ZV9zaHJpbmVfY29ycmlkb3IwMQ==
p	-1773849998	bWVhZG93c3ZpbGxhZ2Vfc3Rha2V3YWxsMw==
p	996833839	aGFsZkJ1cnJpZWRfZm9yZXN0Y3J5cHRfcm9vbTE=
p	-2145551279	ZHZlcmdyX3Jvb21iaWdfdG9TdG9uZTAy
p	-1494136189	RGV2SG91c2VTdGFydA==
p	1001406582	Y2F2ZV9zaHJpbmVfZW5kY2FwMDM=
p	488873120	d29vZGZhcm1feWFyZA==
p	-1567977830	RHJha2VOZXN0MDE=
p	1813954432	U3RvbmVUb3dlclJ1aW5zMDk=
p	272287199	bm9ydGh2aWxsYWdlX3dvb2RwaWxl
p	-293637848	QWJhbmRvbmVkTG9nQ2FiaW4wMw==
p	976143149	TWlzdGxhbmRzX1ZpYWR1Y3Qx
p	-1951029399	VGhlRGFya2VzdEhvbGU=
p	1010361755	ZHZlcmdyX3N0b25lX3N0YWlyMDE=
p	782764529	ZHZlcmdyX3N0YWlyMDM=
p	1807495174	ZHZlcmdyX3N0b25lX29wZW4wMQ==
p	27815583	ZHZlcmdyX3Jvb21fZW5kY2FwMDE=
p	-1898399093	Y2F2ZV9zaHJpbmVfcm9vbTAy
p	603044890	SG90U3ByaW5nMg==
p	-408213426	QW5jaWVudFVwZ3JhZGVTdGF0aW9u
p	1955411972	Y2F2ZV9uZXdfZW5kY2FwX3BhaW50aW5nMDM=
p	-1620608291	cGxhaW5zZm9ydHJlc3NfSGlsZGlyX2VuZGNhcF9taWRkbGV3YWxsMDc=
p	-1184013646	bW9ya2hhbGxhX2Zsb29yMDY=
p	2028413957	Zm9yZXN0Y3J5cHRfU3RhaXJzMQ==
p	127233632	Y2F2ZV9uZXdfZGVlcHJvb21fZW5kY2Fw
p	-1750610697	Y2F2ZV9zaHJpbmVfY29ycmlkb3IwNQ==
p	-554042402	Y2F2ZV9uZXdfaWNlY29ycmlkb3IwNg==
p	304861589	SW5mZXN0ZWRUcmVlMDE=
p	-194691358	aG9sZV9jb3JyaWRvcnMwMg==
p	-1184013641	bW9ya2hhbGxhX2Zsb29yMDM=
p	701315850	bm9ydGh2aWxsYWdlX3R1cm5pcGZpZWxk
p	-71119047	V29vZFZpbGxhZ2Uy
p	-1871976348	TWlzdGxhbmRzX0V4Y2F2YXRpb24y
p	735414308	TWlzdGxhbmRzX1N3b3JkczI=
p	-567858553	Y2F2ZV9zaHJpbmVfZW5kY2Fw
p	-1896447593	Y2F2ZV9uZXdfc2xvcGVyb29tMDQ=
p	1892273635	V29vZEhvdXNlMTE=
p	368432415	cGxhaW5zZm9ydHJlc3NfSGlsZGlyX2VuZGNhcF9ob2xlNA==
p	-240612339	Y2F2ZV9uZXdfaWNlZW5kY2FwMDI=
p	387274707	Q2hhcnJlZFJ1aW5zMw==
p	-276426233	Y2F2ZV9zaHJpbmVfc3RhcnQwMl9jb3JyaWRvcg==
p	703031491	aGFsZkJ1cnJpZWRfZm9yZXN0Y3J5cHRfQ29ycmlkb3Iy
p	735414309	TWlzdGxhbmRzX1N3b3JkczM=
p	2031012810	bW9ya2hhbGxhX2VudHJhbmNlMDI=
p	2033007269	U3dhbXBSdWluMQ==
p	2033092268	VGhlSG9sZTAx
p	1523175619	ZHZlcmdyX25ld19ib3Nzcm9vbV9ib3R0b21fZW5kY2FwX3N0YWlyMDE=
p	-547648914	UnVuZXN0b25lX01lYWRvd3M=
p	-1613577210	Y2F2ZV9uZXdfY29ycmlkb3IwNQ==
p	-161402027	ZHZlcmdyX3Jvb21fb3BlbjAy
p	123272665	bm9ydGh2aWxsYWdlX2hvdXNlMQ==
p	-316013218	Y2F2ZV9uZXdfaWNlZW5kY2FwX3BhaW50aW5nMDQ=
p	1906539132	bWVhZG93c3ZpbGxhZ2VfdG93ZXJydWlu
p	-1738839541	ZHZlcmdyX3N0b25lX3Jvb20wMw==
p	1023907	Y2F2ZV9kb21lX3Jvb2ZfZnJvbV9kZWVwcm9vbV9jb3JuZXI0
p	639013957	aG9sZV9lbmRjYXA1
p	-1136526656	ZHZlcmdyX3Jvb20wNA==
p	1754328051	Y2F2ZV9uZXdfY3Jvc3Nyb2FkczAz
p	-1538757767	Zm9yZXN0Y3J5cHRfRW5kQ2FwM19oaWxkaXI=
p	1573202048	aG9sZV9jb3JyaWRvcnMwMl9hbHQy
p	-321201507	c3Vua2VuY3J5cHRfbmV3X0VuZGNhcFdhdGVyMQ==
p	-1074625196	V29vZEhvdXNlMQ==
p	-119798395	VmVuZG9yX0JsYWNrRm9yZXN0
p	88174218	V29vZEhvdXNlMw==
p	-1710296222	Q2hhcnJlZFJ1aW5zX25ldzAx
p	-1825328531	TW91bnRhaW5HcmF2ZTAx
p	1001397387	ZHZlcmdyX3Jvb21fb3BlbjA0
p	1090219891	Zm9yZXN0Y3J5cHRfbmV3X0J1cmlhbENoYW1iZXIwMQ==
p	30831021	Y2F2ZV9kaXZpZGVyMDI=
p	768429125	UnVpbjE=
p	1869252529	cGxhaW5zZm9ydHJlc3NfSGlsZGlyX0Zsb29yMl8z
p	1221023754	SGlsZGlyX2NhbXA=
p	894743272	V29vZEhvdXNlNQ==
p	1054773199	Zm9yZXN0Y3J5cHRfbmV3X0J1cmlhbGNoYW1iZXIwNQ==
p	-941994997	ZHZlcmdyX2Jvc3Nyb29tX3Jvb2ZfZW5kY2FwMDM=
p	1828406738	R0RLaW5n
p	768429123	UnVpbjM=
p	1107152229	VGFyUGl0MV8x
p	1705714113	U2hpcFNldHRpbmcwMQ==
p	1817072035	bW9ya2hhbGxhX2Zsb29yMDVfdGFsbA==
p	-221799126	R29ibGluS2luZw==
p	772820342	ZHZlcmdyX3Jvb21fVFJFQVNVUkUy
p	-564677359	Y2F2ZV9zaHJpbmVfZW5kY2FwMDI=
p	-1620608292	cGxhaW5zZm9ydHJlc3NfSGlsZGlyX2VuZGNhcF9taWRkbGV3YWxsMDQ=
p	-1351720588	Zm9yZXN0Y3J5cHRfcm9vbTE=
p	-1330354511	aG9sZV9lbmRjYXA5
p	99569457	ZHZlcmdyX3Jvb21iaWdfc2lkZTAx
p	-910811537	TWlzdGxhbmRzX0d1YXJkVG93ZXIyX25ldw==
p	-2071710182	cGxhaW5zZm9ydHJlc3NfSGlsZGlyX2VuZGNhcF9iYWxjb255MQ==
p	363850528	U2hpcFdyZWNrMDI=
p	1800957740	aGFsZkJ1cnJpZWRfZm9yZXN0Y3J5cHRfRW5kQ2FwMg==
p	888254776	aG9sZV9yb29tMDI=
p	578295874	Q2hhcnJlZFRvd2VyUnVpbnMz
p	-695876086	U3dhbXBSdWluMg==
p	1754328049	Y2F2ZV9uZXdfY3Jvc3Nyb2FkczAx
p	703031494	aGFsZkJ1cnJpZWRfZm9yZXN0Y3J5cHRfQ29ycmlkb3Ix
p	235729430	aG9sZV9lbmRjYXA4
p	-859630826	cGxhaW5zZm9ydHJlc3NfSGlsZGlyX0Zsb29yMl8y
p	-116752721	Y2F2ZV9uZXdfc2xvcGVfZW5kY2FwMDE=
p	1510806305	aG9sZV9kaXZpZGVyMQ==
p	-547496808	Q2hhcnJlZFJ1aW5zX25ldzAz
p	1813954436	U3RvbmVUb3dlclJ1aW5zMDU=
p	1552127445	Y2F2ZV9uZXdfZW5kY2FwX3BhaW50aW5nMDQ=
p	1155776604	Y2F2ZV9uZXdfZGVlcHJvb21fYm90dG9t
p	-316013219	Y2F2ZV9uZXdfaWNlZW5kY2FwX3BhaW50aW5nMDM=
p	-1074094412	aG9sZV9jb3JyaWRvcnMwNF9hbHQ0
p	-1803205304	cGxhaW5zZm9ydHJlc3NfSGlsZGlyX2VuZGNhcF93aW5kb3dfaG9sZQ==
p	-724542117	Q2hhcnJlZFJ1aW5zMTI=
p	404361800	R29ibGluSHV0MDI=
p	493838985	cGxhaW5zZm9ydHJlc3NfSGlsZGlyX2VuZGNhcF9iYWxjb255
p	2008441511	ZHZlcmdyX2RpdmlkZXIwMQ==
p	-1822437427	U3RvbmVUb3dlcjE=
p	1801813371	aG9sZV9lbmRjYXA3
p	230239666	d29vZGZhcm1faGVucGVu
p	1813954438	U3RvbmVUb3dlclJ1aW5zMDM=
p	-1367429271	Z29idmlsbF9wbGF0Zm9ybQ==
p	834775508	RGV2Rm9yZ2U=
p	-1313557289	Y2F2ZV9uZXdfaWNlY29ycmlkb3IwMQ==
p	-1195663038	Y2F2ZV9uZXdfZW5kY2FwMDI=
p	1464012037	bWVhZG93c3ZpbGxhZ2VfZ3JlYXRoYWxscnVpbg==
p	-892046258	U3RvbmVUb3dlclJ1aW5zMDlfc3Vuaw==
p	1314907894	U3RvbmVIZW5nZTQ=
p	875924476	aGFsZkJ1cnJpZWRfZm9yZXN0Y3J5cHRfQmVuZDI=
p	1980538654	SGlsZGlyX2NhdmU=
p	404361799	R29ibGluSHV0MDM=
p	1510093718	TW91bnRhaW5DYXZlMDI=
p	703031492	aGFsZkJ1cnJpZWRfZm9yZXN0Y3J5cHRfQ29ycmlkb3Iz
p	-1738839539	ZHZlcmdyX3N0b25lX3Jvb20wMQ==
p	1179962096	RGV2U291bmRUZXN0
p	-858842359	Y2F2ZV9uZXdfY3Jvc3Nyb2FkczAxX2ljZQ==
p	1438392230	UnVuZXN0b25lX0FzaGxhbmRz
p	-1123726371	ZHZlcmdyX2RpdmlkZXIwMw==
p	-1093605594	TWlzdGxhbmRzX0d1YXJkVG93ZXIxX3J1aW5lZF9uZXcy
p	369738349	aG9sZV9jb3JyaWRvcnMwMV9hbHQ0
p	-316818231	RWlrdGh5cm5pcg==
p	-275174083	ZHZlcmdyX3Jvb21iaWdfd2luZG93czAx
p	-179486834	ZHZlcmdyX3Jvb21iaWdfZW5kY2FwMDI=
p	-391082472	cGxhaW5zZm9ydHJlc3NfSGlsZGlyX2VuZGNhcF9ob2xlMw==
p	-1620608280	cGxhaW5zZm9ydHJlc3NfSGlsZGlyX2VuZGNhcF9taWRkbGV3YWxsMDg=
p	1825156187	Q2hhcnJlZFJ1aW5zX25ldzA0
p	-958080593	cGxhaW5zZm9ydHJlc3NfSGlsZGlyX0Zsb29yMA==
p	1346754881	ZHZlcmdyX3N0b25lX2NvcnJpZG9yMDI=
p	796957137	Y2F2ZV9zaHJpbmVfaG9sZTAx
p	-195235157	Y2F2ZV9zaHJpbmVfc2hyaW5lMDNfSElMRElS
p	-857880263	ZHZlcmdyX3N0b25lX2VuZGNhcDAz
p	-1315950378	RE5fZ2FtbWVsdHJvbGxGcmFjMDE=
p	82026934	Q2hhcnJlZFJ1aW5zMjQ=
p	586693175	TWlzdGxhbmRzX0R2ZXJnclRvd25FbnRyYW5jZTE=
p	1006719734	RGV2Q29tYmF0UmFuZ2U=
p	1079444059	UnVuZXN0b25lX0RyYXVncg==
p	-380034885	ZHZlcmdyX3N0YWlyMDE=
p	1321415847	VmFsa3lyaWU=
p	-1924037131	Y2F2ZV9zaHJpbmVfbG9vdGVuY2FwMDI=
p	-2089869398	aG9sZV9lbmRjYXA0
p	-641481528	cGxhaW5zZm9ydHJlc3NfSGlsZGlyX2VuZGNhcF9iYWxjb255X3dhbGw=
p	-127651465	RGV2SG91c2U0
p	-792040487	Z29idmlsbF9jYW1wZmlyZQ==
p	-127651470	RGV2SG91c2Ux
p	1890999174	c3Vua2VuY3J5cHRfbmV3X0NvcnJpZG9yNA==
p	1375361860	c3Vua2VuY3J5cHRfbmV3X0VuZGNhcDM=
p	-1074094411	aG9sZV9jb3JyaWRvcnMwNF9hbHQ1
p	-763092713	UnVuZXN0b25lX01pc3RsYW5kcw==
p	1618721293	TWlzdGxhbmRzX1JvY2tTcGlyZTE=
p	317620644	RGV2TWFnZVJvb20=
p	1813954431	U3RvbmVUb3dlclJ1aW5zMDg=
p	-1484057004	Q2hhcnJlZFJ1aW5zMTc=
p	2141072072	Y2F2ZV9zaHJpbmVfY29ycmlkb3IwNg==
p	-2063873878	cGxhaW5zZm9ydHJlc3NfSGlsZGlyX2VuZGNhcF9nb2JsaW5iYWxjb255
p	-1754633654	Y2F2ZV9uZXdfZGVlcHJvb21fYm90dG9tX3NocmluZQ==
p	-1457840136	RnJvemVuU2hpcDAxX0RO
p	-1924037128	Y2F2ZV9zaHJpbmVfbG9vdGVuY2FwMDE=
p	387274701	Q2hhcnJlZFJ1aW5zOQ==
p	-2054361412	UGxhY2VvZk15c3Rlcnkx
p	186494	QXNobGFuZFJ1aW5z
p	1314907892	U3RvbmVIZW5nZTY=
p	-1430855556	V29vZEhvdXNlOQ==
p	491458745	V29vZEhvdXNlNg==
p	-857880264	ZHZlcmdyX3N0b25lX2VuZGNhcDAy
p	-1859090763	ZHZlcmdyX3Jvb21iaWdfY29ybmVyMDE=
p	1175001469	cGxhaW5zZm9ydHJlc3NfSGlsZGlyX2VuZGNhcF9ob2xlMg==
p	621441825	Zm9yZXN0Y3J5cHRfcm9vbV8xNg==
p	-805545147	Y2F2ZV9kb21lX3Jvb2ZfZnJvbV9kZWVwcm9vbV9jb3JuZXIy
p	1720511354	d29vZGZhcm1fZmFybWhvdXNlMg==
p	1523175617	ZHZlcmdyX25ld19ib3Nzcm9vbV9ib3R0b21fZW5kY2FwX3N0YWlyMDM=
p	1012041539	Y2F2ZV9uZXdfaWNlY29ycmlkb3IwNQ==
p	387274709	Q2hhcnJlZFJ1aW5zMQ==
p	1163730612	c3Vua2VuY3J5cHRfbmV3X1Jvb20z
p	832435762	Y2F2ZV9uZXdfc2xvcGVyb29tMDU=
p	-963039051	SG90U3ByaW5nMw==
p	1404681914	ZHZlcmdyX3Jvb21fb3BlbjAx
p	1529943655	V2F5bWFya2VyMDI=
p	-1074094410	aG9sZV9jb3JyaWRvcnMwNF9hbHQy
p	453691673	ZHZlcmdyX3Jvb21iaWdfb3BlbjAy
p	1558543418	TWlzdGxhbmRzX0R2ZXJnckJvc3NFbnRyYW5jZTE=
p	-654542170	Y2F2ZV9uZXdfZGVlcHJvb21fbWlkZGxl
p	1573202049	aG9sZV9jb3JyaWRvcnMwMl9hbHQz
p	363850531	U2hpcFdyZWNrMDE=
p	536749122	TWlzdGxhbmRzX1N0YXR1ZTI=
p	-771371083	RGV2S2l0Y2hlbg==
p	-1613577213	Y2F2ZV9uZXdfY29ycmlkb3IwNg==
p	1720511355	d29vZGZhcm1fZmFybWhvdXNlMw==
p	1558139662	ZHZlcmdyX2Jvc3Nyb29tX21pZGRsZV9lbmRjYXAwMw==
p	990364459	Y2F2ZV9uZXdfZW5kY2FwMDJfY3J5c3RhbA==
p	-1685710397	RGV2V2FsbEFzaA==
p	-869920308	ZHZlcmdyX2Jvc3Nyb29tX3RvcF9lbmRjYXAwMw==
p	-1594270500	Z29idmlsbF9odXQwMw==
p	654341907	Tm9ydGhWaWxsYWdl
p	1163730613	c3Vua2VuY3J5cHRfbmV3X1Jvb20y
p	950643877	TWlzdGxhbmRzX1JvYWRQb3N0MQ==
p	586693176	TWlzdGxhbmRzX0R2ZXJnclRvd25FbnRyYW5jZTI=
p	662597300	U2hpcFdyZWNrMDFfRE4=
p	1259281995	Z29idmlsbF90ZW50MDI=
p	-1186629713	SWNlUG9uZDE=
p	-1524484548	RHJha2VMb3Jlc3RvbmU=
p	-2120126343	Y2F2ZV9uZXdfaWNlY29ycmlkb3IwNw==
p	792612558	Y2F2ZV9uZXdfZW5kY2FwX3BhaW50aW5nMDE=
p	1375361862	c3Vua2VuY3J5cHRfbmV3X0VuZGNhcDE=
p	-2133409323	U3dhbXBIdXQ0
p	580230550	Y2F2ZV9uZXdfaWNlZW5kY2FwMDJfY3J5c3RhbA==
p	389328031	Y2F2ZV9uZXdfZW5kY2FwX3BhaW50aW5nMDI=
p	404361797	R29ibGluSHV0MDE=
p	-1620608287	cGxhaW5zZm9ydHJlc3NfSGlsZGlyX2VuZGNhcF9taWRkbGV3YWxsMDM=
p	-2133409328	U3dhbXBIdXQz
p	-426467404	TW91bnRhaW5XZWxsMQ==
p	921283446	Y2F2ZV9uZXdfY3Jvc3Nyb2FkczAxX2hvbGVfaWNl
p	-1874030560	c3Vua2VuY3J5cHRfbmV3X1N0YWlyMQ==
p	415826292	Zm9yZXN0Y3J5cHRfQmVuZDE=
p	346587338	ZHZlcmdyX2VudHJhbmNlMDE=
p	1817076135	bW9ya2hhbGxhX2Zsb29yMDFfdGFsbA==
p	-1341573314	X0dyYXBoaWNzU2V0dGluZ3NNYW5hZ2Vy
p	-959863594	R3JhdmUx
p	-1032159532	d29vZGZhcm1fb3V0aG91c2U=
p	-1946118826	ZHZlcmdyX3N0YWlyMDI=
p	-815816461	d29vZGZhcm1fc2lnbnBvc3Q=
p	-423943711	QmVhckNhdmU=
p	-1923225006	Y2F2ZV9zaHJpbmVfc2hyaW5lMDM=
p	-563978555	Z29idmlsbF9yZWZ1c2VwaXQ=
p	-1530541893	bm9ydGh2aWxsYWdlX3Rvd2Vy
p	-335446674	RnJvemVuU2hpcDAzX0RO
p	-146537656	Qm9uZW1hc3M=
p	1890999180	c3Vua2VuY3J5cHRfbmV3X0NvcnJpZG9yMg==
p	-1005395730	Y2F2ZV9kb21lX3Jvb2Y=
p	1107152196	VGFyUGl0Ml8x
p	-1738839534	ZHZlcmdyX3N0b25lX3Jvb20wNA==
p	-1136526653	ZHZlcmdyX3Jvb20wMw==
p	-1477909723	V29vZEhvdXNlMg==
p	1432643682	UnVuZXN0b25lX0dyZXlkd2FyZnM=
p	1042298484	aG9sZV9lbmRjYXAy
p	-1654129095	VGFyUGl0Mw==
p	-1422255777	ZHZlcmdyX3N0b25lX3R1cm4wMQ==
p	1134164920	RGV2R3JvdW5kMg==
p	441519708	SGlsZGlyX3BsYWluc2ZvcnRyZXNz
p	-162293074	bWVhZG93c3ZpbGxhZ2VfaG91c2Ux
p	554255140	cGxhaW5zZm9ydHJlc3NfSGlsZGlyX2VuZGNhcF93YWxsMQ==
p	1513484042	cGxhaW5zZm9ydHJlc3NfSGlsZGlyX2VuZGNhcF93aW5kb3dfYmFycmVk
p	49729222	TWlzdGxhbmRzX0xpZ2h0aG91c2UxX25ldw==
p	292879106	ZHZlcmdyX2Jvc3Nyb29tX3RvcF9lbmRjYXAwMQ==
p	1593899524	ZHZlcmdyX3Jvb21fZW5kY2FwMDI=
p	-1136526651	ZHZlcmdyX3Jvb20wMQ==
p	1244826351	Q2hhcnJlZFJ1aW5zMTY=
p	-892045297	U3RvbmVUb3dlclJ1aW5zMDhfc3Vuaw==
p	-1309228862	U3Vua2VuQ3J5cHQ0
p	1648110878	Q2hhcnJlZFJ1aW5zMTU=
p	-1887285448	c3Vua2VuY3J5cHRfbmV3X0VuZGNhcFdhdGVyMg==
p	760538794	Y2F2ZV9kb21lX3Jvb2ZfZnJvbV9kZWVwcm9vbV9jb3JuZXIx
p	-1871976349	TWlzdGxhbmRzX0V4Y2F2YXRpb24z
p	1112704970	Z29idmlsbF9ndWFyZHRvd2Vy
p	-2054361411	UGxhY2VvZk15c3Rlcnky
p	1757998807	TW9yZ2VuSG9sZTE=
p	-2071030337	RGV2Q29tYmF0UmluZw==
p	1892273637	V29vZEhvdXNlMTM=
p	-1933450767	UnVuZXN0b25lX0JvYXJz
p	-987788067	Q2hhcnJlZFRvd2VyUnVpbnMy
p	1049915951	Q3J5cHQz
p	841541821	Q2hhcnJlZFJ1aW5zMjM=
p	-1613577212	Y2F2ZV9uZXdfY29ycmlkb3IwNw==
p	-1295958754	Z29idmlsbF9ndWFyZHBsYXRmb3Jt
p	-2133409329	U3dhbXBIdXQy
p	-1184013648	bW9ya2hhbGxhX2Zsb29yMDQ=
p	662597201	U2hpcFdyZWNrMDJfRE4=
p	171703604	Y2F2ZV9zaHJpbmVfY29ycmlkb3IwMg==
p	-1193559254	Zm9yZXN0Y3J5cHRfQ29ycmlkb3Iy
p	-587811283	Y2F2ZV9zaHJpbmVfY29ycmlkb3IwNw==
p	1573202051	aG9sZV9jb3JyaWRvcnMwMl9hbHQx
p	25866708	Y2F2ZV9uZXdfc2xvcGVyb29tMDM=
p	1664204605	U3dhbXBIdXQyXzE=
p	123272666	bm9ydGh2aWxsYWdlX2hvdXNlMg==
p	-1358859355	ZHZlcmdyX3Jvb21fZmVuY2UwMQ==
p	-1924037133	Y2F2ZV9zaHJpbmVfbG9vdGVuY2FwMDQ=
p	1189367276	Y2F2ZV9uZXdfZGVlcHJvb21fYm90dG9tX2ljZQ==
p	1090219888	Zm9yZXN0Y3J5cHRfbmV3X0J1cmlhbENoYW1iZXIwMg==
p	-1620608293	cGxhaW5zZm9ydHJlc3NfSGlsZGlyX2VuZGNhcF9taWRkbGV3YWxsMDU=
p	-59115699	Y2F2ZV9uZXdfZW5kY2FwX21vZGVyc3RvbmU=
p	-1193559253	Zm9yZXN0Y3J5cHRfQ29ycmlkb3Ix
p	413949805	Y2F2ZV9uZXdfY3Jvc3Nyb2FkczAxX2hvbGVfbG9uZw==
p	151759245	bWVhZG93c3ZpbGxhZ2VfZ3JlYXRoYWxs
p	-316013220	Y2F2ZV9uZXdfaWNlZW5kY2FwX3BhaW50aW5nMDI=
p	-577086027	bm9ydGh2aWxsYWdlX3N0YWJsZQ==
p	333264569	RE5faHV0MDE=
p	-293637847	QWJhbmRvbmVkTG9nQ2FiaW4wMg==
p	1975248174	ZHZlcmdyX3Jvb21iaWdfY29ycmlkb3IwMQ==
p	-1501342643	d29vZGZhcm1fZmVuY2Uy
p	531878824	aG9sZV9jb3JyaWRvcnMwM19hbHQx
p	-150757875	Y2F2ZV9uZXdfaWNlY29ycmlkb3IwMw==
p	568268372	R3JleWR3YXJmX2NhbXAx
p	1813954435	U3RvbmVUb3dlclJ1aW5zMDQ=
p	-1243308318	Y2F2ZV9zaHJpbmVfc3RhcnQwMg==
p	-194284173	RnJvemVuU2hpcDAyX0RO
p	-1933697660	cGxhaW5zZm9ydHJlc3NfSGlsZGlyX0VuZGNhcA==
p	-421428790	TWlzdGxhbmRzX1N0YXR1ZUdyb3VwMQ==
p	-1219381620	RGV2Rmxvb3Ix
p	-670698365	cGxhaW5zZm9ydHJlc3NfSGlsZGlyX2VuZGNhcF9ob2xl
p	1375361859	c3Vua2VuY3J5cHRfbmV3X0VuZGNhcDI=
p	768429122	UnVpbjI=
p	1573202046	aG9sZV9jb3JyaWRvcnMwMl9hbHQ0
p	-314259521	RGV2RHJlc3NpbmdSb29t
p	-1822437429	U3RvbmVUb3dlcjM=
p	1523175621	ZHZlcmdyX25ld19ib3Nzcm9vbV9ib3R0b21fZW5kY2FwX3N0YWlyMDc=
p	-1063303661	Z29idmlsbF93b29kd2FsbA==
p	-1924037130	Y2F2ZV9zaHJpbmVfbG9vdGVuY2FwMDM=
p	1018587133	Q2hhcnJlZFJ1aW5zX25ldzAy
p	1415326066	Y2F2ZV9uZXdfaWNlY29ycmlkb3IwMg==
p	-1901040178	UnVuZXN0b25lX0JsYWNrRm9yZXN0
p	-316013221	Y2F2ZV9uZXdfaWNlZW5kY2FwX3BhaW50aW5nMDE=
p	-188884453	cGxhaW5zZm9ydHJlc3NfSGlsZGlyX1N0YXJ0
p	1856986177	Z29idmlsbF9zdGFrZXM=
p	464928869	bW9ya2hhbGxhX2VudHJhbmNlMDE=
p	-1241737930	TWlzdGxhbmRzX0d1YXJkVG93ZXIzX3J1aW5lZF9uZXc=
p	475248711	c2Z4X3JvY2tfd2FsbF9jcnVtYmxl
p	1137816861	c2Z4X3NrdWxsX3N1bW1vbl9za2VsZXRvbg==
p	-1491850819	aGlsZGlyX2RpdmFu
p	1067466478	dmZ4X011ZERlc3Ryb3llZA==
p	-767279731	R3JleWR3YXJmX1NoYW1hbl9Gcm96ZW4=
p	420252181	TW9yZ2VuX2JpdGU=
p	-1325771079	ZHZlcmdydG93bl93YWxsX2xhcmdl
p	1200584434	cGllY2VfcG90Ml9yZWQ=
p	1806692265	QXNobGFuZHNfUGlsbGFyNF90aXAyX2Jyb2tlbjI=
p	-386865770	ZHZlcmdydG93bl93b29kX3dhbGwwMw==
p	1603972391	QmVhcmQz
p	-1859610117	SG9sZVJvY2tfc21hbGwxX2hvbGU=
p	381144752	TW9ya2hhbGxhX1J1Z19jb3JuZXI=
p	-361803535	RGVhdGhzcXVpdG9fc3Rpbmc=
p	1489900578	VHJvcGh5SGF0Y2hsaW5n
p	386496655	VHJvcGh5Vm9sdHVyZQ==
p	1873135407	ZnhfZm9vdHN0ZXBfd2F0ZXI=
p	-2077097555	VXBncmFkZXJHbG93
p	452860339	U2Vla2VyQXNwaWM=
p	1382552279	QWJvbWluYXRpb25fYXR0YWNrMw==
p	262437294	U2xlZGdlR29sZA==
p	-1390589197	c2FwbGluZ19zZWVkb25pb24=
p	149607269	ZnhfRHZlcmdlck1hZ2VfTWlzdGlsZV9kaWU=
p	-31174821	c2Z4X21vbGVtYW5fc3Bhd24=
p	-362133735	aW5zdGFuY2VkX3Zhc3M=
p	-27549795	SGFpcjM4
p	453501824	c25vd19kZWNyZWFzZV9maXJlcGl0X3BsYWNlZF9sYXJnZQ==
p	-138843163	c2Z4X2Vpa3RoeXJfZGVhdGg=
p	-2092967389	QXJtb3JUdW5pYzk=
p	139721795	YXNwZWN0X1NlZWtlclF1ZWVuX1NwaXQ=
p	562307233	SGF0ZWZ1bEJsb29k
p	1421903471	Qm9tYkJsb2JfUG9pc29uRWxpdGU=
p	1086573447	ZnhfQWJvbWluYXRpb25fYXR0YWNrX2hpdA==
p	-272788038	c2Z4X2dyZXlkd2FyZl9lbGl0ZV9pZGxl
p	-227508653	c2Z4X2ZlbnJpbmdfanVtcF90cmlnZ2Vy
p	950444395	VHJvcGh5QWJvbWluYXRpb24=
p	-1822460498	T2FrX2xvZw==
p	-614152213	dmZ4X01lYWRTdHJlbmd0aA==
p	1159076519	c2llZ2Vfd2FsbF8xeDE=
p	-1661429993	Y2xpZmZfYXNobGFuZHM4
p	1314778849	dmZ4X1RhcmVk
p	763516691	ZnhfZ3VhcmRzdG9uZV9wZXJtaXR0ZWRfcmVtb3ZlZA==
p	252022804	SGVsbWV0SGF0NA==
p	1023263269	Qm9tYkR5bmFtaXRl
p	-695630227	aGl2ZV90aHJvd19wcm9qZWN0aWxl
p	-2056072157	dmZ4X2J1c2hfbGVhZl9wdWZmX2hlYXRo
p	1495818231	c2NhbGVfd2FsbF9yb29mXzY3X3Vwc2lkZWRvd24=
p	-1958435744	QmVhcmQxMw==
p	330985101	U3R1bXBIb2xlX2Rlc3Ryb3llZA==
p	1472190155	VmVndmlzaXJfcGxhY2VvZm15c3Rlcnk=
p	-2092967402	QXJtb3JUdW5pYzY=
p	-398275568	c2Z4X2NoYXJyZWRfaWRsZQ==
p	1439802225	R1VJVG9nZ2xl
p	1707947207	cm9jazRfZm9yZXN0
p	-9823443	c2Z4X2F0Z2Vpcl9hdHRhY2s=
p	-417136115	U2hpZWxkQmxhY2ttZXRhbA==
p	1352094273	QnVzaDAxX2RlZXBub3J0aA==
p	62185132	TWVudVJvY2s=
p	1586116462	U3dvcmRDaGVhdA==
p	-724166941	cHJvcF9pdGVtc3RhbmRfVHJvcGh5U2Vla2VyQnJ1dGU=
p	1669772722	TW9vc2VfY2FsZg==
p	-60565395	dmZ4X1Ryb2xsRnJvc3RfRGVhdGg=
p	-1948581159	U3Bhd25lcl9Ta2VsZXRvbl9wb2lzb24=
p	690128868	QmxhY2tJY2VfQ29yZV9jb21iaW5lZA==
p	652684911	TXVzaWNfRE5fVmlsbGFnZQ==
p	1313462557	c2Z4X3dvb3NoX3NjeXRoZQ==
p	227256914	c2Z4X2NhcnRfaGl0
p	1296268178	U3Vua2VuS2l0X2ludF9mbG9vcl80eDQ=
p	2119395747	c2Z4X2dqYWxsX3NwaXQ=
p	-1198452644	QXNrc3Zpbl9CaXRl
p	-22020559	SGFpcjMxXzI=
p	-1245172204	c2Z4X2dyZXlkd2FyZl9lbGl0ZV9hdHRhY2s=
p	-2108401664	YXNod29vZF9hcmNoX3RvcA==
p	647021439	TWVhZEZyb3N0UmVzaXN0
p	-215580535	T2JzaWRpYW4=
p	-2144306477	cGllY2VfZHZlcmdyX3N0YWtlX3dhbGw=
p	-1495273795	TW9ya2hhbGxhX2JyaWRnZTAy
p	-1961898040	TXVzaHJvb20=
p	1969967132	c2Z4X3JlbG9hZF9kb25l
p	-717547805	TWVhZFN0YW1pbmFMaW5nZXJpbmc=
p	1534661025	Q2hpY2tlbg==
p	-395953198	dmZ4X2Nsb3RoX2hhbmdpbmdfZGVzdHJveWVk
p	1281654669	cGllY2VfcG90M19yZWQ=
p	915055238	TWVhZEVpdHJNaW5vcg==
p	1508408070	c2Z4X2pvdHVud2l0Y2hfYXR0YWNrYmxhc3Q=
p	-1479213230	ZnhfRmFkZXJfQml0ZQ==
p	1924404360	c2Z4X2ZhZGVyX2ZpcmV3YWxsX3N0YXJ0
p	229884025	dmZ4X3R1cm5pcF9ncm93
p	1353017642	c2tlbGV0b25fYm93X3N3YW1wcw==
p	-1326462186	c2Z4X3JlbG9hZF9kdmVyZ2VyX2RvbmU=
p	604325118	QXhlSGVhZDI=
p	-1653997440	V29sZk1lYXRTa2V3ZXI=
p	-110987650	QXNobGFuZHNfc3Rvcm0=
p	-1917548156	dnhfYXNobGFuZF9wb3QzX2dyZWVuX2Rlc3RydWN0aW9u
p	1699602097	YXNod29vZF93YWxsX2Nyb3NzXzQ1X2FsdA==
p	918842606	ZHZlcmdycHJvcHNfd29vZF9zdGFpcg==
p	-1002408489	ZnhfZm9vdHN0ZXBfZ3Jhc3Nfam9n
p	129314904	c2Z4X3dyaXRoYW5fYml0ZV9hdHRhY2tfaW1wYWN0
p	1085766256	TWlzdGhhcmVTdXByZW1l
p	885507349	U2tlbGV0b25fRnJpZW5kbHk=
p	-900431244	ZnhfZm9vdHN0ZXBfc25vd19kZWVwX3J1bg==
p	-1390420687	Sm90dW5XYXJyaW9yX2F0dGFja19zd29yZA==
p	-1554331797	U3RvbmVnb2xlbV9yYWdkb2xs
p	1067573859	SWNlU2hlbGZfMDc=
p	463040883	dmZ4X3BpbmV0cmVlY3V0X3Nub3c=
p	1745123876	YmxhY2ttYXJibGVfYmFzZV8x
p	-2019636756	U3dvcmROaWVkaG9nZw==
p	-420778293	cm9jazNfaWNlX2ZyYWM=
p	-1719994617	RHJhZ29uVGVhcg==
p	730139996	VHVycmV0X3Byb2plY3RpbGVib25l
p	552921714	RnJvemVuS2luZ0Ryb3A=
p	-1711908779	RmxpZXM=
p	-921279507	Znhfc2Vla2VyX2RlYXRo
p	362529242	TW9ya2hhbGxhX1dhbGw=
p	-1301328004	U3BlYXJHb2xkX0Jsb29kTGlnaHRuaW5n
p	-1012328982	SGlsZGly
p	1264917112	aGlsZGlyX3RhYmxlMQ==
p	-2095399915	TWVudV9maXI=
p	-1702254152	U3Bhd25lcl9MZWVjaF9jYXZl
p	119997998	c2Z4X2ZhbGxlbnZhbGt5cmllX2F0dGFjaw==
p	909991033	QmF0dGxlYXhlV29vZA==
p	1199564870	UnVuZVN0b25lX0FzaGxhbmRz
p	-150817848	c2Z4X2Zyb3plbmtpbmdfc3Bpa2VyYWluX3NoYXJkcw==
p	-1181455604	bG94X3JpYnM=
p	-2027644703	TWVudV9HcmV5ZHdhcmZfRWxpdGU=
p	903220005	TW9ya2hhbGxhX1JhbmRvbURvb3I=
p	575089610	cHJvcF93b29kX3N0YWNr
p	-1452028264	c2Z4X3NlcnBlbnRfaWRsZQ==
p	-2010027434	Q2hhcnJlZEJhbm5lcjE=
p	-1248409586	U2hpZWxkU2lsdmVy
p	865300453	c2Z4X2NoYXJyZWRfYXJjaGVyX3ZvbGxleV9yZWxlYXNl
p	-1403284942	cGllY2VfcG90Mg==
p	-107009288	dmZ4X2dvYmxpbmJydXRlX2hpbGRpcl9kZWF0aA==
p	719041002	T2FrX2xvZ19oYWxm
p	1594482436	bG94X2JpdGU=
p	-1789907722	TWluZVJvY2tfU3RvbmU=
p	1708414500	cGllY2VfTWVhZENhdWxkcm9u
p	584343451	SXJvbk5haWxz
p	-252061464	TWFwUGluTmFtZQ==
p	630131503	aGlsZGlyX2xhbnRlcm4=
p	1429680623	c2Z4X3dvbGZfaGF1bA==
p	-151837501	V29vZA==
p	-2132038161	SGVhdGhSb2NrUGlsbGFy
p	-935778763	c2Z4X3dpbmRvd19vcGVu
p	64158919	VXBncmFkZXI3V2VhcG9u
p	-1208248519	TW9ya2hhbGxhX2JyaWRnZTAyX2Jyb2tlbl9yYW5kb20=
p	-1309853163	R3JleWR3YXJmX1N1cnByaXNl
p	-140465395	c3RvbmVnb2xlbV9hdHRhY2tfc29uaWNib29tX05PVFVTRUQ=
p	-843447246	QXJyb3dGbGludA==
p	-914594978	QXJtb3JXb2xmQ2hlc3Q=
p	-476284625	Um90dGVuTWVhdA==
p	1800434825	TW9ya2hhbGxhX1N0YXR1ZVBpZWNlRmVldF9iaWc=
p	-434429456	ZnhfdHVycmV0X3dhcm11cA==
p	1135616875	c2Z4X2ZlYXN0X2Rlc3Ryb3llZA==
p	1854887461	Z2lhbnRfYnJhaW5fZnJhYw==
p	-445258974	c2Z4X2JhdHRsZWF4ZV9zd2luZ19zdGFydA==
p	1639499022	R29ibGluQXJtYmFuZA==
p	1677287196	cGllY2VfcmVwYWly
p	2052801890	UnVieQ==
p	-692634493	c2Z4X21hbGljaW91c19pY2VfbG9vcA==
p	-1666173016	c2Z4X3NlZWtlcl9icnV0ZV9ncm91bmRzbGFtX2ltcGFjdA==
p	1485894112	c2Z4X21vb3NlX2RlYXRoX2V4cGxvZGU=
p	693918183	ZnhfcXVlZW5kb29yX2JvbHQ=
p	2044158919	Ym9tYmR5bmFtaXRlX3Byb2plY3RpbGU=
p	-1163188226	U3BpY3lNYXJtYWxhZGU=
p	-950907622	dmZ4X2R2ZXJncmNvbXBvbmVudGNyYXRlX2Rlc3RydWN0aW9u
p	1320355888	dmZ4X0ZpcmV3b3JrX1JvY2tldF9CbHVl
p	-1419806457	UGlja2FibGVfTXVzaHJvb21fSm90dW5QdWZmcw==
p	-1216993721	c2Z4X3dyaXRoYW5fZGVhdGhfY2hhcmdl
p	-1640748001	Y2hlc3RfaGlsZGlyMw==
p	-1140234980	QXJtb3JEZWVwTm9ydGhIZWF2eWxlZ3M=
p	-2130328051	U3Bhd25lcl9EdmVyZ2VyRGVlcE5vcnRo
p	726946320	U3RhdHVlRXZpbA==
p	2026152395	c2Z4X3N0YWZmX2VsZGVyX2dyb3c=
p	901211521	VHJlYXN1cmVDaGVzdF90cm9sbGNhdmU=
p	682385102	TW9yZ2Vu
p	906359721	RnJvemVuS2luZ19QMl9TdW1tb25fWWFnbHV0aA==
p	678589910	VHJpbmtldFNpbHZlclJlc2lzdA==
p	921373705	R29ibGluQnJ1dGVCcm9z
p	426184229	Q2FwdGlvbnNfRGlyZWN0aW9uSW5kaWNhdG9ycw==
p	1741667805	dmZ4X2NyZWVwX2hhbmdpbmdkZXRyb3llZA==
p	1659973233	dmZ4X2J1c2gyX2VuX2Rlc3Ryb3llZA==
p	1179538052	dmZ4X1BsYWNlX3N0b25lX3dhbGxfNHgy
p	1118686925	c3RhZmZfT3Jib2ZBaHJpX2FvZQ==
p	1166104533	c2Z4X3NrZWxldG9uX2hpdA==
p	-1028130263	dG9scm9rb19mbHllcg==
p	-645557356	X1Jvb21MaXN0X01vcmtIYWxsYQ==
p	1469476749	U2VhZ2Fs
p	516948170	Znhfc2Vla2VyX3NwYXdu
p	1912957901	Znhfc3dpbmdfY2Ftc2hha2U=
p	804880842	QXNobGFuZHNfQXJjaDJfQnJva2VuMQ==
p	-433840220	c2Z4X3NwZWFyX3Rocm93
p	-207598898	dmZ4X3N0b25lX2Zsb29yXzJ4Ml9kZXN0cm95ZWQ=
p	1680378985	VEhTd29yZFNsYXllcg==
p	1078011425	QXNobGFuZHNfUnVpbnNfV2FsbF9Ub3Bfd0hvbGU=
p	747474128	QXNobGFuZHNUcmVlU3R1bXAz
p	-508728573	ZHZlcmdlcl9kZW1pc3Rlcl9icm9rZW4=
p	776435216	cGllY2VfYmFubmVyMDk=
p	-35451204	dmZ4X2JlZWNobG9nX2Rlc3Ryb3llZA==
p	72092514	ZnhfY2hhcnJlZF9zdW1tb25lZF9kZWF0aA==
p	996199553	dHJvbGxzbm93X2dyb3VuZHNsYW0=
p	446937686	c2Z4X0JvZ3dpdGNoS3Zhc3R1cl9hdHRhY2tfaGl0
p	168794906	dmZ4X0Rlc3Ryb3llZF9LYXJ2ZQ==
p	1685732761	cHJvcF9pdGVtc3RhbmRfVHJvcGh5R29ibGluU2hhbWFu
p	-598907644	QW5jaWVudEdlbXN0b25lUHVycGxl
p	1641375539	RldfQ2FwZVdvbGY=
p	-2129772541	RmVhc3RBc2hsYW5kc19NYXRlcmlhbA==
p	-341940038	c2Z4X2d1aV9idXR0b25fdmlicmF0ZW9ubHlfZHVsbA==
p	-340754114	Vm9sdHVyZU1lYXQ=
p	-1585937997	UGlja2F4ZUJyb256ZQ==
p	1492408783	ZnhfQWRyZW5hbGluZTE=
p	1343626925	SG9sZVJvY2tfZmxvb3Ix
p	-1998259239	Z29ibGluX2JlZA==
p	750840789	Z2FzX2ZsYW1l
p	1462857022	dmZ4X0ZpcmVXb3JrX1N1cnRsaW5nQ29yZQ==
p	-705707502	R3JleWR3YXJmX3JhZ2RvbGxfZnJvemVu
p	2141005250	UnVuZVN0b25lX0dyZXlkd2FyZnM=
p	829393066	Q2x1Yg==
p	425888012	c2Z4X2ZhZGVyX3NwYXduX21ldGVvcl9hbWJpZW5jZQ==
p	-818860337	ZnhfYmxvb2R3ZWFwb25faGl0
p	139978274	c2Z4X2Jsb2JfanVtcA==
p	757858766	U2t1bGwx
p	-100801586	Qm9tYkJsb2JfRnJvc3RfcHJvamVjdGlsZQ==
p	-691410382	Y2F2ZXJvY2tfaWNlX3N0YWxhZ3RpdGVfZGVzdHJ1Y3Rpb24=
p	-1830072632	VHJvcGh5Qmpvcm5VbmRlYWQ=
p	-1917457907	VHJvcGh5VGljaw==
p	2138920922	ZnhfYmxvYnRhcl90YXJiYWxsX2hpdA==
p	1448015437	aWNlX3JvY2sxX2ZyYWM=
p	1076904780	c2Z4X3NoaXBfc2FpbHBvc2l0aW9uX2NoYW5nZV92aWJyYXRpb25fb25seQ==
p	797319082	UGluZXRyZWVfMDE=
p	-1461453252	dmZ4X0ZpcmVXb3JrX1RodW5kZXJTdG9uZQ==
p	920079234	VHJpbmtldEJsb29kR29sZFN0YW1pbmE=
p	-1271098328	ZGFya3dvb2Rfcm9vZl80NQ==
p	-2096937113	c3RhZmZfbGlnaHRuaW5nX3Byb2plY3RpbGU=
p	-671973751	VG9yY2hNaXN0
p	119846816	R29ibGluU2hhbWFuX2F0dGFja19wcm90ZWN0
p	-1408015536	X0JPU1NfVEVMRVBPUlRfVEFSR0VU
p	2035010361	TG94UGllVW5jb29rZWQ=
p	-196902639	ZHZlcmdycHJvcHNfd29vZF9zdGFrZQ==
p	-613376171	c2Z4X2JvbWJkeW5hbWl0ZV9kcm9w
p	515096851	U2Vla2Vy
p	-2000248195	ZGlnZw==
p	-1398262158	ZHJhZ19pdGVt
p	1718661266	dmZ4X0NvbGRCYWxsX2xhdW5jaA==
p	450722210	UGlxdWFudFBpZQ==
p	-1265929658	ZmFsbGVudmFsa3lyaWVfc3Bpbg==
p	655307331	SGVsbWV0SGF0Nw==
p	1920732799	c3RvbmVnb2xlbV9hdHRhY2syX2xlZnRfZ3JvdW5kc2xhbQ==
p	-2128965567	RmlzaGluZ1JvZEZsb2F0
p	1219634943	Y2hhcnJlZF9ncmVhdHN3b3JkX3RocnVzdGZlaW50
p	-2107335129	RnJlZXplR2xhbmQ=
p	-1783984330	YXNwZWN0X1NlZWtlclF1ZWVuX1BpZXJjZUFPRQ==
p	-1717421956	cGllY2VfY2hhaXIwMg==
p	-1397136109	cm9jazJfbW91bnRhaW4=
p	-1665545160	UGllY2VfZ3JhdXN0ZW5fcGlsbGFyX2FyY2g=
p	-601117714	QmlyY2hTZWVkcw==
p	-1754041497	aGlsZGlyX3RhYmxl
p	-1964538407	Qm9tYkJsb2JfVGFy
p	-98943274	ZnhfZ2phbGxfZGVhdGg=
p	790666231	ZmFsbGVudmFsa3lyaWVfZmVhdGhlcl9wcm9qZWN0aWxl
p	-98825973	c2Z4X3NwZWFyX2ZsaW50X2hpdA==
p	-41399318	cGllY2VfQ2VsZWJyYXRpb25HYXJsYW5k
p	-573443490	c2Z4X3N0b25lZ29sZW1fYXR0YWNrX3dvc2g=
p	-1267252934	c2Z4X2NoYXJyZWRfdHdpdGNoZXJfaHVydA==
p	807435357	U3Bhd25lcl9Ta2VsZXRvbl9NZWFkb3dzX25pZ2h0X25vYXJjaGVy
p	-2035478455	QXhlR29sZF9CbG9vZExpZ2h0bmluZw==
p	-1010162847	TXVzaWNfRHZlcmdyRXhjYXZhdGlvblNpdGU=
p	409190969	RmFkZXJfUm9hcl9TcGF3bg==
p	2082145201	c2Z4X2JlYXJfZm9vdHN0ZXA=
p	676297687	RHZlcmdyTmVlZGxl
p	-2040967192	c2Z4X2Zyb3plbmtpbmdfZG91Ymxlc2xhbV9leHBsb3Npb24=
p	1379333590	QmFya2FfV2hpcEZsdXJyeQ==
p	-1516513665	U2Vla2VyQnJ1dGU=
p	-1805638125	Um9hc3RlZENydXN0UGllVW5jb29rZWQ=
p	-2022808683	b2ZmZXJhbHRhcl9Gcm96ZW5LaW5nX2Jvc3Nyb29t
p	322799971	UGlja2FibGVfS2FsZQ==
p	-1723003302	U2tlbGV0b25fUG9pc29u
p	1248959149	c2Z4X21vcmdlbl9mb290c3RlcA==
p	1051862471	U3Bhd25lcl9Ta2VsZXRvbl9NZWFkb3dz
p	333213551	cHJvcF9wcmVwdGFibGU=
p	-819588808	dmZ4X0FzaHJ1aW5fd2FsbDRfZGVzdHJveWVk
p	1175276079	UGlja2FibGVfVGhpc3RsZQ==
p	-1544763429	ZGlnZ192Mw==
p	1193353641	ZnhfZnJvemVua2luZ19jaGFpbl9mdXJ5
p	653141455	c2Z4X3BlcmZlY3RfZG9kZ2U=
p	-183603601	cHJvcF9iZWQwMg==
p	1722335429	c2Z4X0hpdmVRdWVlbl9pZGxl
p	823489383	cGllY2VfYmFubmVyMDI=
p	-937629098	c2Z4X1dpc2hib25lUGluZ19mdXJ0aGVy
p	-776894186	R29ibGluU2hhbWFuX0hlYWRkcmVzc19mZWF0aGVycw==
p	568028567	c2Z4X3N0YWZmX2VsZGVyX3Jvb3Rfc3dpbmc=
p	1436176688	dmZ4X2Jsb2JlbGl0ZV9hdHRhY2s=
p	1040860577	X0xvY2F0aW9uTGlzdF9jcDE=
p	797712294	REdfTWVhZG93c1ZpbGxhZ2U=
p	-560834156	QXJtb3JUcm9sbExlYXRoZXJMZWdz
p	418982024	ZnhfRmVhc3RNZWFkb3dzRWF0
p	1997388180	c3Bpcml0Ympvcm5fc3dpcGVfcg==
p	1199990602	Sm90dW5IYWlyTWFsZTc=
p	16920329	cGllY2VfYmFubmVyMDQ=
p	1843747860	ZnhfaW50cm9MYW5k
p	1850279918	c2Z4X3NoaWVsZGdlbmVyYXRvcl9wb3dlcmVkX2xvb3A=
p	1805728041	ZnhfcmVmaW5lcnlfZGVzdHJveWVk
p	2023822969	c2Z4X2pvdHVud2Fycmlvcl9pbXBhY3RfZ3JvdW5k
p	-525684623	YXNwZWN0X1NlZWtlclF1ZWVuX1J1c2g=
p	-1585032212	Qm9nV2l0Y2hfRmlyZV9QaXQ=
p	1822108716	c2Z4X2Zyb3plbmtpbmdfc3Bpa2VyYWluX2V4cGxvc2lvbg==
p	-495402031	T0xEX3dvb2Rfcm9vZl9pY29ybmVy
p	-1929178793	TW9ya2hhbGxhX0Zsb29yXzIwX2Jyb2tlbjI=
p	-524562689	QXNobGFuZHNfRmFkZXJGWA==
p	-2083089447	c2Z4X2dob3N0c19kZWF0aA==
p	-1519599025	REdfTW9ya0hhbGxh
p	-2108127691	Q2FwZVdvbGY=
p	-710220591	c2Z4X2dhbWVsdHJvbGxfaHVydA==
p	998359095	dmZ4X3RvcmNoX2hpdA==
p	234711854	TWFjZUVsZG5lckxpZ2h0bmluZw==
p	1245401458	QXNrc3ZpbkNhcnJpb25SaWJjYWdl
p	625870585	TWVhdFBsYXR0ZXJVbmNvb2tlZA==
p	1213446712	ZnhfdmluZXNfaGl0
p	1951101856	Zm9yZ2VfZXh0NQ==
p	1397485289	c2Z4X3N0YWZmX3Ryb2xsc3Rhdl9tZXRlb3JpdGU=
p	-427360716	c2Z4X0hpdmVRdWVlbl9hY2l0c3BpdA==
p	-1262523563	YmxhY2ttYXJibGVfYXJjaA==
p	1609781804	c2Z4X2Jsb2JsYXZhX2p1bXA=
p	714040531	V2F0ZXJDdWJlX3N1bmtlbmNyeXB0
p	1575895354	dmZ4X1Nhd0R1c3RfYWJvbWluYXRpb24=
p	-1572614915	VHJpbmtldElyb25IZWFsdGg=
p	1103509118	c2hpcHdyZWNrX2thcnZlX2RyYWdvbmhlYWQ=
p	-68620523	Q29va2VkQ2hpY2tlbk1lYXQ=
p	-900865316	QXNobGFuZHNfUnVpbnNfV2FsbF9XaW5kb3dzX0Jyb2tlbl80eDY=
p	-1437157460	Qm9uZW1hd1NlcnBlbnRfcHJvamVjdGlsZQ==
p	284467689	U2xlZGdlR29sZF9CbG9vZExpZ2h0bmluZw==
p	985956632	cGllY2VfZHZlcmdyX3dvb2Rfd2FsbA==
p	-1378251478	U3Bhd25lcl9TZWVrZXJCcnV0ZV9yZXNwYXduXzI0MA==
p	798671176	c2Z4X2dvYmxpbmJydXRlX3RhdW50
p	1877231067	VHJvcGh5TW9vc2U=
p	886454387	bG94X3JhZ2RvbGw=
p	171227707	cHJvamVjdGlsZV9zcGlrZXNfZnJvemVua2luZw==
p	-1281365644	c2Z4X2JlYXJfYml0ZV9hdHRhY2s=
p	-753246689	UnVuZVN0b25lX1N3YW1wcw==
p	1131720358	VXBncmFkZXI1QXJtb3I=
p	1957545751	c3RhdmVfd2FsbF8yeDI=
p	609142550	dmZ4X2Jhcl9mbGFtZXRhbF9zdGFja19kZXN0cm95ZWQ=
p	726868954	U3Bhd25lcl9EdmVyZ2VyTWFnZQ==
p	346208710	Q2F0YXB1bHRfQW1tb19CbG9vZEdvbGRfUHJvamVjdGlsZQ==
p	1385314802	aWNlbGFrZQ==
p	-786333438	dmZ4X2RyYXVncnBpbGVfZGVzdHJveWVk
p	-1473823425	Q3VyZWRTcXVpcnJlbEhhbXN0cmluZw==
p	1840852078	cGllY2VfcHJlcHRhYmxl
p	1493191489	U2Vla2VyUXVlZW5fUGllcmNlQU9F
p	1422376809	U3Bhd25lcl9GcnlzbGluZw==
p	-2065261827	Y3J5cHRfc2tlbGV0b25fbGF5aW5n
p	371489671	dmZ4X2dka2luZ19wcm9qZWN0aWxlX2hpdA==
p	1354671079	c2Z4X3NlZWtlcl9hdHRhY2tfY2xhd3M=
p	1457702186	SWNlU3Bpa2UwMQ==
p	1124614422	ZmFsbGVudmFsa3lyaWVfY2xhd3M=
p	1408519140	SGVsbWV0RHJha2U=
p	-1003810285	QXJyb3dJcm9u
p	-1747971500	RnJvemVuS2luZ19DaGFpblN3ZWVwX0w=
p	-229636917	VHJvcGh5V3JpdGhhbg==
p	-1993792953	c2Z4X2RyYWdvbl9mbGFw
p	622849921	d29vZF93YWxsX3F1YXJ0ZXI=
p	-2101309657	Z2Rfa2luZw==
p	-161316095	c2Z4X3VuYXJtZWRfYmxvY2tlZA==
p	613748878	RmFkZXJfSnVtcF9SaWdodA==
p	-938068999	c2Z4X21vb3NlX2F0dGFja19tZWxlZQ==
p	-573084431	Y2F2ZXJvY2tfcmFtcA==
p	1824659530	SW52ZW50b3J5RWxlbWVudA==
p	80947663	RmVucmluZ19hdHRhY2tfaWNlY2xhd19kb3VibGU=
p	-757573632	ZnhfRmFkZXJfUm9hcl9Qcm9qZWN0aWxlX0hpdA==
p	318619260	c2Z4X0Fib21pbmF0aW9uX2F0dGFjaw==
p	1548866286	ZnhfVXBncmFkZVN0YXRpb25fRmFpbA==
p	-1249154727	U3RvbmUxX2ludGVyaW9y
p	-1829699303	Y2hhcnJlZF9ib3dfdm9sbGV5X0ZhZGVyX3Byb2plY3RpbGU=
p	843131976	c2Z4X2RyaW5r
p	2048610715	c3RvbmVfZmxvb3JfMngy
p	-938588874	RWlrdGh5cg==
p	-1003029651	c2Z4X2Zyb3plbmtpbmdfZGVhdGhfY3J5c3RhbF9icmVhaw==
p	887893114	U3RvbmVQaWxsYXJUYWxsX21vdW50YWlu
p	1891654770	VEhTd29yZEtyb20=
p	-1183306829	c2hpcHdyZWNrX2thcnZlX3N0ZXJu
p	-317957278	dmZ4X21vcmtoYWxsYV9zdG9vbF9kZXN0cm95ZWQ=
p	-2013355542	cGllY2Vfc2FwY29sbGVjdG9y
p	-2143520180	QnVpbGRVSVYy
p	1253270340	Q3JlZXBQcm9wX2VnZ19oYW5naW5nMDE=
p	-773081155	Sm90dW5XYXJyaW9yMUhBeGVfYXR0YWNrX2NsZWF2ZQ==
p	1476683611	RmFsbGVuVmFsa3lyaWVfcHJvamVjdGlsZV9leHBsb3Npb24=
p	1502599522	Qm93
p	53247377	R3JleWR3YXJmX1NoYW1hbl9yYWdkb2xsX2Zyb3plbg==
p	-1850359322	RmltYnVsdmludGVyT3Ji
p	1827676888	Sm90dW5XYXJyaW9yMUhBeGVfYXR0YWNrX2RvZGdlcg==
p	-568067033	VmluZUdyZWVu
p	954701736	cGF2ZWRfcm9hZF92Mg==
p	-1109248277	d29vZF9iZWFt
p	-1698132249	c2Z4X1dpc2hib25lUGluZ19mYXI=
p	195340900	dmZ4X2JvYXJfbG92ZQ==
p	1230282261	Qm9zc1N0b25lX0ZhZGVy
p	-497088145	TW9ya2hhbGxhX0RyYXdicmlkZ2U=
p	1959362465	RnJvc3RXaXNw
p	838860	SGVsbWV0RE5NZWRpdW1Ib29k
p	-962309496	dGlja19hdHRhY2s=
p	-260882266	aGlsZGlyX2hhdHN0YW5kMg==
p	507375190	YmFyX2NvcHBlcl9zdGFjaw==
p	-639458691	c2Z4X3NwZWFyX2hpdA==
p	1548779842	c2Z4X3N0YWZmb3Jib2ZhaHJpX2Nhc3Q=
p	1243935330	RmxhbWV0YWxSb2Nrc3RhbmRfZnJhYw==
p	-72591688	c2Z4X2NoZXN0X2Nsb3Nl
p	-2073834717	ZHZlcmdydG93bl93b29kX3BvbGU=
p	-190638207	VHJlYXN1cmVDaGVzdF9zdW5rZW5jcnlwdA==
p	1491479977	SGFpcjEy
p	-1218250357	d29vZF93YWxsX3Jvb2ZfNDU=
p	-1803198157	c2Z4X3dvbGZfZGVhdGg=
p	288873395	dmZ4X3ByZXNwYXdu
p	-1916669393	ZnhfYXNrc3Zpbl9zb290aGVk
p	1131721507	VXBncmFkZXI2QXJtb3I=
p	-1678063731	c2Z4X2pvdHVud2l0Y2hfYXR0YWNrYnVpbGR1cA==
p	143869018	bG9vdF9jaGVzdF93b29k
p	-2016971673	RnJvemVuS2luZ19DaGFpbldoaXJs
p	-939999423	R29ibGluQnJ1dGU=
p	922799634	c2Z4X2d1aV9yZXBhaXJpdGVtX3dvcmtiZW5jaA==
p	505464631	RHJhdWdy
p	-1742068936	dHJvbGxfdGhyb3dfcHJvamVjdGlsZQ==
p	973407290	c2Z4X3ByZXNwYXduX3ZpYnJhdGlvbl9vbmx5
p	24890812	RmxhbWV0YWxOZXc=
p	316605279	R2Vtc3RvbmVHcmVlbg==
p	816862660	Y2hhcmNvYWxfa2lsbg==
p	-2105977201	RHZlcmdyS2V5RnJhZ21lbnQ=
p	1811557810	VHJlYXN1cmVDaGVzdF9tZWFkb3dzX2NvbWJhdA==
p	-1966139264	YXNwZWN0X0ZhZGVyX0NsYXdfUmlnaHQ=
p	1623932517	dmZ4X2FzaGxhbmRzYm93X2Jsb29kX2ZpcmU=
p	-1665118250	dmZ4X3NwYXduX2xhcmdl
p	-479912446	aXJvbl9mbG9vcl8yeDI=
p	1316403729	c2Z4X2Zyb3plbmtpbmdfY2hhcmdlX3dob29zaA==
p	1067573854	SWNlU2hlbGZfMDI=
p	-1160177777	RmVhc3RNZWFkb3dz
p	1513935405	YXNwZWN0X2JvbmVtYXNzX3NwYXdu
p	1907559578	QmF0dGxlYXhlU2t1bGxTcGxpdHR1cg==
p	-1952448139	cGllY2VfYmFubmVyMDg=
p	-740836646	QXNobGFuZHNfQXJjaFJvb2ZEYW1hZ2Vk
p	98119528	dmZ4X1BsYWNlX1JhZnQ=
p	-1777295747	cGllY2VfRnJvc3RLaWxu
p	492655805	SWNlQmxvY2tlcg==
p	-631382181	dmZ4X1JvY2tEZXN0cm95ZWRfbGFyZ2U=
p	-1910628999	VHJvcGh5R29ibGlu
p	-971628607	TWluZVJvY2tfTWV0ZW9yaXRl
p	-1452599006	U3RhdHVlQ29yZ2k=
p	1011312721	U1BfQXJtb3JNYWdlTGVnc19Bc2hsYW5kcw==
p	-1875121896	QnVpbGRQaWVjZVNlbGVjdEJ1dHRvbg==
p	1653866731	dmZ4X2xlZWNoX2RlYXRo
p	1172289510	U3R1bXBIdXQ=
p	-1277955800	c2Z4X25lY2tfZGVhdGg=
p	-1295196504	dmZ4X1N0YW1pbmFVcGdyYWRl
p	128538777	U3RhdHVlU2VlZA==
p	1170585794	QmVlY2hfU2FwbGluZw==
p	-691115746	Y2xvdGhfaGFuZ2luZ19kb29yX2RvdWJsZQ==
p	-317910816	dmZ4X2JlZWNobG9nX2hhbGZfZGVzdHJveWVk
p	-1117827868	R3JleWR3YXJmU3VycHJpc2U=
p	-1976095907	c2Z4X2Vpa3RoeXJfaWRsZQ==
p	-1781600630	YXNod29vZF9kZWNvd2FsbF8yeDI=
p	778939079	Z2Rfa2luZ19zaG9vdA==
p	1776699129	U2hpZWxkRmxhbWV0YWw=
p	1909245568	QmxvYlRhcg==
p	-2127498516	c2Z4X2NoYXJyZWRfbWVsZWVfYXR0YWNrX3N0YWI=
p	238701276	U3dvcmROaWVkaG9nZ0Jsb29k
p	649818616	dmZ4X2FyY2hlcnl0YXJnZXRfYnVsbHNleWU=
p	696240715	TWVhdFBsYXR0ZXI=
p	-753991145	YXNwZWN0X2JvbmVtYXNzX2F0dGFja190aHJvdw==
p	-1431804988	Q29va2VkQnVnTWVhdA==
p	1354012537	QXNwZWN0X0JvbmVtYXNz
p	1039259597	cm9jazRfY29hc3RfZnJhYw==
p	1726435208	Q2FwZUxveA==
p	-397428878	UGlja2FibGVfSGFpcnN0cmFuZHMwMQ==
p	-158022795	dmZ4X2R2ZXJncnRhYmxlX2Rlc3Ryb3llZA==
p	-1899049241	YXNwZWN0X0ZhZGVyX0ZsYW1lYnJlYXRo
p	-1747874743	Q2VsZXN0aWFsRmVhdGhlcg==
p	-442618672	c2Z4X2Nyb3dfZGVhdGg=
p	133703909	c2Z4X2R2ZXJnZXJfdm9faHVydA==
p	1354298625	R3JleWxpbmdfcmFnZG9sbA==
p	-1055192031	R29ibGluU2hhbWFuX1N0YWZmX0ZlYXRoZXJz
p	380046719	U3Bhd25lcl9Ta2VsZXRvbl9oaWxkaXI=
p	-709355702	Z2lhbnRfaGVsbWV0Ml9kZXN0cnVjdGlvbg==
p	418849705	VHJlYXN1cmVDaGVzdF9tZWFkb3dzXzAx
p	-2045741505	c3RhZmZfZ3JlZW5yb290c19zcGF3bg==
p	1128738514	c2Z4X2JvYXJfYWxlcnRlZA==
p	510000429	dmZ4X2JlZWNoX3NtYWxsMl9kZXN0cm95
p	698259470	cGllY2VfY2hlc3RfcHJpdmF0ZQ==
p	660592112	TXVzaHJvb21CbHVl
p	-182018149	c2Z4X3N0YWZmX2dyZW5hZGVfY2FzdA==
p	-1548975273	TWVtb3JpYWxTdG9uZV9TbWFsbA==
p	1793014560	ZnhfRmFkZXJfQXR0YWNrR2xpbnQ=
p	1931917202	U1BfQXJtb3JNYWdlTGVncw==
p	-985012277	TGluZ29uYmVycnlCdXNo
p	-1755799944	cGllY2Vfc3Rha2V3YWxsX2JsYWNrd29vZA==
p	188683521	ZnhfZm9vdHN0ZXBfaWNlX2xhbmQ=
p	-332886724	c2Z4X1BvdGlvbl9laXRyX21pbm9y
p	1084633047	QXNobGFuZF9TdGFpcg==
p	-512952038	dmZ4X0Jsb29kSGl0
p	-1425208488	QmlyY2hTdHVi
p	-745132593	d29vZF9mbG9vcl8xeDE=
p	-1686607761	Ym93X3Byb2plY3RpbGVfZmlyZQ==
p	-1301916266	TW9ya2hhbGxhX1JhbmRvbUV5ZQ==
p	1490357724	VHJvcGh5Rm9yZXN0VHJvbGw=
p	-1315428221	QmFyYmVyR3Vp
p	-1586183234	U3Bhd25lcl9Kb3R1bldpdGNo
p	-95703965	R29ibGluU2hhbWFuX2F0dGFja19wcm90ZWN0X2hpbGRpcg==
p	456394941	cGF2ZWRfcm9hZA==
p	1828036487	c2Z4X2ZpcmV3b3JrX2V4cGxvZGU=
p	-1537236269	TGVlY2g=
p	879403129	c2Z4X2d1aV9jcmFmdGl0ZW1fd29ya2JlbmNoX2VuZA==
p	141245155	c2tlbGV0b25fc3dvcmQ=
p	-1310001585	VHJvcGh5VWx2
p	-1310422729	c2Z4X2NoaWNrZW5faHVydA==
p	2140460085	c2Z4X3NsaWRl
p	-1931188028	QXNobGFuZHNfUnVpbnNfRmxvb3JfNng2X2Jyb2tlbjI=
p	1889813487	QXhlQmVyemVya3JCbG9vZA==
p	-381106685	c2Z4X3NrZWxldG9uX3N3YW1wX3ZlcnNlX2lkbGU=
p	-110466087	QXNobGFuZHNfUnVpbnNfVG9wU3RvbmU=
p	-1850504928	c2Z4X0hpdmVRdWVlbl9idXJyb3c=
p	1059480620	cGllY2Vfc2hhcnBzdGFrZXM=
p	144829813	cm9vdDA3
p	-1502197942	c2Z4X2Zyb3plbmtpbmdfcHVuY2hhb2VfcHVuY2hfdGhpcmQ=
p	-203891388	c2Z4X2ZhbGxlbnZhbGt5cmllX2FsZXJ0
p	1851887405	QXJtb3JEcmVzczEw
p	-689057020	Y2xpZmZfYXNobGFuZHM3X0hhbGZBcmNo
p	-122634898	QmFya2FfQmFja3NsYW0=
p	1422857727	ZHZlcmdydG93bl8yeDJ4Mg==
p	-571355069	U3Bhd25lcl9Ib2xlX2RvdWJsZQ==
p	1383578875	UnVuZVN0b25lX1dpbmRpbmd0dW5uZWxz
p	-2000700602	c2Z4X2dka2luZ19zcGF3bg==
p	-581430636	ZGFya3dvb2RfYmVhbV8yNg==
p	416803702	dmZ4X3dvbGZfZGVhdGg=
p	-411796343	ZHZlcmdlcl9kZW1pc3Rlcl9sYXJnZQ==
p	108601737	c2Z4X3NoaXBfaW1wYWN0
p	-1962134668	YmxhY2ttYXJibGVfcG9zdDAx
p	-1956117332	RHZlcmdlclN0YWZmSGVhbF9oZWFs
p	-98355895	TGVlY2hfY2F2ZQ==
p	-1403331882	d29vZGlyb25fYmVhbV8yNg==
p	524856430	dmZ4X3NtZWx0ZXJfcHJvZHVjZQ==
p	1969333256	TGFzdEJvc3NHYXRlX0NoYWluMg==
p	1716987850	QWNoaWV2ZW1lbnRz
p	764854000	dmZ4X2FyY2hlcnl0YXJnZXRfYnVsbHNleWVfZG91Ymxl
p	188250312	TW9yZ2VuX3JvbGxfbGVmdA==
p	-929881517	dmZ4X0FzaHJ1aW5fd2FsbDNfZGVzdHJveWVk
p	605863297	R3JleWR3YXJmX3Rocm93X3Byb2plY3RpbGVfZnJvemVu
p	400225113	c2Z4X0hpdmVRdWVlbl9zcGl0aW1wYWN0
p	475811700	VHJlYXN1cmVDaGVzdF9tb3JraGFsbGE=
p	150066261	Qm9hckplcmt5
p	1908793790	ZnhfdGVuZHJpbF9kZWF0aA==
p	-350854349	dmZ4X3NwaWtleV9iZWFtX2Rlc3RydWN0aW9u
p	-643696903	c2Z4X2JvbmVzX3BpY2s=
p	1765483382	cGllY2VfZHZlcmdyX2xhbnRlcm4=
p	1475499163	c2Z4X2JhdHRsZWF4ZV9zd2luZ193b3No
p	717411594	RmFkZXJfUm9hcl9JbnRlbnNl
p	-320069762	ZnhfcmVmaW5lcnlfcHJvZHVjZQ==
p	896726387	c2Z4X21vbGVtYW5fZm9vdHN0ZXBz
p	806885101	U1BfQXJtb3JEcmVzczE=
p	-1999869181	Sm90dW5XaXRjaA==
p	445671222	RW1vdGU=
p	-1791616222	U2V0dGluZ3NUb29sdGlw
p	1497395801	dmZ4X2ZvcmVzdHRyb2xsX2hpdA==
p	912084459	c2Z4X3dvbGZfbG92ZQ==
p	-109735383	TW9ya2hhbGxhX2NvYWxfcGlsZV9tZW1vcmlhbA==
p	-1378752392	dmZ4X0ZhbGxlbldhcnJpb3JfZGVhdGg=
p	-440219305	c2Z4X2Nvb2tpbmdfc3RhdGlvbl90YWtl
p	1547379821	c2Z4X3RlbnRhcm9vdF9hdHRhY2s=
p	708696525	U1BfQXJtb3JNYWdlQ2hlc3RfQXNobGFuZHM=
p	-811965603	c2Z4X3NrZWxldG9uX2hpbGRpcl92ZXJzZV9pZGxl
p	-1931051973	T3JiRnJvc3RGaXJl
p	-1619361458	dmZ4X3NocnViXzJfaGl0
p	-1841374582	TW9ya2hhbGxhX2dpYW50X3JhaWxpbmdfdG9yY2hfdW5saXQ=
p	-1847290201	Sm90dW5XYXJyaW9yMkhBeGVfYXR0YWNrX2RvZGdl
p	450855077	Y2hhcnJlZF9keXJud3luX2dyZWF0c3dvcmRfdGhydXN0ZmVpbnQ=
p	-1744503057	U3Vua2VuS2l0X3Nsb3BlMXgy
p	920931787	VGFyTGlxdWlk
p	-240502814	U2tlbGV0b25fSGlsZGly
p	-810858193	U3RhdHVlVGhvcl9icm9rZW5fYm90dG9t
p	-1823741869	dmZ4X3N0b25lZ29sZW1fZm9vdHN0ZXA=
p	-1371907838	c2Z4X2dhbWVsdHJvbGxfZGVhdGg=
p	-617943502	ZnhfaWNlc2hhcmRfbGF1bmNo
p	-987094990	S25pZmVXb29k
p	-1029078359	V29sZkplcmt5
p	58693868	RmlzaDRfY2F2ZQ==
p	719595997	d29vZF9maW5lX3N0YWNr
p	1119253240	c2Z4X2F0Z2Vpcl9hdHRhY2tfc2Vjb25kYXJ5
p	-1216630064	U2Vla2VyUXVlZW5fU2xhcA==
p	554323566	Z2phbGxfYXR0YWNrX3NoYWtl
p	-1140500325	U1BfSGVsbWV0QnJvbnpl
p	319457105	VHJvcGh5U2tlbGV0b25Qb2lzb24=
p	2020886964	Z29ibGluX3dvb2R3YWxsXzJtX3JpYnM=
p	1327900462	ZHZlcmdycm9ja19yb2NrYnVu
p	-180081988	TW9sZEFybW9yTWFnZUNoZXN0
p	382852373	dmZ4X2Jsb2J0YXJfaGl0
p	-1199110663	dmZ4X2NoYXJyZWRjcm9zc19zcGF3bmVyX2Rlc3Ryb3llZA==
p	-7767225	VHJvcGh5VGhlRWxkZXI=
p	-783371388	dmZ4X0JpZ0Jsb2JfZGVzdHJveWVk
p	1768214527	c2Z4X2JvYXJfZGVhdGg=
p	1814263877	dmZ4X3dvb2RfYmxhY2tfc3RhY2tfZGVzdHJveWVk
p	1131727781	VXBncmFkZXI0QXJtb3I=
p	-591647588	c2tlbGV0b25fYm93Mg==
p	1415327327	cGllY2VfcG90M19jcmFja2Vk
p	1826142254	ZHZlcmdydG93bl8yeDJ4MQ==
p	845438553	ZnhfcG9ydGFsX3N0b25lX2Nvbm5lY3RlZA==
p	-436006683	c2Z4X2dvYmxpbmJydXRlX2NsdWJoaXQ=
p	864835702	RWxha2luZ01vbGVfQXR0YWNrQ2xhdzI=
p	1986288798	cGllY2VfYmFubmVyMTA=
p	1225290243	dmZ4X1BvaXNvbg==
p	691064644	c2Z4X2Zyb3plbmtpbmdfaWRsZV9jaGFpbmVkX2xvb3A=
p	406146685	c2Z4X1VuZGVhZEJ1cm5fU3RhcnQ=
p	1752286659	U3BpY2VEZWVwTm9ydGg=
p	-185773495	c2Z4X2ZhZGVyX2Zpc3N1cmVfcGlsbGFy
p	-1504935776	ZHZlcmdycHJvcHNfYmVk
p	-1006745617	cHJvcF9jaGVzdF93YXJkZXJvYmU=
p	-922930389	TWluZVJvY2tfSXJvbg==
p	-864584252	TWFjZUVsZG5lcg==
p	53561528	Ym93X3Byb2plY3RpbGVfc2lsdmVy
p	-1352659250	U3BlYXJGbGludA==
p	268389067	aGlsZGlyX2ZhYnJpY3Nyb2xsMQ==
p	-1607480987	c2FwbGluZ19zZWVka2FsZQ==
p	-1516408785	QmFjaw==
p	1988531305	TW9ya2hhbGxhX1dhbGxfMjBfYnJva2VuM18y
p	-29074708	YnVja2V0
p	1779145477	Um9hc3RlZENydXN0UGll
p	-494395474	UGlja2FibGVfQmFybGV5X1dpbGQ=
p	-452376313	dmZ4X0Zyb3N0T3Jicw==
p	-198137206	QXNobGFuZHNfQ2luZGVyUmFpbg==
p	-916784691	dmZ4X3NrZWxldG9uX21hY2VfaGl0
p	1336211340	VHJpbmtldElyb25TdGFtaW5h
p	-1704092447	U2hpZWxkSXJvbkJ1Y2tsZXI=
p	1938820621	QXNobGFuZHNfQm9zc19QaWxsYXI=
p	-232359017	RmlyZXdvcmtzUm9ja2V0X1B1cnBsZQ==
p	-150642395	QXRnZWlyR29sZF9CbG9vZExpZ2h0bmluZw==
p	-2035366735	c2NhbGVfd2FsbF9yb29mXzQ1X2ZsaXBwZWQ=
p	-1549163612	cGllY2VfYmFubmVyMDU=
p	-1699433389	dmZ4X2ZpcmV0cmVlY3V0
p	-812819815	ZnhfQWJvbWluYXRpb25fYXR0YWNrM19zdGFydA==
p	-109499528	dHJlYXN1cmVfc3RhY2s=
p	-1866558167	U3RhcnRHdWlfQ29ubmVjdGlvbkZhaWxlZA==
p	-1468314591	QXhlRmxpbnQ=
p	1511877305	SXJvblNjcmFw
p	1165806615	dmZ4X3NlcnBlbnRfd2F0ZXJzdXJmYWNl
p	-214875593	YXNwZWN0X2RyYWdvbl9jbGF3X3JpZ2h0
p	1034940297	U21hbGxQYXJ0c0dvbGRVbmNvb2tlZA==
p	-1490899117	RmlzaEFuZEJyZWFk
p	-1556292783	ZnhfbG94X2RlYXRo
p	675842484	RW5lbXlfQmFya2FfQXR0YWNrX0JhY2tTbGFt
p	406575291	RnJvc3RDb3Jl
p	503517441	ZnJ5c2xpbmdfc25vd2JhbGxfcHJvamVjdGlsZQ==
p	365649443	c2Z4X3NrZWxldG9uX3N3YW1wX3ZlcnNlX2F0dGFjaw==
p	-1932604943	U2Vla2VyUXVlZW5fcHJvamVjdGlsZV90ZWxlcG9ydA==
p	478868244	c2Z4X3N0YWZmc3Bpcml0Y2FsbGVyX2Nhc3Q=
p	-1791758602	YmVlX2FvZQ==
p	920031124	TWVhZEhlYWx0aE1pbm9y
p	-1103504794	QmF0dGxlYXhlQmxhY2ttZXRhbA==
p	304272980	ZnhfZ2phbGxfdGF1bnQ=
p	1753165102	ZnhfQWJvbWluYXRpb25fYXR0YWNrMQ==
p	-836947401	UHVrZWJlcnJpZXM=
p	1409301309	QXJtb3JEcmVzczE=
p	-12616560	dmZ4X2ZlbnJpbmdfY3VsdGlzdF9kZWF0aA==
p	-714998787	TG9hZGluZ0dVSV9QYXNzd29yZA==
p	-1176439899	c2Z4X3NrZWxldG9uX2Jhc2ljX3ZlcnNlX2lkbGU=
p	-845337098	RmFkZXJfV2FsbE9mRmlyZV9BT0U=
p	-1966747132	SGFyZQ==
p	-763740724	aGlsZGlyX2Nsb3RoZXNyYWNrMg==
p	949079627	RmVhc3RNZWFkb3dzX01hdGVyaWFs
p	535319910	R1VJVGV4dA==
p	-2006986419	c3RhdmVfZ2F0ZQ==
p	675813815	U3RhcnRHdWk=
p	-1488968663	c2Z4X2d1aV9jcmFmdGl0ZW1fZW5k
p	1067687063	c2Z4X011ZEhpdA==
p	-2006840068	c2Z4X3NlZWtlcl9pZGxl
p	-864298130	Um9vdA==
p	1874570201	TW9ya2hhbGxhX1dhbGxfMjBfcGlsbGFycw==
p	673467202	ZnhfZ2phbGxfZWdnX3NwbGF0
p	-1424233331	d29vZF9wb2xlX2xvZw==
p	2013693133	YnJvbnplc3BlYXJfcHJvamVjdGlsZQ==
p	-763740725	aGlsZGlyX2Nsb3RoZXNyYWNrMw==
p	-66545541	Qm9uZW1hd1NlcnBlbnRfcmFt
p	1111337595	YXNod29vZF93YWxsX2Nyb3NzXzQ1
p	1083748678	UGlja2F4ZVN0b25l
p	2136704895	bGF2YXJvY2tfYXNobGFuZHMx
p	-845950839	QmxvYkxhdmE=
p	223125017	YXNwZWN0X0ZhZGVyX0Zpc3N1cmVfQU9F
p	-1884036519	c2Z4X3VuYmpvcm5fZm9vdHN0ZXA=
p	1172733454	dmZ4X2Zyb3N0a2lsbl9wcm9kdWNl
p	768797863	c2Z4X2dyZXlkd2FyZl9oaXQ=
p	270497573	SG9sZVJvY2tfcm9vdFdhbGwx
p	-1550627901	cGllY2VfaWNlY3ViZQ==
p	139151798	dmZ4X29kaW5fZGVzcGF3bg==
p	-689223253	ZnhfYXNrc3Zpbl9mb290c3RlcF9ydW4=
p	1212214977	c2Z4X2ljZV9kZXN0cm95ZWQ=
p	1487061270	X0xvY2F0aW9uTGlzdF9EZWVwTm9ydGg=
p	38986744	ZmFsbGVudmFsa3lyaWVfcG9pc29uYnJlYXRoX2FvZQ==
p	-1493410116	Z2lhbnRfc3dvcmQx
p	1467270644	c2Z4X3RodW5kZXI=
p	-798778629	RHZlcmdlck1hZ2VGaXJl
p	955799024	ZnhfQ2luZGVyX3N0b3JtX2hpdA==
p	-502993694	YmxhY2ttYXJibGVfMngyX2VuZm9yY2Vk
p	-472968042	R3JhdmVTdG9uZV9Ccm9rZW5fQ2hhcnJlZFR3aXRjaGVyTmVzdA==
p	-1941020771	dmZ4X0JvbmVtYXNzRGVhdGg=
p	-161988480	U2N5dGhlSGFuZGxl
p	1443876123	Y2hhcnJlZF9tYWdlc3RhZmZfZmlyZQ==
p	-1134980483	RmFkZXJfTWV0ZW9yc19JbnRlbnNl
p	441172977	QmVhcmQx
p	1126037465	U3Bhd25lcl9Hb2JsaW5EZWVwTm9ydGg=
p	1576173780	Um9ja180
p	-1416734660	TWVhZEhlYWx0aE1lZGl1bQ==
p	-682301364	c2Vla2VyX2dyb3VuZHNsYW0=
p	1715200685	dmZ4X3Ryb2xsX2RlYXRo
p	387580618	U2hpZWxkQm9uZVRvd2Vy
p	-1172819289	dmZ4X3NocnViXzJfaGVhdGhfZGVzdHJveWVk
p	-871962805	dmZ4X1JvY2tEZXN0cm95ZWRfT2JzaWRpYW4=
p	-243015930	ZnhfZnJvc3Rmb3VuZHJ5X2FkZGZ1ZWw=
p	-1912975828	dmZ4X3BpbmV0cmVlX3JlZ3Jvdw==
p	2011351767	QXNobGFuZHNCcmFuY2gx
p	-287580596	c2Z4X2JvYXJfYmlydGg=
p	1470919012	TW9ya2hhbGxhX1J1YmJsZV9EZXN0cm95ZWQ=
p	2038061211	dGVudGFyb290X2F0dGFjaw==
p	664021750	TW9ya2hhbGxhX2JyaWRnZV9zdGFpcjAx
p	307230736	Y2hhcnJlZF9ib3dfcHJvamVjdGlsZQ==
p	-1836156358	U3Bhd25lcl9CYXQ=
p	-22020749	SGFpcjExXzI=
p	-518087446	QXNrc3ZpbkNhcnJpb25OZWNr
p	1223788739	Z2Rfa2luZ19zY3JlYW0=
p	-976651857	c2Z4X21ldGFsZG9vcl9zbGlkaW5nX29wZW4=
p	-1530429132	Ympvcm5fY2xhd3M=
p	2046458303	c2Z4X0JvbmVtYXNzX2RlYXRo
p	-729507656	SGF0Y2hsaW5n
p	-877566190	c2Z4X2NoYXJyZWRfYXJjaGVyX3ZvbGxleV9kcmF3
p	1606082792	cm9jazFfbWlzdGxhbmRz
p	1678513475	YXNod29vZF9zdGFpcg==
p	-819841333	ZnhfQWJvbWluYXRpb25fZm9vdHN0ZXBfd2Fsaw==
p	1147489737	U3BlYXJTcGxpdG5lcl9MaWdodG5pbmc=
p	2122687682	bWVtb3JpYWxzaXRlX29mZmVyaW5n
p	1914820248	UGlja2FibGVfSGFyZFJvY2tPZmZzcHJpbmc=
p	-1873790835	QXJtb3JSYWdzQ2hlc3Q=
p	-1885854703	TW9sZFN3b3JkMkg=
p	-1570813867	dmZ4X21vcmtoYWxsYV9iZW5jaF9kZXN0cm95ZWQ=
p	-1495166496	cG9ydGFs
p	-779148385	c2Z4X3NrZWxldG9uX2FsZXJ0ZWQ=
p	-1449576503	dmZ4X1BsYWNlX0hpbGRpclRhYmxlQ2xvdGhlcw==
p	485598355	U1BfU3dvcmRCbGFja21ldGFs
p	324164379	c2Z4X0dvYmxpblNoYW1hbl9hbGVydGVk
p	-990890393	dmZ4X0Zyb3N0
p	2045652327	c2Z4X2ZhbGxlbnZhbGt5cmllX2F0dGFja19zcGluX3JlbGVhc2U=
p	1814971431	Q2FzdGxlS2l0X2dyb3VuZHRvcmNoX3VubGl0
p	51600563	RHlybnd5bkJsYWRlRnJhZ21lbnQ=
p	421427357	ZnhfZ29ibGlua2luZ192b19iZWFtc3RhcnQ=
p	1683665181	ZHZlcmdydG93bl9zZWNyZXRkb29y
p	197363609	QXNobGFuZHNfRm9ydHJlc3NfV2FsbF9QaWxsYXI=
p	1871151742	c2Z4X2Zyb3plbmtpbmdfY2hhaW5mbHVycnlfc3RhcnQ=
p	362390805	c2Z4X2d1aV9jcmFmdGl0ZW0=
p	-13607197	dmZ4X1BsYWNlX3JlZmluZXJ5
p	807590947	VHJpbmtldENhcmFwYWNlRWl0cg==
p	1582208907	c2Z4X2ZhbGxlbndhcnJpb3JfaWRsZQ==
p	1504634878	Q2hhcnJlZF9hbHRhcl9iZWxsZnJhZ21lbnQ=
p	1076868785	ZHZlcmdycm9ja19mbG9vcnNtYWxs
p	-1298279079	Z29ibGluX3N0cmF3cGlsZQ==
p	504146489	ZnhfZ3VhcmRzdG9uZV9hY3RpdmF0ZQ==
p	-790658592	cm9jazRfY29hc3Q=
p	-1070004643	ZnhfZ29ibGluYnJ1dGVfZ3JvdW5kc2xhbQ==
p	349244329	QXJtb3JGZW5yaW5nQ2hlc3Q=
p	533461005	ZnhfU2hpZWxkQ2hhcmdlXzI=
p	1796124627	RmlzaGluZ0JhaXRQbGFpbnM=
p	2089897350	V2FsbFNub3cz
p	1299032657	RHZlcmdlclN0YWZmQmxvY2tlcl9ibG9ja0NpcmNsZQ==
p	982281717	dmZ4X0ZyZWV6aW5n
p	-464902766	YmFyX3NpbHZlcl9zdGFjaw==
p	-752405273	dmZ4X1BsYWNlX3dvb2RfZmxvb3I=
p	-598122136	d29vZF9yb29mX3RvcF80NQ==
p	1705458814	cGllY2VfYmxhY2ttYXJibGVfdGFibGU=
p	63992098	VXBncmFkZXIyV2VhcG9u
p	-780564436	cGllY2VfbWF5cG9sZQ==
p	-400101552	bWV0YWxiYXJfMXgy
p	729311444	ZnhfbW9vc2VfaGl0
p	518007584	TGFzdEJvc3NHYXRl
p	832544534	Ym9hcl9yYWdkb2xs
p	-797389615	c2Z4X2Zvb3RzdGVwX3N3aW0=
p	-837447586	RmlyZQ==
p	-958543452	UGlja2FibGVfQmxhY2tDb3JlU3RhbmQ=
p	-2081117101	d29vZF9mZW5jZQ==
p	1690940623	VHJvcGh5RWxha2luZw==
p	921103400	RmFkZXJfRmxhbWVicmVhdGg=
p	296085350	dmZ4X21vcmdlbmhvbGVfcGlsZV9kZXN0cm95ZWQ=
p	-35232328	REdfSGlsZGlyX0NhdmU=
p	-1256227973	YXNwZWN0X2RyYWdvbl9iaXRl
p	-480504414	c2Z4X3NrZWxldG9uX2Jhc2ljX2F0dGFja19tZWxlZQ==
p	1266935119	c2Z4X2Jsb2JsYXZhX2NyYXds
p	-1922464531	c2VhbF9wdXBfcmFnZG9sbA==
p	1214074822	c2Z4X2ZhZGVyX2Zpc3N1cmU=
p	-1736688790	RHJhZ29uRWdn
p	1142509968	VHJlYXN1cmVDaGVzdF9tb3VudGFpbmNhdmVfaGlsZGly
p	1551643975	QmxvYkZyb3N0
p	1619070209	ZGVhZF9kZWVy
p	-822720420	YmxhY2ttYXJibGVfY3JlZXBfc3RhaXI=
p	-311339688	cGllY2VfdGFibGVfcnVuZWQ=
p	-1508843442	R29ibGluQXJjaGVy
p	-197735233	c2Z4X2Jvc3NzdG9uZV9hdHRhY2hfZG9uZQ==
p	-27549796	SGFpcjI4
p	-1138351504	d29vZF93aW5kb3c=
p	610578758	VHJlYXN1cmVDaGVzdF9jaGFycmVkZm9ydHJlc3M=
p	37191188	Sm90dW5IYWlyTWFsZTU=
p	1130656768	TW9ya2hhbGxhX0Zsb29yXzR4NF9ob2xlMDI=
p	1399288629	ZnhfZnJvemVua2luZ19jaGFpbl9zcGFya3M=
p	1409301312	QXJtb3JEcmVzczQ=
p	713592094	dmZ4X0hlYXJ0aEFkZEZ1ZWw=
p	-2014915412	c2Z4X2JvYXJfaGl0
p	958689740	dmZ4X2xpZ2h0bmluZ3N0YWZmX2ZpcmU=
p	43892854	c2Z4X25lY2tfYXR0YWNr
p	1017608796	aWNlMQ==
p	200952138	U1BfU3RhZmZMaWdodG5pbmc=
p	717570724	dmZ4X0hvbGVTcGF3bmVyX2Rlc3RydWN0aW9u
p	1409301301	QXJtb3JEcmVzczk=
p	1126648746	QXNobGFuZHNfV2FsbF8yeDJfY29ybmVyTF90b3A=
p	-447136041	Um9ja19kZXN0cnVjdGlibGVfdGVzdA==
p	343761714	QXJyb3dPYnNpZGlhbg==
p	-708018736	dmZ4X2RyYWdvbl9odXJ0
p	-1246052899	VHJvcGh5Q2hhcnJlZE1hZ2U=
p	1553993741	c2Z4X3NlYWxfY3Jhd2w=
p	984644748	R3VpZGVQb2ludA==
p	-784116359	YXNwZWN0X2RyYWdvbl9jb2xkYnJlYXRo
p	1294771866	cGllY2VfdHJhcF90cm9sbA==
p	-183061595	UHJvamVjdGlsZV9HcmFwcGxpbmdIb29r
p	1821410901	VHJvcGh5V3JhaXRo
p	26707384	Znhfc3dfcHJvZHVjZQ==
p	-428497668	X1Jvb21MaXN0X0NhdmU=
p	-206628935	cHJvamVjdGlsZV9sYXZhUm9jaw==
p	-1490726722	ZnhfY2hhcnJlZF9oaXQ=
p	-58250568	dmZ4X0Zlcm5Bc2hsYW5kc19kZXN0cm95ZWQ=
p	-1016799938	U3dpdGNoSm95Q29uMk1vdXNlR2FtZXBhZE1hcA==
p	778331988	Znhfc3dfYWRkZmxheA==
p	976661943	YXNod29vZF9oYWxmd2FsbF8xeDI=
p	-697259636	ZnhfbmF0dXJld2VhcG9uX2hpdA==
p	-1481428727	QW5jaWVudEdlbXN0b25lQmxhY2s=
p	-125049440	YmxhY2ttYXJibGVfaGVhZDAx
p	-1906091609	U2lsdmVy
p	1341839349	YmxhY2ttYXJibGVfYmFzZV8y
p	-529313399	dmZ4X3NoaWVsZGdlbmVyYXRvcl9yZWZ1ZWw=
p	-441962920	dmZ4X2Vpa3RoeXJfZm9vdHN0ZXA=
p	-1658241422	Sm90dW5XYXJyaW9yMkhBeGVfYXR0YWNrX2NoYXJnZQ==
p	1152803659	dmZ4X3N0b25lX3dhbGxfcnVpbl8yX2Rlc3Ryb3llZA==
p	1386537720	R2hvc3RfVm9pZA==
p	-1497788723	RnJvc3RXaXNwX1N0b3Jt
p	33171023	dmZ4X0ZhbGxlbldhcnJpb3JfaGl0
p	533461006	ZnhfU2hpZWxkQ2hhcmdlXzM=
p	-796175772	dmZ4X2Jhcl9nb2xkX3N0YWNrX2Rlc3Ryb3llZA==
p	-1792019805	c2Z4X3NrZWxldG9uX3BvaXNvbl92ZXJzZV9hdHRhY2s=
p	891097842	U3dvcmRTaWx2ZXI=
p	-490399162	QXJtb3JNYWdlTGVncw==
p	437925541	d29vZF93YWxsX3Jvb2ZfdG9w
p	874494250	c2Z4X21vb3NlX2RlYXRo
p	-699293935	RnJvemVuR0Q=
p	1837230121	ZnhfYmpvcm5fZGVhdGg=
p	-2053541920	Y2F2ZXJvY2tfaWNlX3N0YWxhZ21pdGU=
p	316489196	c2Vla2VyX2NsYXdfcmlnaHQ=
p	-1982460444	ZGlnZ19ibG9iTGF2YUV4cGxvc2lvbg==
p	-1362507165	dnhfYXNobGFuZF9wb3QyX2dyZWVuX2Rlc3RydWN0aW9u
p	812270783	QXNobGFuZHNfQXJjaDI=
p	1985646034	R3JleWxpbmdfYXR0YWNr
p	249385158	TW9ya2hhbGxhX1N0YXR1ZV9iYXNl
p	-1593123332	YXNod29vZF9kZWNvX2Zsb29y
p	-474798661	UXVlZW5zSmFt
p	-811560274	Z2RraW5nX1JhZ2RvbGw=
p	744168779	VHJvcGh5QmxvYg==
p	1426172474	dmZ4X2dyYXVzdGVuX3N0YWlyX2Rlc3Ryb3llZA==
p	-1778014004	c2Z4X3dyYWl0aF9kZWF0aA==
p	173564803	ZnhfZnJvc3Rmb3VuZHJ5X2FkZGl0ZW0=
p	907821109	cHJvcF9UYW5rYXJk
p	-1843622859	UGlja2FibGVfTXVzaHJvb21fYmx1ZQ==
p	854610264	U2tlbGV0b25fTWVhZG93cw==
p	1287973336	U3Bhd25lcl9HcmV5ZHdhcmZfRWxpdGU=
p	521474101	c2Z4X21vb3NlX2F0dGFja19tZWxlZV9tb3ZlbWVudA==
p	1382552278	QWJvbWluYXRpb25fYXR0YWNrMg==
p	1867717312	dmZ4X3Ryb2xsc25vd19ncm91bmRzbGFt
p	997133407	SGVsbWV0Q2VsZWJyYXRpb24=
p	1473935011	dHVubmVsX3dlYg==
p	884180074	dmZ4X3N0b25lX3N0YWlyX2Rlc3Ryb3llZA==
p	-1089506736	UGlja2FibGVfRmlkZGxlaGVhZA==
p	-1826966207	aGlsZGlyX2hhdHN0YW5kMQ==
p	-1230668409	c2hpZWxkZ2VuZXJhdG9yX2F0dGFjaw==
p	1185684009	S25pZmVHb2xkVW5jb29rZWQ=
p	-1718923699	RW5lbXlfQmFya2FfRGVhdGhfRGVicmlz
p	-1958435740	QmVhcmQxNw==
p	-1758649809	TW9sZFNoaWVsZFJvdW5k
p	-502474216	c2Z4X2Fza3N2aW5fZGVhdGg=
p	-235098033	c2Z4X3RpY2tfYWxlcnRlZA==
p	1937225822	TW9ya2hhbGxhX0Zsb29yXzR4NF9ob2xlMDQ=
p	-1861534365	cHJvcF9hc2h3b29kX2JlZA==
p	151805409	dmZ4X2ZpcmxvZ2Rlc3Ryb3llZA==
p	1500324956	UGlja2FibGVfRG9sbWVuVHJlYXN1cmU=
p	1491479979	SGFpcjMy
p	1416166045	Znhfc2Vla2VyYnJ1dGVfZGVhdGg=
p	-1631684118	R3JleWR3YXJmX3NoYW1hbl9hdHRhY2tfZnJvemVu
p	-1049634774	Y2xvdGhfaGFuZ2luZ19kb29y
p	-1799123710	Y2xpZmZfYXNobGFuZHM0X2ZyYWM=
p	-820118935	cm9jazRfYXNobGFuZHNfZnJhYw==
p	1253661190	Y3J5cHRfcm9jaw==
p	1815028488	dHJvbGxzbm93X2dyb3VuZHNsYW1fcg==
p	378350759	c2Z4X2Zyb3plbmtpbmdfaW50cm9faWNlcGlsbGFyX3JpZ2h0X2JyZWFr
p	1334057821	VHJvcGh5RnJvc3RUcm9sbA==
p	-1061353886	TWVhZEJhc2VTdGFtaW5hTWlub3I=
p	1712619415	RldfQXJtb3JNYWdlTGVnc19Bc2hsYW5kcw==
p	463220889	dmZ4X2tpbG5fYWRkb3Jl
p	-2020830285	YXNod29vZF93YWxsX2Nyb3NzXzY3
p	-486361383	TW9ya2hhbGxhX1J1YmJsZV9taXg=
p	-1486616108	ZGFya3dvb2Rfcm9vZl90b3BfNjc=
p	1612751268	U2Vla2VyUXVlZW5fUnVzaA==
p	1477045621	YXJiYWxlc3RfcHJvamVjdGlsZV9pcm9u
p	829393023	QmxvYg==
p	1253526026	VHJvcGh5U3VydGxpbmc=
p	575116412	dmZ4X3NlYWxfaGl0
p	782154305	c2Z4X3NrZWxldG9uX3Jpc2U=
p	-513169628	Sm90dW5XaXRjaF9hdHRhY2tfZG9kZ2U=
p	-1362296038	TGFzdEJvc3NHYXRlX0NoYWlu
p	1006477195	U3Bhd25lcl9EcmF1Z3JfcmVzcGF3bl8zMA==
p	1565293917	Y2xpZmZfYXNobGFuZHNfQXJjaF9mcmFj
p	1367871329	c2Z4X2Zyb3plbmtpbmdfcHVuY2hhb2VfcHVuY2hfZmlyc3Q=
p	2026655068	WWdnYVNob290MQ==
p	1297712028	RnJvemVuS2luZ19QMl9Qcm9qZWN0aWxlX01vZGVy
p	1112160676	dmZ4X1BsYWNlX3dvcmtiZW5jaA==
p	-1237403378	SGFpcjEz
p	420204856	cGllY2VfYmFubmVyMDE=
p	-419194450	c2Z4X2RyYXVncl9pZGxl
p	-453750806	c2Z4X3Z1bHR1cmVfZWF0X2JyZWFr
p	297539338	TW9yZ2VuX2JvZHlzbGFt
p	388316152	VHJvcGh5RHZlcmdy
p	-1094090678	ZnhfUHVrZQ==
p	596627814	X05ldFNjZW5l
p	172714034	REdfSGFsZkJ1cnJpZWRfRm9yZXN0Q3J5cHQ=
p	-374786005	TW9ya2hhbGxhX1N0YXR1ZVBpZWNlQXJtUl9iaWc=
p	-1480591642	bXVkcGlsZV9vbGQ=
p	1989815942	SW52ZW50b3J5SW5mbw==
p	1813259955	SGVsbWV0QnJvbnpl
p	-434038054	dmZ4X2R2ZXJncl9wb2xlX2Rlc3Ryb3llZA==
p	515103554	TW9ya2hhbGxhX1RhYmxl
p	310459312	c3Bpcml0Ympvcm5fc2xhbQ==
p	341705331	ZGlnZ19ib21iZHluYW1pdGU=
p	1192802473	ZnhfbGlnaHRuaW5nd2VhcG9uX2hpdA==
p	-669580346	c2Z4X2dka2luZ19zY3JlYW0=
p	1028681095	ZnhfSm90dW5XaXRjaF9MaWdodG5pbmdCb2x0X1RyaWdnZXI=
p	1657629399	Znhfc3VtbW9uX3R3aXRjaGVyX3NwYXdu
p	2108016051	TGF2YVJvY2s=
p	-2059554690	c25vd19pbmNyZWFzZQ==
p	733947547	c3Bpcml0Ympvcm5fYml0ZQ==
p	-1512740916	c2Z4X3Ryb2xsZmlyZV9hdHRhY2tfc2xhcF9zd2luZw==
p	-950351911	YXNod29vZF93YWxsX2JlYW1fMjZfYWx0
p	-1369654742	SW5nYW1lR3Vp
p	-375407498	RmlyVHJlZV9Tbm93X2xvZ19oYWxm
p	-1346322042	Y3J5cHRfc2tlbGV0b25fY2hlc3Q=
p	450035874	REdfSGlsZGlyX1BsYWluc0ZvcnRyZXNz
p	2121021919	c2Z4X2JvYXJfYXR0YWNr
p	-1947863526	c2Z4X1BvdGlvbl9oZWFsdGhfbWlub3I=
p	764716616	SG9sZVJvY2tfc21hbGwx
p	271482034	c3RvbmVfd2FsbF8xeDFfcnVpbg==
p	75738720	ZnhfZm9vdHN0ZXBfbXVkX3J1bg==
p	-862893785	ZnhfYm9zc3N0b25lX2F0dGFjaA==
p	-929945654	X1Jvb21MaXN0X01pc3RsYW5kcw==
p	1016303223	UGluZVRyZWVfbG9nX2hhbGY=
p	1366980777	Y2F2ZXJvY2tfc3RhaXJz
p	2021006706	VHVycmV0X3Byb2plY3RpbGU=
p	108229521	c2Z4X3Ryb2xsX3JvY2tfZGVzdHJveWVk
p	-1591307680	Um9ja183X21lYWRvd3M=
p	-1210167804	YXNwZWN0X0ZhZGVyX0JpdGU=
p	476803135	YWNhY2l0cmVl
p	2138806728	c2Z4X3Ryb2xsX2lkbGU=
p	-1991254012	Sm90dW5IYWlyRmVtYWxl
p	-63152736	U2Vla2VyRWdnX2Fsd2F5c2hhdGNo
p	-2092967400	QXJtb3JUdW5pYzQ=
p	-962057952	ZnhfbW9yZ2VuX3N3aXBl
p	1662224322	TW9ya2hhbGxhX0Zsb29yXzR4NF9icm9rZW4wMQ==
p	1132532351	d29vZF9yb29mX2ljb3JuZXJfNDU=
p	2066019067	ZnhfbGV2aWF0aGFuTGF2YV9sZWF2ZQ==
p	-1782709912	c2Z4X2hhdGNobGluZ19jb2xkYmFsbF9sYXVuY2g=
p	-1589792061	c2hpcHdyZWNrX3Zpa2luZ3NoaXBfZnJvbnRwaWVjZQ==
p	680430119	UmVwb3J0VXNlcg==
p	1269730175	c2Z4X3dlYXBvbnNfbmF0dXJlX2VuYWJsZQ==
p	635149772	dmZ4X3N0b25lX3dhbGxfcnVpbl9kZXN0cm95ZWQ=
p	-1345985635	U3RhZmZTaGllbGQ=
p	394851821	RnJvemVuS2luZ19QMl9TcGF3bl9FbGRlcg==
p	-171195636	Q2F0YXB1bHRfQW1tb19CbG9vZEdvbGQ=
p	-1733578089	dmZ4X2Fycm93aGl0
p	2028884154	dmZ4X2JsYXN0ZnVybmFjZV9wcm9kdWNl
p	1106775641	dmZ4X2J1c2gyX2VfaGl0
p	977191802	SWNlX3NoaXBfNw==
p	149668394	UHVsbGVkQmVhcg==
p	-550679782	ZnhfdG90ZW1fZGVzdHJveWVk
p	-1401584322	VW5iam9ybl9yYWdkb2xs
p	-2139518358	c2Z4X2dob3N0c19tZWxlZV9hdHRhY2s=
p	455689833	U3Bhd25lcl9Ib2xl
p	1468208775	QXNobGFuZHNfUnVpbnNfV2FsbF9XaW5kb3dfNHg2X2Jyb2tlbjY=
p	-1365862786	c2Z4X2Zyb3plbmtpbmdfdGVuZHJpbF9zdW1tb24=
p	959730964	U3Bhd25lcl9CbG9i
p	1070583578	U2N5dGhl
p	-881507777	Q2hhcnJlZENvZ3doZWVs
p	1095258474	c2NhbGVfd2FsbF9yb29mXzY3
p	-530079503	R29ibGluU3BlYXJEZWVwTm9ydGhfcHJvamVjdGlsZQ==
p	1958096728	ZnhfaGltbWluYWZsX2FvZQ==
p	1599688024	dmZ4X2FyY2hlcnl0YXJnZXRfYnVsbHNleWVfcXVpbnQ=
p	-1252856128	cGllY2VfQXJjaGVyeVRhcmdldA==
p	235644861	dmZ4X3lnZ2FzaG9vdF9jdXQ=
p	1294360639	QXNwZWN0X0ZhZGVy
p	1111243907	UGluZVRyZWVfbG9n
p	-1691837302	c2Z4X21vcmdlbl9zcGF3bg==
p	1987599547	RnJvemVuS2luZ19DaGFpblNsYW1fTA==
p	1592482536	ZHZlcmdycHJvcHNfbGFudGVybl9zdGFuZGluZw==
p	897989851	U2hpZWxkR29sZA==
p	-1126272096	UGluZVRyZWVfU25vd19sb2dfWExfaGFsZg==
p	-779606389	ZnhfdHJhcF9hcm0=
p	-1876813566	aW5jaW5lcmF0b3I=
p	789849948	U2Vla2VyQnJ1dGVfVGF1bnQ=
p	-936973414	RmVhc3RPY2VhbnNfTWF0ZXJpYWw=
p	-1806562545	c2Z4X2dyZXlkd2FyZl9zdG9uZV9oaXQ=
p	-1119100776	V2F0ZXJDdWJlX2NhdmU=
p	1894764504	SGFpcjEx
p	-537059058	dmZ4X2Zyb3plbmtpbmdfZmluYWxfZGVhdGhfZ3JvdW5k
p	574648488	dmZ4X2R2ZXJncl93b29kX3dhbGwwMl9kZXN0cm95ZWQ=
p	-2075528908	dmZ4X2dvYmxpbl93b29kd2FsbF9kZXN0cm95ZWQ=
p	1350859097	Y2xpZmZfbWlzdGxhbmRzMV9jcmVlcA==
p	427282374	bXVkZmxvb3I=
p	907710131	VGhyb3dJdGVt
p	168056958	ZnhfaG90dHViX2FkZHdvb2Q=
p	-1632556638	ZnhfZnJvemVua2luZ190ZW5kcmlsc19zdW1tb25pbmc=
p	550787196	dmZ4X2Zpcl9vbGRsb2c=
p	-1779108881	QXhlU3RvbmU=
p	-1900611834	dmZ4X0d1Y2tTYWNrRGVzdHJveWVk
p	903556745	Q3Jvdw==
p	-216645857	Z29ibGluX3dvb2R3YWxsXzJt
p	-1325982505	SGFpcjIyXzI=
p	-2139848760	d29vZF9zdGFjaw==
p	-777643224	Y3VsdGl2YXRlX3Yy
p	-1481770340	YXNobGFuZF9wb3QzX3JlZA==
p	1852862665	YXJ0aXNhbl9leHQx
p	-1850988268	WWdnZHJhc2lsUG9ycmlkZ2U=
p	-1950378032	c2Z4X3NrZWxldG9uX3BvaXNvbl9hdHRhY2tfbWVsZWU=
p	1791650588	c2Z4X3Ryb2xsX2Zvb3RzdGVwX3dhdGVy
p	884909855	cm9jazNfbW91bnRhaW5fZnJhYw==
p	-1650858748	c2Z4X2RyYWdvbl9pZGxl
p	309311199	c2Z4X3BpY2thYmxlX3BpY2s=
p	-1438354023	U3BlYXJFbGRlcmJhcms=
p	-2092967399	QXJtb3JUdW5pYzM=
p	1757809681	bW9yZ2VuaG9sZV9waWxl
p	989914610	c2Z4X2pvdHVud2l0Y2hfSWRsZQ==
p	-1500069970	TWlzdEFyZWFfZWRnZQ==
p	-1567646802	S25pZmVGbGludA==
p	1446778968	QXNobGFuZHNfV2FsbF8yeDJfZWRnZTJfdG9w
p	853939451	Vm9pZHBsYXNt
p	294664817	c2Z4X21vcmdlbl9hdHRhY2s=
p	-800886699	ZHZlcmdydG93bl9jcmVlcF9kb29y
p	65234645	dW5iam9ybl9jbGF3cw==
p	1636579834	SGlsZGlyc0xveA==
p	-1944414863	c2Z4X2NoYXJyZWRfaHVydA==
p	-1349962760	TW9ya2hhbGxhX1N0YXR1ZTI=
p	-1813415923	QXNobGFuZHNfUnVpbnNfV2FsbF9Ccm9rZW4zXzR4Ng==
p	513203996	c2Z4X1BvdGlvbl9zdGFtaW5hX1N0YXJ0
p	1185163063	RmlyVHJlZQ==
p	1966038773	dmZ4X3NrZWxldG9uX2RlYXRo
p	823803108	TW9ya2hhbGxhX1J1Z19taWRkbGU=
p	-1371474352	c2Z4X2VhdA==
p	-74603963	SGFpcjI1
p	-2113381525	QXNobGFuZHNCdXNoMQ==
p	-1774732552	QXJtb3JCZXJzZXJrZXJVbmRlYWRDaGVzdA==
p	1716592048	UnVuZVN0b25lX0NhdmVwYWludGluZzE=
p	-60725897	Z2lhbnRfc3dvcmQxX2Rlc3RydWN0aW9u
p	-1904833886	aXJvbl9mbG9vcl8xeDE=
p	69446882	QXJtb3JCZXJzZXJrZXJVbmRlYWRMZWdz
p	-1765986286	U3Bhd25lcl9DaGlja2Vu
p	1414822218	SGVsbWV0SGF0Mg==
p	1052247898	Um9ja180X2RlZXBub3J0aA==
p	274624924	U2hpZWxkVG93ZXJHb2xkVW5jb29rZWQ=
p	1371007161	c2Z4X2ZhZGVyX2Zvb3RzdGVw
p	650075310	Y3J5c3RhbF93YWxsXzF4MQ==
p	614298410	cGllY2Vfd29ya2JlbmNoX2V4dDQ=
p	-2044325125	RHZlcmdlckFzaGxhbmRz
p	2048566411	TW9ya2hhbGxhX1dhbGxfMjBfYnJva2VuNA==
p	482961007	RmFkZXJfU3Bpbg==
p	-475222070	cGllY2VfY2hlc3RfdHJlYXN1cmU=
p	-1798613647	VHJvbGxIaWRl
p	1491287432	RnJvc3RDYXZlc1NocmluZVJldmVhbA==
p	987966627	Znhfc3RvbmVfUl9kZXN0cm95ZWQ=
p	956240876	c2Z4X2NvaW5zX2Rlc3Ryb3llZA==
p	1700229387	Qm9sdENhcmFwYWNl
p	343637466	aWNlX3JvY2sx
p	1951121652	VHJvcGh5R2phbGw=
p	681682073	U2V0dGluZ3M=
p	39707051	RmVucmluZ19hdHRhY2tfZnJvc3Q=
p	1156137171	c2Vla2VyX2xhbmQ=
p	1328479262	Sm90dW5XaXRjaF9hdHRhY2tfZG9kZ2Uy
p	-1358854099	RldfSGVsbWV0QnJvbnpl
p	412281882	ZnhfU3RhZmZTaGllbGRfSGl0
p	-438895135	dmZ4X3N0b25lZ29sZW1fZm9vdHN0ZXBfc25vdw==
p	1534678893	c3RhZmZfdGh1bmRlcmJsb29kX3Byb2plY3RpbGU=
p	2083417226	QXNobGFuZHNfQm9zc19QaWxsYXJfVHdpc3RfYnJva2VuMQ==
p	-2055972266	ZnhfY2hpY2tlbl9wZXQ=
p	-1924504491	TW9ya2hhbGxhX1N0b25lUGlsbGFy
p	-345894198	RnJ5c2xpbmc=
p	1185250548	QnJlYWQ=
p	-38087410	QXNobGFuZHNfRm9ydHJlc3NfV2FsbF9QaWxsYXJfZnJhYw==
p	-1499057998	dmZ4X2xlZWNoX2hpdA==
p	277524700	R1VJU2xpZGVy
p	-497397627	dmZ4X3N0b25lZ29sZW1fYXR0YWNrX2hpdA==
p	-1892863254	RmVucmluZ0ljZU5vdmFfYW9l
p	-1316976302	QXJtb3JQYWRkZWRHcmVhdmVz
p	-268842449	ZHZlcmdycHJvcHNfY3VydGFpbg==
p	1409301311	QXJtb3JEcmVzczc=
p	30264026	dmZ4X3BpY2thYmxlX3BpY2s=
p	644389765	Q2FuZGxlX3Jlc2luX2JvZ3dpdGNo
p	-955292439	U3Bhd25lcl9EcmF1Z3JfUmFuZ2VkX05vaXNl
p	-500516295	QW5jaWVudFNlZWQ=
p	-1195396462	VmVndmlzaXJfRmFkZXI=
p	1364271738	c2Z4X3NrZWxldG9uX2hpbGRpcl90b3JjaF9sb29w
p	109649209	RmlzaDU=
p	-2030488463	UGlja2FibGVfU3dvcmRwaWVjZTI=
p	2072191495	c2Z4X2xveF9zaG91dA==
p	1592185747	RmlzaGluZ0JhaXRDYXZl
p	-523302552	c2t1bGxfcGlsZQ==
p	-1623263994	c3RvbmVfd2FsbF8yeDE=
p	1933004934	cGllY2VfYmVuY2hfcnVuZWQ=
p	775982643	U3Bhd25lcl9Kb3R1bldhcnJpb3I=
p	1795756859	Sm90dW5XYXJyaW9yMkhBeGVfYXR0YWNrX3NsYXNo
p	-1282958210	c2Z4X2ZhZGVyX2NsYXdfcHJl
p	-945052607	c2Z4X3VuYmpvcm5faWRsZQ==
p	-1780728613	ZHJhZ29uX3NwaXRfc2hvdGd1bg==
p	1762081833	QmxhY2tNZXRhbFNjcmFw
p	-1998342887	dmZ4X2R2ZXJncl9jdXJ0YWluX2Jhbm5lcl9kZXN0cm95ZWRfaG9yaXNvbnRhbA==
p	-1211919799	dmZ4X2JvbmVwaWxlX2Rlc3Ryb3llZA==
p	-1790688672	ZnhfZmxvYXRfbmliYmxl
p	1499269640	cm9ja19taXN0bGFuZHMx
p	-703412416	c2Z4X2Zvb3RzdGVw
p	1786545732	QXNrc3Zpbl9Qb3VuY2U=
p	1758427888	Y2F1bGRyb25fZXh0Nl9yb2xsaW5ncGlucw==
p	-778523948	ZnhfbGFuZA==
p	-698896327	U2xlZGdlU3RhZ2JyZWFrZXI=
p	1773356668	Y2xvdGhfaGFuZ2luZ19sb25n
p	382130479	YmxvYnRhcl9hdHRhY2s=
p	1161356449	ZnhfbG94X2Zvb3RzdGVw
p	1021783461	QXNwZWN0X0VsZGVy
p	1661049019	UGlja2FibGVfUm95YWxKZWxseQ==
p	-1107732077	c21hbGxfcm9jazI=
p	1665170035	QXJtb3JHb2xkSGVhdnlDaGVzdFVuY29va2Vk
p	-1722279785	RnJvemVuS2luZ19QMl9Qcm9qZWN0aWxlX1F1ZWVu
p	1571152787	RnJhZ3JhbnRCdW5kbGU=
p	-493262268	QmVlY2gx
p	-1824942930	dmZ4X0Zlcm5Bc2hsYW5kc19wdWZm
p	107227657	QXNobGFuZHNfUGlsbGFyNF90aXA=
p	1690651452	U3dvcmRHb2xkX0Jsb29kTGlnaHRuaW5n
p	-1516314185	c2Z4X3BpY2theGVfaGl0X3ZpYnJhdGlvbl9vbmx5
p	-284562001	dmZ4X2RhbWFnZWRfY2FydA==
p	-547208263	TW9ya2hhbGxhX0dhdGVEb29y
p	-75284709	VmFsa3lyaWVfRW5k
p	524381240	aGlsZGlyX2NhcnBldA==
p	583402574	Qmx1ZWJlcnJpZXM=
p	209240618	VHJlYXN1cmVDaGVzdF9oZWF0aF9oaWxkaXI=
p	-1437351074	Y2xpZmZfbWlzdGxhbmRzMV9mcmFj
p	-936723344	aXJvbl93YWxsXzF4MV9ydXN0eQ==
p	-896645116	ZHJhdWdyX2F4ZQ==
p	1447842535	RmFsbGVuVmFsa3lyaWU=
p	-1255181328	ZHZlcmdycHJvcHNfY3JhdGU=
p	-457933930	U3Bhd25lcl9TZWVrZXJfcmVzcGF3bl8yNDA=
p	1671717323	U2VycGVudA==
p	1304146911	c2Z4X3NrZWxldG9uX3N3YW1wX2RlYXRo
p	-1779809973	QmFya2FCcmFuY2g=
p	870990430	QXNobGFuZHNUcmVlNg==
p	180601353	c2Z4X2NsdWJfc3dpbmc=
p	985388846	X0xvY2F0aW9uTGlzdF9NaXN0bGFuZHM=
p	730581695	c2Z4X2NoYXJyZWRfdHdpdGNoZXJfYXR0YWNr
p	994041724	Q3Jvd25KZXdlbA==
p	-1521109453	Qm9zc1N0b25lX0JvbmVtYXNz
p	-459269561	dmZ4X0dyYXVzdGVuRGVzdHJveWVkX2xhcmdl
p	-489276534	ZHZlcmdycHJvcHNfY2hhaXI=
p	1804879894	Y2hhcnJlZF9ib3c=
p	616678875	U2hpZWxkQmFuZGVk
p	133212030	U3Bhd25lcl9IZW4=
p	2092877623	TWVhZEJhc2VIZWFsdGhNaW5vcg==
p	-1235682905	SG9sZVJvY2tfcm9vdEZsb29yMQ==
p	-298936870	Znhfc2hpZWxkZ2VuZXJhdG9yX2F0dGFjaw==
p	-787066183	QnJlYWREb3VnaA==
p	-399756230	U3Bhd25lcl9EcmF1Z3JQaWxl
p	-1016581293	QXJtb3JCZXJzZXJrZXJDaGVzdA==
p	773085886	ZnhfbGF2YWJ1YmJsaW5n
p	-1859318427	RmlzaDEw
p	443759629	c2Z4X2d1aV9jcmFmdGl0ZW1fd29ya2JlbmNo
p	-1645918898	U1BfQXJtb3JQYWRkZWRHcmVhdmVz
p	-286621795	X0hvZVBpZWNlVGFibGU=
p	-2146162786	R29ibGluVG9yY2hEZWVwTm9ydGg=
p	1720244614	c2Z4X3NlcnBlbnRfYXR0YWNr
p	858335442	RldfQmF0dGxlYXhlQ3J5c3RhbA==
p	855433562	QXJtb3JJcm9uTGVncw==
p	-228851863	Znhfc2Vla2VyYnJ1dGVfZm9vdHN0ZXBfZGVmYXVsdA==
p	-144397118	SG9sZVJvY2tfY3VydmVkMndIb2xl
p	-321593056	UGlja2FibGVfRHJhZ29uRWdn
p	-164515435	cGllY2VfY2FydG9ncmFwaHl0YWJsZQ==
p	-417141123	RldfQm93RHJhdWdyRmFuZw==
p	-253282352	U3Bhd25lcl9Hb2JsaW4=
p	-887056399	Q3Jvc3Nib3dSaXBwZXJOYXR1cmU=
p	518810534	c2Z4X2dyZXlkd2FyZl9pZGxl
p	570043609	R29ibGluU2hhbWFuX1N0YWZmX0hpbGRpcg==
p	-1896999675	ZHZlcmdycHJvcHNfYmFubmVy
p	1064086527	Sm90dW5XYXJyaW9yMUhBeGVfYXR0YWNrX3NsYXNoZHc=
p	-1943394411	RmFkZXJfUm9hcg==
p	1933247027	QmVhcmQyMQ==
p	-1893623813	Q2FwZUxpbmVu
p	-1558885352	U2hvb3RTdHVtcA==
p	892523412	c2Z4X2ZhZGVyX2JpdGVfc25hcmw=
p	1850399833	YmxhY2tmb3JnZV9leHQ0X2dlbWN1dHRlcg==
p	800003114	ZnhfZm9vdHN0ZXBfc3RvbmVfam9n
p	-428728999	ZGFya3dvb2Rfcm9vZl9vY29ybmVyXzY3
p	-1483609672	YW5pYXR0YWNoX2ZvcmdlX2hhbW1lcg==
p	-1349061296	Y2F2ZXJvY2tfaWNlX3N0YWxhZ21pdGVfYnJva2Vu
p	1371105992	dmZ4X3Ryb2xsc25vd19sb2dfZGVzdHJveWVk
p	319473652	RGVlcl9XaGl0ZQ==
p	-1083704987	U3Vua2VuS2l0X2ludF9hcmNo
p	2035312869	cHJvcF9waWVjZV9jaGFpcjAz
p	-1824445615	TW9ya2hhbGxhX1dhbGxfMjBfc3RhaXI=
p	1453610355	U2VhbEJsdWJiZXI=
p	-18266612	Zm9yZ2VfZXh0MQ==
p	-93545194	c2Z4X21vbGVtYW5faWRsZQ==
p	-659296385	VHJvcGh5U2VycGVudA==
p	-1634977007	U2Vla2VyUXVlZW5fU3BpdFNwYXduQWJpbGl0eQ==
p	1970299078	aGlnaHN0b25lXzI=
p	-1257969579	dmZ4X2ZlbnJpbmdfY3VsdGlzdF9oaWxkaXJfZGVhdGg=
p	1180314225	T25pb25TZWVkcw==
p	-608273668	TW9sZEFybW9yR29sZENoZXN0
p	911060721	dmZ4X2xveF9ncm91bmRzbGFt
p	1290885854	c2Z4X2NoYXJyZWRfbWFnZV9zcGF3bl9ncm91bmQ=
p	1182924369	UnVuZVN0b25lX0JvYXJz
p	1324589557	YmxvYmVsaXRlX2F0dGFja19hb2U=
p	-210835606	R3JhcGhpY3NUYWI=
p	1611466255	c2lsdmVydmVpbg==
p	-1113020955	YmFyX2ZsYW1ldGFsX3N0YWNr
p	518648449	QXNobGFuZHNfRmxvb3I=
p	1304391106	RWxha2luZ19BdHRhY2tMYW50ZXJu
p	-238966068	c2Z4X2RyYWdvbl9jb2xkYnJlYXRoX3RyYWlsb24=
p	-643418267	c2Z4X2Zyb3plbmtpbmdfc3Bpcml0X3N1bW1vbg==
p	-1868625281	bW9vc2VfaG9ybnNfc3dlZXA=
p	717765921	U3RvbmVLaXRfZXh0X3dhbGxfMngy
p	26989056	TW9ya2hhbGxhX1N0YWlyc19naWFudF9zaG9ydF9icm9rZW4x
p	1243528541	R29ibGluQ2x1Yg==
p	1570886190	ZnhfQ2luZGVyX2hpdA==
p	-349627309	c2Z4X2FyYmFsZXN0X2ZpcmU=
p	722290498	cHJvcF9mb3JnZV9leHQ1
p	794354548	c2Z4X2dqYWxsX2lkbGVfdm9jYWxz
p	-545415061	Q2xvc2VkQ2FwdGlvbnM=
p	-1182826951	R29ibGluTG9pbg==
p	472938705	RnJvemVuS2luZ19QMl9Qcm9qZWN0aWxlX0ZhZGVy
p	1665673083	U3Bhd25lcl9HaG9zdF9Wb2lk
p	1471238775	dHJvbGxfc3VtbW9uZWRfbG9nX3N3aW5nX2g=
p	-1130424263	RHZlcmdlclN0YWZmQmxvY2tlcg==
p	-1174064648	c2Z4X3dvbGZfYmlydGg=
p	-198491569	Qm9uZW1hd1NlcnBlbnRfdGF1bnQ=
p	831128417	U2hpZWxkQnJvbnplQnVja2xlcg==
p	-956494450	SG9sZVJvY2tfY3VydmVkMQ==
p	129633490	ZnhfZm9vdHN0ZXBfd29vZF9qb2c=
p	-1552374362	QXNobGFuZHNUcmVlTG9nSGFsZjE=
p	-90783900	Q29va2VkTWVhdA==
p	1965151575	c2Z4X21vcmtoYWxsYV90b3JjaF9sb29w
p	1337401413	dmZ4X0ZvcmdlQWRkRnVlbA==
p	-1722809642	QXJtb3JUcm9sbExlYXRoZXJDaGVzdA==
p	2105582487	U2lsdmVyT3Jl
p	973754414	QXJtb3JSb290Q2hlc3Q=
p	1414246171	T296ZQ==
p	-490299558	c2Z4X2R2ZXJnZXJfc3RhZmZfYmFzZWF0dGFja19mb2xleQ==
p	-1661441023	c2Z4X2dvYmxpbmJydXRlX3Nob3V0
p	-1158905496	X1NwYXduTGlzdF9EZWVwTm9ydGg=
p	-1738341335	dmZ4X01lYWRCemVya2Vy
p	161784021	U3RvbmVQaWxsYXI=
p	-235535976	c2Z4X2xldmlhdGhhbmxhdmFfc2luaw==
p	410791719	c2Z4X3Ryb2xsZmlyZV9hdHRhY2tfc2xhbV9zdGFydA==
p	533461011	ZnhfU2hpZWxkQ2hhcmdlXzQ=
p	11675191	VmluZUFzaF9zYXBsaW5n
p	1109531736	SWNlU2hhcmRfMDQ=
p	1935032255	Y2F2ZXJvY2tfaWNlX3N0YWxhZ21pdGVfZGVzdHJ1Y3Rpb24=
p	621153935	ZnhfY2hhcnJlZF9maXJlc3RhZmZfY2hhcmdldXA=
p	1191998723	QmFycmVsUmluZ3M=
p	219202934	c2Z4X2Zvcmdlb2Zwb3RlbnRpYWxfc3VjY2Vzcw==
p	-636504573	VmVndmlzaXJfRHJhZ29uUXVlZW4=
p	1697953989	c2Z4X3N0b25lZ29sZW1faHVydA==
p	-1645099656	dmZ4X2Jvd2xfQWRkSXRlbQ==
p	-1584006048	Qm9tYkJsb2JfRnJvc3Q=
p	-332810431	c2Z4X3NrZWxldG9uX2Jhc2ljX3ZlcnNlX2F0dGFjaw==
p	1637567696	dmZ4X2R2ZXJncmNoYWlyX2Rlc3Ryb3llZA==
p	1590741015	Ympvcm5fc3dpcGVfbA==
p	-880329412	SGlsZGlyS2V5X21vdW50YWluY2F2ZQ==
p	-40285437	b2ZmZXJhbHRhcl9xdWVlbg==
p	-1094347100	TmVja1RhaWxHcmlsbGVk
p	-1737832933	ZGFya3dvb2Rfcm9vZl9vY29ybmVy
p	-299096816	ZnhfRmVhc3RCbGFja0ZvcmVzdEVhdA==
p	-1986968152	TGFzdEJvc3NHYXRlX1BpbGxhcmJhc2U=
p	1061067710	TW9yZ2VuX3N3aXBlXzI=
p	64335187	c2Z4X0Fib21pbmF0aW9uX21vdmU=
p	-136568224	QnVzaDAyX2Vu
p	452844536	YmFyX3Rpbl9zdGFjaw==
p	1544093477	cGllY2VfeG1hc2Nyb3du
p	-242383888	SGFpcjVfMg==
p	-983176009	dmZ4X2Nyb3NzYm93X2xpZ2h0bmluZ19maXJl
p	-696918929	R2hvc3Q=
p	-1621009864	RW5lbXlfQmFya2FfSHVydA==
p	-228727875	dmZ4X2Zlcm1lbnRlcl90YXA=
p	-1484016104	c2Z4X2dvYmxpbl9kZWF0aA==
p	-1231254503	c2Z4X2RlZXBub3J0aF9nYXRlX29wZW5fbG9vcA==
p	1071164548	ZWxha2luZ190cmFzaHBpbGU=
p	-1125608226	Sm90dW5IYWlyTWFsZTM=
p	-1497849711	RnJvemVuS2luZ19TdW1tb24=
p	258349428	RmVucmluZ19hdHRhY2tfZmlyZWNsYXc=
p	-1503957939	ZnhfZmFsbGVudmFsa3lyaWVfcG9pc29uYnJlYXRo
p	1712371231	SGFyZEFudGxlcg==
p	2053689126	dmZ4X0NoYXJyZWRCYW5uZXIyX2Rlc3Ryb3llZA==
p	-117935358	RHZlcmdlclN0YWZmRmlyZV9jbHVzdGVyYm9tYg==
p	-1857559904	VWx2X2F0dGFjazJfc2xhc2g=
p	1553159795	R29ibGluS2luZ19Ob3Zh
p	189594115	ZHZlcmdydG93bl9jb2x1bW5fMw==
p	862501002	c2Z4X2dqYWxsX2lkbGVfYmxvd291dA==
p	1752059616	dmZ4X2NoYXJyZWRiYW5uZXJfZGVzdHJveWVk
p	-1000332366	R29ibGluU3dvcmQ=
p	-1424600366	c2Z4X2dyZXlkd2FyZl9lbGl0ZV9kZWF0aA==
p	-216808560	c2Z4X2dyYXBwbGluZ2hvb2tfcmVwZWw=
p	70585901	YXNod29vZF9iZWFtXzJt
p	1684386071	RmVhc3RCbGFja2ZvcmVzdA==
p	1554778960	Q29pbnM=
p	436307865	RnJvemVuS2luZ19QMl9TcGF3bl9Cb25lbWFzcw==
p	-334488673	Sm90dW5XaXRjaF9hdHRhY2tfZG9kZ2VfZG93bg==
p	1139360637	d29vZF9yb29mX29jb3JuZXJfNDU=
p	893403833	SW5nYW1lR3VpX1N0b3JlX1NjcmVlbg==
p	1263773258	U3Bhd25lcl9HcmV5ZHdhcmZfU3VycHJpc2U=
p	1895131984	ZnhfRmFkZXJfUm9hcg==
p	-1327693530	TXVzaWNfQXNobGFuZHNfUnVpbnMgMg==
p	1624045309	Q2FwZURlZXJIaWRl
p	1100372713	SGFpcjE3XzI=
p	-1476164013	c2Z4X2R2ZXJnZXJfZmlyZWJhbGxfcmFpbl9zaG90
p	-920114813	c2Z4X2RyYXVncnBpbGVfaGl0
p	1914225133	VHJvbGxGcm9zdF9GcmFjX2FybQ==
p	-477888491	SGFpcjE2
p	-759705557	ZnJvemVuc2hpcDAz
p	-1820912021	RmxhbWV0YWxSb2Nrc3RhbmQ=
p	1221140162	c2Z4X2ZhbGxlbnZhbGt5cmllX2F0dGFja19zcGl0X2NoYXJnZQ==
p	-1989076202	c2Z4X2RyYXVncl9kZWF0aA==
p	229735479	SW5nYW1lR3VpX0ludmVudG9yeQ==
p	-132344452	SGFyZV9yYWdkb2xs
p	-602293851	dmZ4X2VkZ2VfY2xvdWRz
p	869677353	c2Z4X2dyZXlkd2FyZl9hbGVydGVk
p	1072262023	c2Z4X2VsYWtpbmdfaGl0
p	-1403761043	dmZ4X3dvb2Rfc3RhY2tfZGVzdHJveWVk
p	-129361023	QXJtb3JMZWF0aGVyTGVncw==
p	1002622938	dmZ4X1dpc2hib25lUGluZw==
p	-421551139	Zm9yZ2VfZXh0Mg==
p	394875495	VHJvcGh5U0dvbGVt
p	422237118	TW9ya2hhbGxhX2JyaWRnZTAxX2Jyb2tlbl9yYW5kb20=
p	-910615594	V29sZl9BdHRhY2sx
p	-1562420736	c2Z4X3N0YWZmb3Jib2ZhaHJpX2V4cGxvc2lvbg==
p	-1070975544	QXJtb3JCcm9uemVMZWdz
p	-1028062451	dmZ4X3BpbmV0cmVlY3V0
p	766344711	c2Z4X2hhcmVfZGVhdGhfdm9jYWw=
p	552253847	RXZpbEhlYXJ0X1N3YW1w
p	36140811	c2Z4X2dyZXlsaW5nX2FsZXJ0ZWQ=
p	-1443700678	cGllY2VfeG1hc3RyZWU=
p	-272572888	c2Z4X21hbGljaW91c19pY2VfYnJlYWs=
p	-719076567	c2Z4X1BvaXNvbl9TdGFydA==
p	-242383826	SGFpcjdfMg==
p	-428075625	QXNobGFuZHNfRm9ydHJlc3NfV2FsbF9QaWxsYXJfYmFzZQ==
p	-443562369	dmZ4X2ZpcmV0cmVlY3V0X3Nub3dfRnJvc3RUcm9sbERlYXRo
p	-1940000293	bGlnaHRuaW5nQU9F
p	775120426	c2Z4X21vbGVtYW5fYWxlcnQ=
p	-95250290	TW9ya2hhbGxhX1dvb2RCb2FyZHM=
p	92661470	RmFkZXJfRmlzc3VyZQ==
p	917007069	RmFkZXJfSnVtcF9BT0U=
p	2011316295	c2Z4X2ZhZGVyX2Zpc3N1cmVfZm9vdGltcGFjdA==
p	-1181865689	cGllY2VfZ2lmdDI=
p	-1555397680	c2Z4X3dvbGZfaGl0
p	-484051392	c2NhbGVfd2FsbF9yb29mXzI2X3Vwc2lkZWRvd24=
p	-1719709320	c2Z4X2ZhbGxlbnZhbGt5cmllX2F0dGFja19jbGF3
p	-925528333	S2FydmU=
p	-1134441643	UGluZVRyZWVfU2FwbGluZw==
p	-1873543957	RmVhc3RCbGFja2ZvcmVzdF9NYXRlcmlhbA==
p	508319580	TWFnaWNhbGx5U3R1ZmZlZFNocm9vbVVuY29va2Vk
p	-398437737	dmZ4X3Ryb2xsX2F0dGFja19oaXQ=
p	-1867448609	TW9ya2hhbGxhX1N0YWlyc18xMl8y
p	1236880372	c2Z4X2R2ZXJnZXJfdm9fYXR0YWNr
p	1704498726	TW9ya2hhbGxhX2JyaWRnZV9zdGFpcjAxX2Jyb2tlbg==
p	1367755680	ZnhfY3JlYXR1cmVfdGFtZWQ=
p	-671861700	U2FkZGxlTG94
p	730026087	ZmlyZV9waXRfaGlsZGly
p	1043205456	U2tlbGV0b25fU3dhbXBzX25vYXJjaGVy
p	-886131209	dmZ4X2Jsb2NrZWQ=
p	-551548701	b296ZWJvbWJfZXhwbG9zaW9u
p	-1474822598	TXVzaHJvb21NYWdlY2Fw
p	-1721417340	d2lkZXN0b25lXzJfZnJhYw==
p	849594011	UGlja2FibGVfU3Vua2VuQ3J5cHRSYW5kb20=
p	-1128499770	dmZ4X2dob3N0X3NwYXdu
p	1008822310	VHJlYXN1cmVDaGVzdF9kdmVyZ3J0b3dlcg==
p	-856633063	dmZ4X0FzaHJ1aW5fd2FsbDVfZGVzdHJveWVk
p	-2147191811	c2Z4X2Vpa3RoeXJfZm9vdHN0ZXA=
p	-1233292549	YXNod29vZF9wb2xlXzFt
p	-1993795663	c2Z4X2xldmlhdGhhbmxhdmFfdGF1bnQ=
p	-740817316	c2Z4X2JyYW5jaF9oaXQ=
p	603150001	c2Z4X2dka2luZ19pZGxl
p	-1095034367	dmZ4X1BsYWNlX0hpbGRpckZhYnJpY1JvbGw=
p	-1772962080	Q3Jvc3Nib3dHb2xk
p	1144827707	QXJtb3JHb2xkSGVhdnlMZWdzVW5jb29rZWQ=
p	-1882492588	TWluZVJvY2tfVGlu
p	1875862075	UGxheWVy
p	286111049	c2Z4X2dka2luZ19kZWF0aA==
p	-749335500	ZnhfRWF0X09yYW5nZQ==
p	-2134189522	U2tlbGV0b25fTW91bnRhaW5z
p	-453929098	R1VJVGFiQnV0dG9uV2l0aEtleUhpbnQ=
p	908455659	Sm90dW5XYXJyaW9yRHVhbFdpZWxk
p	193150005	aG9yaXpvbnRhbF93ZWI=
p	-1195108480	dmZ4X1Nhd0R1c3Q=
p	-1193176984	YXNod29vZF93YWxsX2JlYW1fNDU=
p	-1161852777	YmxhY2ttYXJibGVfMngyeDI=
p	-1734268810	cHJvamVjdGlsZV9zcGxpdG5lcl9saWdodG5pbmc=
p	169761379	dmZ4X2xveF9sb3Zl
p	-1691709500	ZHZlcmdycm9ja19mbG9vcmJpZw==
p	1405222666	UGlja2FibGVfU2VlZENhcnJvdA==
p	678850310	U3BlYXJDaGl0aW4=
p	1021878422	U3RhcnRHdWlfQWRkU2VydmVy
p	593000292	ZnhfZ29ibGlua2luZ192b19ub3Zh
p	-758137609	R29ibGluQnJ1dGVCcm9zX1JhZ2VBdHRhY2s=
p	-655677200	UGlja2FibGVfVm9sdHVyZUVnZw==
p	2115010970	c3RhZmZfZmlyZWJhbGxfcHJvamVjdGlsZQ==
p	2000079902	dmZ4X2JvbmVfc3RhY2tfZGVzdHJveWVk
p	1726828493	UGlja2FibGVfQXNoc3RvbmU=
p	-1881176610	YmxhY2ttYXJibGVfb3V0XzI=
p	-1979024078	YXNrc3Zpbl9jYXJyaW9uMg==
p	-433517163	QW5jaWVudENvaW4=
p	1252888223	dmZ4X1Byb2plY3RpbGVIaXQ=
p	-1686726810	TW9ya2hhbGxhX1N0YXR1ZVBpZWNlQXJtTA==
p	1589324604	c2Z4X2RyYWdvbl9mb290c3RlcA==
p	-307893503	RHZlcmdlckFyYmFsZXN0X3Byb2plY3RpbGU=
p	124607798	cGllY2VfY2xvdGhfaGFuZ2luZ19kb29yX2JsdWU=
p	-76676672	QmF0dGxlYXhlR29sZFVuY29va2Vk
p	1799120133	dmZ4X01hcmJsZURlc3Ryb3llZA==
p	1305047080	RWlrdGh5cl9mbGVnc19PTEQ=
p	1620622954	U3Bhd25lcl9EcmF1Z3I=
p	-1443983522	cGllY2VfY2hlc3Q=
p	599154343	RHZlcmdlclN0YWZmRmlyZV9maXJlYmFsbA==
p	-216983711	ZnhfY2hhcnJlZF9kZWF0aA==
p	-2014863881	SW5nYW1lR3VpX0hVRF9Ib3ZlcmVkUGllY2VBdXRob3I=
p	-711518200	ZnhfZm9vdHN0ZXBfam9n
p	-1346573826	c2Z4X2hhbGRvcl9sYXVnaA==
p	-609016745	WWFnbHV0aERyb3A=
p	-795928254	TW9sZEFybW9yTWFnZUxlZ3M=
p	-148711009	dmZ4X1BsYWNlX3JlcGxhbnQ=
p	457708792	ZnhfYmF0dGVyaW5ncmFtX2ZpcmU=
p	910263699	ZnhfQmFya2FNb3ZlRnJvc3Q=
p	457026277	dmZ4X0V4dGVuc2lvbkNvbm5lY3Rpb25fbWFnZQ==
p	-340666050	R3JleWR3YXJmX3Rocm93X3Byb2plY3RpbGU=
p	-238607094	c2Vla2VyX2dyb3VuZHNsYW1fZmx5aW5n
p	-1152709575	Um9ja183
p	-569089572	U2NhbGVIaWRl
p	-1343499374	ZnhfZm9vdHN0ZXBfZ3Jhc3NfbGFuZA==
p	2053060000	U3RhdHVlRnJleWFfYnJva2VuX3JpZ2h0
p	-1293201821	cHJvcF9waWVjZV9icmF6aWVyZmxvb3IwMQ==
p	1565222586	c2Z4X3J1bmVzdG9uZV9pbnRlcmFjdA==
p	-1976812277	U2Vzc2lvblBsYXllckxpc3Q=
p	1705853408	dHJvbGxfZ3JvdW5kc2xhbV9hb2U=
p	411883698	cGllY2Vfc3Bpbm5pbmd3aGVlbA==
p	13326225	c3Rha2Vfd2FsbA==
p	-1567817726	TW9sZE1hY2UySA==
p	-653058214	c2Z4X2NoYXJyZWRfbWFnZV9hdHRhY2tfY2hhcmdl
p	298976879	YmxhY2ttYXJibGVfdGlsZV93YWxsXzF4MQ==
p	-2053470865	dmZ4X0Rlc3Ryb3llZF9Bc2hsYW5kc1NoaXA=
p	-1823907006	ZnhfbGF2YXNwbGFzaF9tZWRpdW0=
p	-714671739	c3RvbmVibG9ja19mcmFjdHVyZQ==
p	1587395497	ZnhfRWF0X1JlZA==
p	978263589	ZnhfZmlyZWJhbGxfc3RhZmZfZXhwbG9zaW9u
p	2033826881	cHJvcF9Ucm9waHlHcmV5ZHdhcmZCcnV0ZQ==
p	373157068	dmZ4X0FzaHJ1aW5fd2luZG93NF9kZXN0cm95ZWQ=
p	559479617	X0xvY2F0aW9uTGlzdF9Bc2hsYW5kcw==
p	-1712345580	SW5nYW1lR3VpX0hVRA==
p	-1120079577	c2Z4X2Vpa3RoeXJfYWxlcnQ=
p	-1097901566	QmVhcmROb25l
p	1623947436	RldfQXJtb3JCcm9uemVMZWdz
p	-321706558	QmxvYk1vcms=
p	539781574	U21va2VCYWxsQm9tYg==
p	1464964316	dmZ4X3NrZWxldG9uX2JpZ19kZWF0aA==
p	1591732802	dmZ4X2Zyb3plbmdkX2Rlc3Ryb3llZA==
p	575346221	U3dvcmRHb2xk
p	-441567607	c2Z4X2R2ZXJnZXJfaGVhdnlhdHRhY2tfbGF1bmNo
p	-881058541	cHJvcF9waWVjZV9jYXVsZHJvbg==
p	1004983795	c2Z4X2Jsb2JsYXZhX2xhbmQ=
p	940788660	c2Z4X2NoYXJyZWRfYWxlcnQ=
p	793204114	dmZ4X1BsYWNlX2NoYXJjb2Fsa2lsbg==
p	1856591514	c2Z4X0hpdmVRdWVlbl9tb3Zl
p	-258454714	cm9vdDA4
p	-117852426	c2Z4X3NoaXBfd2F0ZXJpbXBhY3Q=
p	1332964068	TGV2aWF0aGFu
p	1417358627	SGVsbWV0U3RyYXdIYXQ=
p	-2024979415	QXhlMmhfSm90dW5XYXJyaW9y
p	1782072042	Y2hhcnJlZF90d2l0Y2hlcl9zY3JhdGNoX3I=
p	870469861	c2Z4X2Jsb2JsYXZhX2dyb3c=
p	-1355267171	Y2F2ZXJvY2tfY3VydmVkcm9jaw==
p	459681025	YmxhY2t3b29kX3N0YWNr
p	600954715	VHJlYXN1cmVDaGVzdF9tZWFkb3dz
p	-1550223274	U2FkZGxlTW9vc2U=
p	1572469971	U3Bhd25lcl9Ta2VsZXRvbl9Td2FtcF9uaWdodF9ub2FyY2hlcg==
p	127336021	dmZ4X0ZsYW1lQmFsbF9sYXVuY2g=
p	-404786718	dmZ4X0J1cm5pbmc=
p	2044153060	c2tlbGV0b25fc3dvcmRfaGlsZGly
p	267788734	dmZ4X29jZWFuX2Nsb3Vkcw==
p	-1661430006	Y2xpZmZfYXNobGFuZHM1
p	-413434122	R29ibGluQnJ1dGVCcm9zX0F0dGFjaw==
p	1032921632	ZnhfcGhlcm9tb25lYm9tYl9leHBsb2Rl
p	-1767464549	RWxha2luZ19SYWdkb2xs
p	-473850883	YmxhY2ttYXJibGVfdGlsZV9mbG9vcl8xeDE=
p	1659590678	TGFudGVybg==
p	366436798	SGVsbWV0QmVyc2Vya2VySG9vZA==
p	-1501268758	TW9ya2hhbGxhX3dvb2Rib2FyZHNfRGVzdHJveWVk
p	-373882200	TGFudGVybl9ob29kZWQ=
p	-1145879085	cGllY2VfYmFubmVyMDY=
p	468474163	c2Z4X2xveF9hdHRhY2tfYml0ZQ==
p	-1210864460	c2Z4X2ZlbnJpbmdfaG93bA==
p	2023116964	QXJtb3JGbGFtZXRhbExlZ3M=
p	991476509	YmxhY2ttYXJibGVfdGlsZV9mbG9vcl8yeDI=
p	1462279046	RldfQXJtb3JUcm9sbExlYXRoZXJDaGVzdA==
p	-587402202	YXNwZWN0X2JvbmVtYXNzX2F0dGFja19hb2U=
p	-1823965796	c2Z4X2hhdGNobGluZ19jb2xkYmFsbF9leHBsb2Rl
p	-569203087	Q2hhcnJlZF9NYWdlQ2xvdGhz
p	1264917109	aGlsZGlyX3RhYmxlMg==
p	831159178	TGVlY2hfQml0ZUF0dGFjaw==
p	-1597727234	TW9ya2hhbGxhX1dhbGxfYnJva2VuX2xlZnQ=
p	-470825463	c2NhbGVfd2FsbF9yb29mXzI2
p	463374813	cGllY2VfZHZlcmdyX2xhbnRlcm5fcG9sZQ==
p	-1770394629	bW91bnRhaW5raXRfY2hhaXI=
p	1490211126	U3Bhd25lcl9CbG9iVGFyX3Jlc3Bhd25fMzA=
p	-24546476	TWVhZFN0cmVuZ3Ro
p	1577646117	c2Z4X2R2ZXJnZXJfdm9fYWxlcnRlZA==
p	-377501135	c3RhdmVfZGVjb19iZWFtXzY3
p	114558534	ZmFsbGVudmFsa3lyaWVfc3BpdF9wcm9qZWN0aWxl
p	-590558407	ZnhfTGlnaHRuaW5n
p	1012668478	R3JhdmVTdG9uZV9FbGl0ZV9DaGFycmVkVHdpdGNoZXJOZXN0
p	-1862261727	c2Z4X2ZlbnJpbmdfYWxlcnRlZA==
p	485939669	dmZ4X1BsYWNlX1Zpa2luZ1NoaXA=
p	-1829962545	cGllY2VfbWFnZXRhYmxlX2V4dDQ=
p	489441179	U3Bhd25lcl9pbXA=
p	-1559908641	QWJvbWluYXRpb25fcmFnZG9sbA==
p	2066213905	RW5lbXlfQmFya2FfRGVhdGg=
p	338026665	VHJvbGxfc2xlZXBpbmc=
p	-82703974	ZWlrdGh5cl9yYWdkb2xs
p	1649426798	Um9ja18zX2ZyYWM=
p	-1114586514	S2V5c0dvbGRVbmNvb2tlZA==
p	-465711038	SGFpcjM3XzM=
p	-152497	TmVja19SYWdkb2xs
p	1272849455	RmlzaDEy
p	1671014280	Y2F2ZXJvY2tfY3VydmVkd2FsbGJpZw==
p	533461012	ZnhfU2hpZWxkQ2hhcmdlXzU=
p	-339866909	c3Vua2VuX2NyeXB0X2dhdGU=
p	-327544276	dmZ4X2Zyb3N0dHJvbGxfaGl0
p	-964905328	QXJtb3JIYXJ2ZXN0ZXIx
p	-1580587000	Y2xpZmZfbWlzdGxhbmRzMV9jcmVlcF9mcmFj
p	1896448127	RHZlcmdyS2V5
p	-1228635177	Q29va2VkVm9sdHVyZU1lYXQ=
p	255610059	VHJvcGh5RHJhdWdy
p	-334427657	c2Z4X2Zyb3plbmtpbmdfZnJvemVudHdpcmxfY2hhcmdl
p	-1234239539	dmZ4X2Nvb2tpbmdfc3RhdGlvbl90cmFuc2Zvcm0=
p	-1504196720	c2Z4X2Zlcm1lbnRlcl9hZGQ=
p	1693439791	U2xlZGdlR29sZF9Gcm9zdEZpcmU=
p	-677306358	U3RhZmZUaHVuZGVyQmxvb2Q=
p	1456665180	ZnhfbGFuZF93YXRlcg==
p	580123045	U3RhcnRHdWlfU2VydmVyT3B0aW9ucw==
p	-575362276	ZnhfRHZlcmdlck1hZ2VfTm92YV9zdGFydA==
p	511674592	dmZ4X3dvb2RfZmluZV9zdGFja19kZXN0cm95ZWQ=
p	1596131770	R1VJU2xpZGVyV2l0aExhYmVs
p	971255378	SWNlU2hvcmVfMQ==
p	-1005613019	Y3VsdGl2YXRl
p	-324548537	SGFpcjM2XzM=
p	523244451	c2Z4X3dvbGZfYXR0YWNr
p	87035278	X1Jvb21MaXN0X1Rvd2Vy
p	2040204322	ZnhfbGlnaHRuaW5nc3RhZmZfY2hhcmdl
p	-1000346356	d29vZF93YWxsX2hhbGY=
p	2146196080	UGlja2FibGVfQ2hhcnJlZHNrdWxs
p	-1771031886	c2Z4X2Nvb2tpbmdfc3RhdGlvbl9kb25l
p	393316638	c2Z4X1dpc2hib25lUGluZ19uZWFy
p	844611757	dmZ4X2FzaGxhbmRfd2FsbF8yeDJfY29ybmVyX2Rlc3RydWN0aW9u
p	-1311934539	c2Z4X2J1aWxkX2hhbW1lcl9zdG9uZQ==
p	1907757890	U3Bpcml0V29sZl9BdHRhY2sy
p	-871470687	cGllY2VfVHJhaW5pbmdEdW1teQ==
p	-1626585462	d29vZF9yb29m
p	1317746129	VHJlYXN1cmVDaGVzdF9wbGFpbnNmb3J0cmVzc19oaWxkaXI=
p	-571045651	U3RvbmVQaWxsYXJfbW91bnRhaW4=
p	-1990881174	dmZ4X1BsYWNlX0thcnZl
p	-36239653	ZnhfdHVycmV0X3JlbG9hZA==
p	-863359251	ZnhfQWJvbWluYXRpb25fYXJpc2U=
p	-1890632478	SGFpcjM2XzI=
p	-599137345	c3RhZmZfcmVkdHJvbGxfYW9l
p	-584341638	RHZlcmdlckhhaXJNYWxl
p	884897364	dmZ4X0RhbWFnZWRfUmFmdA==
p	1998010392	Qmx1ZWJlcnJ5QnVzaA==
p	-373806375	ZGVlcG5vcnRoX2xhbnRlcm5fc3RhbmRpbmc=
p	-1865985940	cm9jazRfaGVhdGg=
p	337815900	c2Z4X2Zyb3plbmtpbmdfYXR0YWNrbWVsZWVfc2luZ2xlX2NoYWluYmFjaw==
p	239737417	U3Bhd25lcl9FbGFraW5nTW9sZV9XYWtldXA=
p	-1628199103	c2hpcHdyZWNrX3Zpa2luZ3NoaXBfY2hlc3Q=
p	255263578	ZGFya3dvb2Rfcm9vZg==
p	1750538135	c2Z4X2JvbWJzaWVnZV9leHBsb3Npb24=
p	-193320087	cGllY2VfZHZlcmdyX3NoYXJwc3Rha2Vz
p	-145216477	cGllY2Vfd29ya2JlbmNoX2V4dDM=
p	-800909727	ZnhfRmVhc3RQbGFpbnNFYXQ=
p	-1475823994	U25vd0ZpclRyZWVfc21hbGw=
p	1611780347	c2Z4X2Rvb3Jfb3Blbg==
p	1298894236	U2hpZWxkRmxhbWV0YWxUb3dlcg==
p	-586670563	SGFpcjM1XzI=
p	228183496	X0dhbWVNYWlu
p	-1014057192	ZnhfaGl0X2NhbXNoYWtl
p	-691992010	RmVhc3REZWVwTm9ydGg=
p	-1943585080	c3RhdmVfZGVjb19iZWFtXzI2
p	-2047937207	QWNvcm4=
p	-328764516	ZnhfdHVycmV0X2ZpcmU=
p	-1293528716	c2Z4X2Zyb3N0Zm91bmRyeV9kZWFjdGl2YXRl
p	232713811	dmZ4X2hqYWxsX3NwaXRfaGl0
p	1675731866	U3BsaXREaWFsb2c=
p	-524464010	Q2FzdGxlS2l0X2dyb3VuZHRvcmNoX2dyZWVu
p	963907623	SG9vaw==
p	419668313	c2Z4X2t2YXN0dXJfZGVhdGg=
p	1524190963	cm9ja2Zvcm1hdGlvbjE=
p	1023955122	TWFjZUdvbGQ=
p	1730843282	SG91c2VGaXJl
p	-412233059	Sm90dW5IYWlyTWFsZQ==
p	1043840426	SGFpcjg=
p	-111435671	TWVhZExpZ2h0Zm9vdA==
p	-491656505	c2Z4X0JvbmVtYXNzX2lkbGU=
p	-1237403376	SGFpcjMz
p	-54731401	UnVuZVN0b25lX01pc3RsYW5kcw==
p	1361228826	U2Vla2VyQnJ1dGVfZ3JvdW5kc2xhbQ==
p	-446811472	REdfU3Vua2VuQ3J5cHQ=
p	1613367021	aW5zdGFuY2VkX3dhdGVybGlsaWVz
p	200814284	SGFtbWVy
p	120180745	Z2Rfa2luZ19zdG9tcA==
p	-1269109269	dmZ4X0NoYXJyZWRCYW5uZXIzX2Rlc3Ryb3llZA==
p	-1006706824	c3RhZmZfc2tlbGV0b25fcHJvamVjdGlsZQ==
p	480027419	c2Z4X3Vuc3RhYmxlcm9ja19leHBsb3Npb24=
p	1534575709	Q2hhaW4=
p	424000656	ZnhfZmFkZXJfbWV0ZW9yc21hc2g=
p	-1201750938	T296ZU1vcms=
p	573907275	SWNlX3NoaXBfMg==
p	1820582597	TW9yZ2VuX3N3aXBlXzU=
p	866332476	RW5lbXlfQmFya2FfQXR0YWNrX1doaXBGbHVycnk=
p	-1958435734	QmVhcmQxOQ==
p	-589748082	TW9sZEtleXM=
p	1816215321	cGllY2VfbWlzdGxldG9l
p	-752145615	c2tlbGV0b25fc3dvcmQy
p	-2023619468	d29vZGlyb25fcG9sZQ==
p	-1888631953	c2Z4X2Jvd19maXJl
p	-1694032143	c2Z4X2dvYmxpbmJydXRlX2hpdA==
p	-1896637470	c2Z4X21vb3NlX2lkbGU=
p	1735988788	YXNwZWN0X0dvYmxpbktpbmdfVGF1bnQ=
p	661975945	dmZ4X1JvY2tIaXRfT2JzaWRpYW4=
p	-362616084	U25vd2JhbGw=
p	-377963657	c2Z4X2NoYXJyZWRfdHdpdGNoZXJfZGVhdGg=
p	204392453	Q29hbA==
p	-294115024	ZHZlcmdydG93bl9nYXRlX2Nvcm5lcg==
p	2122935794	RHZlcmdlclN0YWZmU3VwcG9ydF9hb2U=
p	-1598226587	TW9ya2hhbGxhX0Zsb29yXzR4NF9ob2xlMDM=
p	442135164	U1BfQXJtb3JCcm9uemVMZWdz
p	-1753353481	QXRnZWlyR29sZF9Gcm9zdEZpcmU=
p	717291321	SGFpcjI0XzI=
p	-1021722486	c2Z4X3NlYWxfZGVhdGg=
p	-129499636	U3Bhd25lcl9GYWxsZW5WYWxreXJpZQ==
p	-647334815	ZHVuZ2Vvbl9zdW5rZW5jcnlwdF9pcm9uZ2F0ZQ==
p	-619835584	dmZ4X3N0b25lZ29sZW1fd2FrZXVw
p	233679104	dmZ4X1BsYWNlX2NoZXN0
p	585806441	Q2FuZGxlX3Jlc2lu
p	-1245482758	c2tlbGV0b25fc3dvcmRfbWVhZG93cw==
p	-496513311	cm9jazFfbW91bnRhaW5fZnJhYw==
p	705538066	U3Bhd25lcl9GZW5yaW5n
p	1642546285	cGllY2VfYXJ0aXNhbnN0YXRpb24=
p	-47172892	c2Z4X3Ryb2xsZmlyZV9hdHRhY2tfc2xhcF9pbXBhY3Q=
p	-2064123661	U3RvbmVTbGFi
p	-1845774265	c2Z4X2d1aV9jcmFmdGl0ZW1fZm9yZ2VfZW5k
p	-1979681737	dmZ4X1BsYWNlX3R1cnJldA==
p	1034819573	dmZ4X2RyYWdvbl9jb2xkYnJlYXRo
p	1076177844	TW9ya2hhbGxhX2JyaWRnZTAzX2Jyb2tlbl9yYW5kb20=
p	-56897708	dmZ4X2xvb3RzcGF3bg==
p	1030141475	ZnhfZW1iZXJfcmFpbg==
p	2116918345	c2Z4X2Fycm93X2hpdA==
p	-1049889564	c2Z4X2Zvb3RzdGVwX3dhdGVy
p	-2036305641	dmZ4X3dhdGVyX3N1cmZhY2VfZmlzaA==
p	1145291653	ZnhfZmFsbGVuZmFsa3lyaWVfc3Bpbg==
p	1438359047	VHJvcGh5R3JleWR3YXJm
p	-163199496	c2Z4X2RlbWlzdGVyX3N0YXJ0
p	-1176946218	c2Z4X2Zvb3RzdGVwX3J1bg==
p	-275461056	VHJvcGh5Q3VsdGlzdA==
p	1249954142	QXNobGFuZHNfUGlsbGFyNF90aXBfYnJva2VuMQ==
p	1910273542	QXNobGFuZHNUcmVlU3R1bXAx
p	619420902	Z2lhbnRfc3dvcmQyX2Rlc3RydWN0aW9u
p	1210601465	dmZ4X2dyZXlkd2FyZl9yb290X2Rlc3Ryb3llZA==
p	746058840	Q3Jvc3Nib3dSaXBwZXJCbG9vZA==
p	909166473	TW9ya2hhbGxhX1J1Z19lbmQx
p	-357321179	ZnhfZm9vdHN0ZXBfc25vd193YWxr
p	-1656585587	U3RhcnRHdWlfQ2hhcmFjdGVyU2VsZWN0aW9u
p	1151373408	ZHZlcmdydG93bl93b29kX2NyYW5l
p	1365582486	S25pZmVCdXRjaGVy
p	-1902442164	ZnhfRmFkZXJfU3Bpbg==
p	-1354562816	c2Z4X2Fza3N2aW5fcG91bmNl
p	-1293429652	c2Z4X2dob3N0X2RlYXRo
p	-944797359	c2Z4X3NlZWtlcl9sYW5k
p	-1118485742	REdfTWVhZG93c0Zhcm0=
p	204968637	SGVsbWV0SGF0OQ==
p	-891344597	c2Z4X2RyYWdvbl9odXJ0
p	-171548199	Um9ja0Zpbmdlcl9mcmFj
p	-27091948	ZnhfQWJvbWluYXRpb25fYXR0YWNrMl9zdGFydA==
p	-1817453144	S2V5SGludA==
p	975502988	Y2hhcnJlZF90d2l0Y2hlcl9zY3JhdGNoX2w=
p	-1816579317	UGlja2FibGVfTW91bnRhaW5SZW1haW5zMDFfYnVyaWVk
p	-1986582442	VmluZUFzaA==
p	1707951228	U3dhbXBUcmVlMg==
p	314501709	c3RhdmVfYmVhbV8ybQ==
p	-590252532	c2Z4X2hhcmVfYWxlcnRlZA==
p	-1316704482	Qm9nV2l0Y2hfTGFkZGVy
p	951398868	cm9vdDEx
p	-64865030	ZnhfZ29ibGlua2luZ192b19tZXRlb3JzMQ==
p	-999191493	Ym9uZmlyZQ==
p	-701978889	dmZ4X3Ryb2xsX2Zvb3RzdGVwX3dhdGVy
p	1479879878	c2Z4X2xlZWNoX2RlYXRo
p	-837531426	dmZ4X2ZlbnJpbmdfaHVydA==
p	-1777567199	c2Z4X3F1ZWVuZG9vcl9vcGVu
p	-666181511	UmF3TWVhdA==
p	-837489954	dmZ4X1dhdGVySW1wYWN0X1JhZnQ=
p	55649482	UGlja2FibGVfTW9ya0hhbGxhVHJlYXN1cmVfR3JvdXA=
p	-101091270	U3RhZmZGcm9zdE9yYnNVbmNvb2tlZA==
p	1316841278	ZnhfZmVucmluZ19pY2Vub3Zh
p	196313140	aW5zdGFuY2VkX21pc3RsYW5kc19yb2NrcGxhbnQ=
p	1362246161	RnJvemVuS2luZ19wMw==
p	2064722325	ZnhfYmFieXNlZWtlcl9kZWF0aA==
p	-233871765	c2Z4X0d1Y2tTYWNrSGl0
p	641614345	ZXZlbnR6b25lX2Vpa3RoeXI=
p	-1284700036	aW5zdGFuY2VkX3NtYWxsX3JvY2sx
p	2038910655	ZHZlcmdycHJvcHNfd29vZF9wb2xl
p	521449968	ZnhfZGVhdGhzcXVpdG9faGl0
p	1923162683	R29ibGluVG9yY2g=
p	1694548656	QXhlQmxhY2tNZXRhbA==
p	-5725898	c2Z4X3Z1bHR1cmVfaWRsZQ==
p	1281547497	RnJvemVuS2luZ19QMl9TdW1tb25fRWxkZXI=
p	-1575901004	cGllY2VfZ3JvdW5kdG9yY2hfbWlzdA==
p	1515859210	U2Vla2VyRWdn
p	1441955863	cGllY2VfZ3JvdW5kdG9yY2hfYmx1ZQ==
p	-1037614628	TW9ya2hhbGxhX0JlZHJvbGwy
p	-835209289	aGF0Y2hsaW5nX2NvbGRfcHJvamVjdGlsZQ==
p	1628302764	Q3JlZXBQcm9wX2VudHJhbmNlMQ==
p	-1864305586	U3dvcmRXb29k
p	-1770819968	TW9yZ2VuU2luZXc=
p	566687715	U25vd1JvbGxlcg==
p	241812103	c2Z4X3NlZWtlcl9hdHRhY2tfY2xhd3NfZmx5aW5n
p	-1067073781	UnVuZVN0b25lX0RlZXBOb3J0aA==
p	81702400	YW5jaWVudF9za3VsbA==
p	109649211	RmlzaDc=
p	279948666	TWVhZEJhc2VTdGFtaW5hTWVkaXVt
p	-1021326919	TW9ya2hhbGxhX2JyaWRnZVdob2xlUmFuZG9t
p	-1689019250	Ym9tYl9sYXN0Ym9zc19pY2VfZXhwbG9zaW9u
p	2095980090	dmZ4X1BsYWNlX2Nvb2tpbmdzdGF0aW9uX2lyb24=
p	1040250740	X1pvbmVTeXN0ZW0=
p	1927651141	c2Z4X3dlYXBvbnNfbGlnaHRuaW5nX2ltcGFjdA==
p	492511560	c2Z4X2Fza3N2aW5fYml0ZQ==
p	-694742033	ZnhfdmluZWdyZWVuX2Rlc3RydWN0aW9u
p	-45946319	c2Z4X3Ryb2xsZmlyZV9hdHRhY2tfc2xhbV9pbXBhY3Q=
p	1341577584	YmxhY2ttYXJibGVfY3JlZXBfNHgyeDE=
p	-2028685902	VHJhaW5pbmdEdW1teV9hdHRhY2sz
p	1821595960	YmxvYkxhdmFfYXR0YWNrX2FvZQ==
p	5855649	UGlja2FibGVfSGFpcnN0cmFuZHMwMg==
p	1985224709	c25vd19maXJlX2JpZw==
p	892716570	dmZ4X2R2ZXJncl9zdGFrZXdhbGxfZGVzdHJveWVk
p	-115049582	c2Z4X0hpdmVRdWVlbl9hbGVydGVk
p	214591025	d29vZF93YWxsX2xvZ180eDAuNQ==
p	2014622831	UGlja2FibGVfU3VydGxpbmdDb3JlU3RhbmQ=
p	958833645	c2Z4X3NoaWVsZGdlbmVyYXRvcl9zaHV0ZG93bg==
p	-1396233392	cm9jazFfbW91bnRhaW4=
p	-731191416	cGxhY2VhYmxlX2JpZ3JvY2tfMDI=
p	-1701226344	c2Z4X2d1aV9yZXBhaXJpdGVtX2Zvcmdl
p	-1094350308	c3RvbmVfcGlsZQ==
p	-998567515	c2Z4X2Zyb3plbmtpbmdfY2hhaW5mbHVycnlfY2hhaW4=
p	762077410	QXRnZWlyR29sZA==
p	-1313065786	anV0ZV9jYXJwZXQ=
p	339800571	VGlu
p	-1901136451	UnVuZVN0b25lX1BsYWlucw==
p	-354887862	ZHZlcmdydG93bl9nYXRlX3N0YWly
p	1084066905	Qm9tYlNtb2tl
p	-1303070660	Sm90dW5XYXJyaW9yMUhBeGVfYXR0YWNrX3NsYXNo
p	1846964470	TW9ya2hhbGxhX1RyYWluaW5nZHVtbXky
p	838269662	UGlja2FibGVfR2xvd1dvcm0=
p	1965496462	R3JhdmVTdG9uZV9DaGFycmVkVHdpdGNoZXJOZXN0
p	233964764	Um9ja0RvbG1lbl8z
p	1921065415	dmZ4X2JvYXJfYmlydGg=
p	-139036264	dmZ4X2ZpcmV0cmVlY3V0X2RlYWQ=
p	155714604	dmZ4X2Zyb3plbmtpbmdfZmluYWxfZGVhdGg=
p	64338532	VXBncmFkZXI0V2VhcG9u
p	-1209701263	VW5zdGFibGVMYXZhUm9jaw==
p	1909909211	VEhTd29yZFNsYXllckJsb29k
p	1684201496	U3Bhd25lcl9Ta2VsZXRvbl9yaXNl
p	1248264999	YXNod29vZF9xdWFydGVyd2FsbF8xeDE=
p	-914926950	R3Vja1NhY2tfc21hbGw=
p	-619344977	U3Bhd25lcl9LdmFzdHVy
p	-958668374	c2Z4X2ljZXN0YWZmX3N0YXJ0
p	731743917	c2Z4X2Zyb3plbmtpbmdfdm9pY2VfYXR0YWNr
p	1852603155	dmZ4X2R2ZXJncmNyZWVwX3BvbGVfZGVzdHJveWVk
p	1410911030	S25pZmVDb3BwZXI=
p	744571047	dmZ4X3N0b25lX2Zsb29yX2Rlc3Ryb3llZA==
p	-2051475058	YmxhY2ttYXJibGVfc2xvcGVfaW52ZXJ0ZWRfMXgy
p	-1821145625	U3BlYXJCcm9uemU=
p	107450879	c2Z4X0V0ZXJuYWxQeXJlX0Ryb25lX0xvb3A=
p	-155118860	cGllY2VfYmlyZG5lc3Q=
p	-1118938029	c2Z4X21pbGxfcHJvZHVjZQ==
p	389914880	dmZ4X2Nyb3NzYm93X25hdHVyZV9maXJl
p	-2073938394	U3Bhd25lcl9DdWx0aXN0X0hpbGRpcg==
p	-1844493069	QW1iZXJQZWFybA==
p	735036194	dmZ4X3dhdGVyc3BsYXNoX2xvbmdzaGlw
p	-1661429999	Y2xpZmZfYXNobGFuZHMy
p	1535347102	VHJlYXN1cmVDaGVzdF9kdmVyZ3JfbG9vc2Vfc3RvbmU=
p	-535733020	QmxhY2tNZXRhbA==
p	1495888243	dmZ4X2Jhcm5hY2xlX2Rlc3Ryb3llZA==
p	2097111366	YmxhY2ttYXJibGVfb3V0Y29ybmVy
p	-501159693	QXNobGFuZHNfUnVpbnNfV2FsbF9XaW5kb3dfNHg2X2Jyb2tlbjI=
p	1964214298	cGllY2VfZHJhd2JyaWRnZQ==
p	-2146687212	Q3Jvc3Nib3dSaXBwZXI=
p	747352637	c2Z4X0hpdmVRdWVlbl9iYWNrc2xhbQ==
p	-1742268119	dmZ4X21vcmtoYWxsYV90YWJsZV9kZXN0cm95ZWQ=
p	734070413	ZGFya3dvb2Rfcm9vZl9vY29ybmVyXzQ1
p	-1763821063	dmZ4X3NraWxsbGV2ZWx1cA==
p	1464186731	Y2F2ZXJvY2tfZmxvb3JiaWc=
p	1749017287	SGVsbWV0RmxhbWV0YWw=
p	701604739	RHZlcmdlclN0YWZmRmlyZQ==
p	1042173684	TWFjZUJyb256ZQ==
p	1716592045	UnVuZVN0b25lX0NhdmVwYWludGluZzI=
p	1457739543	RnJvemVuS2luZ19Eb3VibGVTd2VlcA==
p	1904537040	cGllY2VfZHZlcmdyX3NwaXJhbHN0YWly
p	6103865	QWNoaWV2ZW1lbnRzMQ==
p	298715040	c2Z4X2dvYmxpbl9pZGxl
p	660487747	U3dvcmRCbGFja21ldGFs
p	59425464	SnV0ZUJsdWU=
p	1213051262	SGVsbWV0WXVsZQ==
p	-1415784840	ZnhfbGF2YXNwbGFzaF9sYXJnZQ==
p	-848297745	c3RhdmVfYmVhbV80NQ==
p	1067573865	SWNlU2hlbGZfMDk=
p	1332483512	c2Z4X2NoaWNrZW5fZm9vdHN0ZXA=
p	-2122423041	TW9ya2hhbGxhX1JhbmRvbVNwYXduZXI=
p	1860986713	SWNlU3Bpa2UwMg==
p	-674451611	ZnhfcXVlZW5kb29yX3NsaWRlc3RhcnQ=
p	715807293	c2Z4X3VuYXJtZWRfc3dpbmc=
p	1675064075	c2Z4X2Zyb3plbmtpbmdfY2hhaW5mbHVycnlfZmx5
p	1472493886	TW9ya2hhbGxhX2JyaWRnZV93b29kMDFfYnJva2Vu
p	-888033476	VmlraW5nQ3VwY2FrZQ==
p	944718372	c2Z4X3dyYWl0aF9pZGxl
p	1748083434	U2hpZWxkR29sZFRvd2Vy
p	-886156835	d29vZF93YWxsX2xvZw==
p	232946994	c2Z4X2ltcF9maXJlYmFsbF9leHBsb2Rl
p	-910776610	SGVsbWV0SGF0Ng==
p	-1062301936	c3Bhd25fZmFkZXJfbWV0ZW9ycw==
p	-1215929287	QXJyb3dQb2lzb24=
p	-1200817120	Sm90dW5XYXJyaW9yX2F0dGFja19jaGFyZ2U=
p	-258669603	dmZ4X2Nyb3NzYm93X2Jsb29kX2ZpcmU=
p	1986207604	Q2FzdGxlS2l0X2RlY2FsX2RpcnQ=
p	1649351520	UGlja2FibGVfU3RvbmVSb2Nr
p	-675317210	c2Z4X2d1aV9zZWxlY3Q=
p	-1487307674	Q3Jvc3Nib3dHb2xkVW5jb29rZWQ=
p	-1139584023	d3JpdGhhbl9leHBsb3Npb24=
p	-1045922328	c2Z4X3NrZWxldG9uX2hpbGRpcl9hdHRhY2tfbWVsZWU=
p	-819990925	dmZ4X21vcmtoYWxsYV93ZWJfZGVzdHJveWVk
p	750264696	Qm9tYkxhdmE=
p	-27549797	SGFpcjE4
p	-1500301459	c3RvbmVfd2FsbF8yeDFfcnVpbg==
p	-1115391601	UGlja2FibGVfTW91bnRhaW5DYXZlT2JzaWRpYW4=
p	1647913654	TW9ya2hhbGxhX1J1YmJsZTI=
p	969788551	c2Z4X2JlYXJfY2xhd19hdHRhY2s=
p	-842783136	dmZ4X2FzaGxhbmRzYm93X25hdHVyZV9maXJl
p	834892525	cGxhY2VhYmxlX2JpZ3JvY2tfMDE=
p	-50823844	QXNobGFuZHNfUnVpbnNfV2FsbF80eDY=
p	-1919066995	c2Z4X2dqYWxsX2RlYXRo
p	98938776	SGFpcjEzXzM=
p	-591983307	QXNobGFuZHNfcm9jazE=
p	1276642083	ZGFya3dvb2RfZ2F0ZQ==
p	524085230	Y3J5cHRfaGFuZ2luZ2NoYWlu
p	-2012157532	dmZ4X0FzaHBpZWNlX3Jvb2ZfZGVzdHJveWVk
p	-1942201143	TW9ya2hhbGxhX1N0YXR1ZVBpZWNlRmFjZQ==
p	-42517997	bXVkcGlsZV9iZWFjb24=
p	-1340310877	VGh1bmRlcnN0b25l
p	234310646	dmZ4X2dyb3VuZHRvcmNoX2FkZEZ1ZWw=
p	-1125601850	TW9yZ2VuSGVhcnQ=
p	-751489162	U3Bhd25lcl9DaGFycmVkQ3Jvc3M=
p	-1457187493	R2xvd2luZ011c2hyb29t
p	-792591186	R3JleWR3YXJmX1NoYW1hbl9yYWdkb2xs
p	-1635739683	c2Z4X3NlZWtlcl9hbGVydGVk
p	886640797	R29ibGluQnJ1dGVfU2hvdWxkZXJHdWFyZA==
p	703889544	SGVsbWV0RHZlcmdlcg==
p	-1025379740	TWVhZEJhc2VMaWdodEZvb3Q=
p	478849901	RmVlZGJhY2s=
p	206059549	Q2FzdGxlS2l0X3BvdDAz
p	-1332276175	U3Bhd25lcl9Hb2JsaW5BcmNoZXI=
p	-161303425	Qmpvcm5IaWRl
p	-1766261847	dmZ4X2Zyb3plbmtpbmdfZGVhdGg=
p	727170115	ZnhfZ2RraW5nX3Jvb3RzcGF3bg==
p	-234802384	TW9ya2hhbGxhX2dpYW50X3JhaWxpbmdfZGVjbw==
p	943641825	TW9ya2hhbGxhX1N0b25lUGlsbGFyX2Jyb2tlbl90b3A=
p	1834069719	c2Z4X2JvbWJsYXZhX2NydW1ibGU=
p	1864219229	dmZ4X21pbGxfYWRk
p	-1077064976	UGlja2FibGVfTW9sdGVuQ29yZVN0YW5k
p	-261129959	RmVybkFzaGxhbmRz
p	1369112061	QmF0dGxlYXhlR29sZF9Gcm9zdEZpcmU=
p	-832507735	cGllY2VfbWFnZXRhYmxl
p	-542996224	c3RvbmVfYXJjaA==
p	-1927685696	c2Z4X0hpdmVRdWVlbl90dXJu
p	-2094570284	Qm9uZW1hd1NlcnBlbnRTY2FsZQ==
p	-375516993	QXNobGFuZHNfUnVpbnNfRmxvb3JfM3gzX2Jyb2tlbjE=
p	145717874	QXNobGFuZHNfRm9ydHJlc3NfV2FsbF9TcGlrZXM=
p	-1087704491	SGVsbWV0UG9pbnR5SGF0
p	-189668	RnJvemVuU2tlbGV0b25fUG9zZTE=
p	994739193	cnVnX2JvZ3dpdGNoX3dvbGY=
p	426683083	c2Z4X2Zyb3plbmtpbmdfc3Bpa2VyYWluX2ljZWNlaWxpbmc=
p	-1881176611	YmxhY2ttYXJibGVfb3V0XzE=
p	984653301	ZGFya3dvb2RfYmVhbV82Nw==
p	-1745428512	Znhfd29sZl9mb290c3RlcF9zbm93X3J1bg==
p	-293234486	RmlzaDEx
p	1601842181	SG9uZXk=
p	-625942156	c2Z4X3N0b25lZ29sZW1fZGVhdGg=
p	-1564202362	dmZ4X0JvbmVtYXNzSGl0
p	-71659993	R3JvdXA=
p	294289298	ZnhfZnJvemVua2luZ190ZW5kcmlsc3Bhd24=
p	-715195771	RHJlYW1UZXh0cw==
p	1067573858	SWNlU2hlbGZfMDY=
p	-979212411	c2Z4X292ZW5fY2xvc2U=
p	84141417	UnVuZVRhYmxldF9FaWt0aHly
p	740898699	ZGFya3dvb2Rfcm9vZl9pY29ybmVyXzQ1
p	-1251589746	U25vd0ZpclRyZWU=
p	239532556	aGlsZGlyX2hhdHN0YW5k
p	820355464	TWluZVJvY2tfT2JzaWRpYW4=
p	665283258	QXNobGFuZHNfUnVpbnNfRmxvb3JfM3gz
p	-1957939313	QXJtb3JEZWVwTm9ydGhNYWdlbGVncw==
p	-1230384245	RHZlcmdlclN0YWZmQmxvY2tlcl9ibG9ja0hlbWlzcGhlcmU=
p	-1617535855	YmFyX2Jyb256ZV9zdGFjaw==
p	50725268	ZnhfRHZlcmdlcl9oaXQ=
p	133115456	Z29ibGluX3BvbGU=
p	-1854838197	Um9ja1RodW1i
p	1963699370	Znhfc2hpZWxkX3N0YXJ0X2Zyb3N0
p	-1984906932	ZnhfSWNlU2hlbGZfRGFtYWdl
p	-837447128	SGl2ZQ==
p	194227816	UGllY2VfZ3JhdXN0ZW5fcGlsbGFyX2FyY2hfc21hbGw=
p	-1461997707	dmZ4X2dvYmxpbmJydXRlX2RlYXRo
p	-1522335833	dmZ4X2FzaGxhbmRfZ2F0ZV9kZXN0cnVjdGlvbg==
p	1303862709	c2Z4X3BpY2theGVfaGl0
p	-191847674	Q2xvdWRTdG9yYWdlV2FybmluZ1BvcHVw
p	-188774892	dmZ4X1BsYWNlX2JyYXppZXJjZWlsaW5nMDE=
p	2121838973	QXJtb3JBc2hsYW5kc01lZGl1bWxlZ3M=
p	-715879556	Qm93QXNobGFuZHNCbG9vZA==
p	-668094240	U2hpZWxkQ29yZQ==
p	227217680	ZHZlcmdydG93bl9zdGFpcl9jb3JuZXJfd29vZF9sZWZ0
p	116510864	QXNrc3ZpbkNhcnJpb25QZWx2aWM=
p	432766912	ZnhfYmxvYkxhdmFfZXhwbG9zaW9u
p	-1728158308	RHZlcmdlclN1aXRBcmJhbGVzdA==
p	463012931	ZnhfZ29ibGlua2luZ192b193YWtldXA=
p	-1974826177	ZnhfRWxha2luZ01vbGVfU2FuZGNsb3Vk
p	1502599834	SG9l
p	1344809526	ZnhfbW9yZ2VuX2Zvb3RzdGVwX3J1bg==
p	410201323	dmZ4X0FzaHJ1aW5fd2luZG93NV9kZXN0cm95ZWQ=
p	1545829919	QmxvYk1vcmtNaW5p
p	227533079	QmVsbEZyYWdtZW50
p	724671782	dHJvbGxfbG9nX3N3aW5nX2g=
p	-50960667	R3JleWxpbmc=
p	-489293696	TW9vc2VLZWJhYg==
p	547607065	dmVydGljYWxfd2Vi
p	-1760283719	c2Z4X21ldGFsX2Jsb2NrZWRfb3ZlcmxheQ==
p	1203288946	dmZ4X0JvbWJCbG9iX2V4cGxvZGVfbW9ya2hhbGxh
p	-823608926	VHJvcGh5Qm9uZW1hc3M=
p	169846271	ZnhfZm9vdHN0ZXBfbXVkX2pvZw==
p	-1442468209	TWFzaGVkTWVhdA==
p	443419565	U3Bhd25lcl9Nb3JnZW5fd2FrZXVw
p	-996272896	TWVhZEhhc3R5
p	-1404388859	dHJvbGxfc3VtbW9uZWRfZ3JvdW5kc2xhbQ==
p	1301986444	U3VsZnVyU3RvbmU=
p	1209084388	Qm9sdENoYXJyZWQ=
p	232123783	SW5nYW1lR3VpX0NoYXQ=
p	863855654	WWdnYVNob290Mw==
p	1943723324	QmF0dGxlYXhl
p	-1069814923	T2F0TWlsaw==
p	52464828	ZHZlcmdycHJvcHNfcGlja2F4ZQ==
p	369077135	c2Z4X2Zyb3plbmtpbmdfdGVuZHJpbF9hdHRhY2s=
p	463424268	ZGFya3dvb2RfYXJjaA==
p	1993619117	cHJvcF9Ucm9waHlTZWVrZXJCcnV0ZQ==
p	-198630732	QXNobGFuZHNfRm9ydHJlc3NfR2F0ZV9Eb29y
p	-1008312947	c2Z4X2Zyb3plbmtpbmdfZGVhdGhfY3J5c3RhbF9zZXF1ZW5jZQ==
p	1099069099	c2Z4X2ljZV9oaXQ=
p	-415043714	dmZ4X0J1cm5pbmdfZ3JlZW4=
p	-817274387	Q2hhcnJlZF9IZWxtZXQ=
p	-482480160	Qm9nV2l0Y2hfVGFsaXNtYW4x
p	-1799107644	dmZ4X2NhdGFwdWx0X2xvYWQ=
p	1908819145	dmZ4X2ZpcmV0cmVlY3V0X3Nub3dfRnJvc3RUcm9sbFRocm93
p	-1928641073	c2Z4X3dyYWl0aF9hbGVydGVk
p	1991949568	ZnhfZnJvemVua2luZ19hc3BlY3RzcGF3bg==
p	-1468795246	UGllY2VfZ3JhdXN0ZW5fcGlsbGFyYmFzZV9zbWFsbA==
p	-1544492642	SGVsbWV0Um9vdENyb3du
p	-1422903496	Y2F2ZXJvY2tfc3RhbGFnbWl0ZQ==
p	586523928	Y2hhcnJlZF90d2l0Y2hlcl9wcm9qZWN0aWxl
p	1109531743	SWNlU2hhcmRfMDM=
p	64203488	VXBncmFkZXIwV2VhcG9u
p	2128287383	c2Z4X2RyYWdvbl9jb2xkYnJlYXRoX3N0YXJ0
p	542491355	QXJtb3JCZXJzZXJrZXJMZWdz
p	-1284852450	Y2F1bGRyb25fZXh0MV9zcGljZQ==
p	-1854673254	QXNobGFuZHNfUnVpbnNfRmxvb3JfMXBvaW50NXgxcG9pbnQ1
p	-533689078	QXhlQnJvbnpl
p	592534089	YmxhY2ttYXJibGVfcGlsZQ==
p	1794317145	c2Z4X2NoYXJyZWRfbWFnZV9hbGVydA==
p	740613604	R29ibGluU3BlYXJfcHJvamVjdGlsZQ==
p	-1783049874	c2Z4X2Zyb3plbmtpbmdfaW50cm9faWNlcGlsbGFyX2xlZnRfYnJlYWs=
p	-1571540159	c2Vla2VyX2NsYXdfbGVmdA==
p	1177710935	TW9ya2hhbGxhX0Zsb29yXzR4NF9ob2xlMDk=
p	1082779386	YmxhY2ttYXJibGVfdGlw
p	1534792178	c2Z4X1dpc2hib25lUGluZ19tZWQ=
p	-477618694	c2Z4X1BvdGlvbl9oZWFsdGhfbWVkaXVt
p	1317085082	RXllc2NyZWFt
p	-1347086492	TWVhZEJ6ZXJrZXI=
p	-1084358155	dmZ4X21vcmtoYWxsYV9nYXRlZG9vcjAzX2Rlc3Ryb3llZA==
p	-1168258325	dHJvbGxzbm93X3Rocm93X3Byb2plY3RpbGU=
p	-242383857	SGFpcjRfMg==
p	-1673781308	c2Z4X2dyZXlkd2FyZl9kZWVwbm9ydGhfdmVyc2VfYXR0YWNr
p	-910963059	ZmFsbGVudmFsa3lyaWVfc2NyZWVjaA==
p	-995267834	QXNobGFuZHNfcm9jazI=
p	-934919036	ZnhfbW9yZ2VuX2RlYXRo
p	-993981138	RHZlcmdlclN1aXRGaXJl
p	1960554995	U1BfQXJtb3JQYWRkZWRDdWlyYXNz
p	843294981	RldfQXJtb3JQYWRkZWRDdWlyYXNz
p	1896402249	ZnhfZmlyZXNrZWxldG9uX25vdmE=
p	-1351790083	YXNwZWN0X2FvZV9ub3Zh
p	1701579258	c2Z4X3RyZWVfaGl0X2Fib21pbmF0aW9u
p	-464818711	c2Z4X2Jsb2JfbGFuZA==
p	802493318	TWFuZGlibGU=
p	-1063035972	Znhfc3VtbW9uX3NrZWxldG9u
p	-862578148	ZHZlcmdydG93bl9zdGFpcg==
p	-1313900121	V29sZl9BdHRhY2sy
p	1799389161	ZHJhdWdyX2Fycm93
p	-174110362	aGlsZGlyX3RlbnQ=
p	-1572092205	VHJvcGh5RmFsbGVuVmFsa3lyaWU=
p	1281967652	VHJvcGh5RGVlcg==
p	1074246236	cGllY2VfY2xvdGhfaGFuZ2luZ19kb29yX2JsdWUy
p	1642848947	ZnhfZ3VhcmRzdG9uZV9zaGllbGQ=
p	1771052550	c2Vla2VyX3BpbmNlcnM=
p	939435176	c2Z4X2NoYXJyZWRfYXJjaGVyX2Jvd19yZWxlYXNl
p	-1243786294	Znhfc2Vla2VyX2h1cnQ=
p	-67540938	c2NhbGVfd2FsbF9yb29mXzQ1
p	-1400632553	ZnhfVHJvbGxVbmRlYWRfR2licw==
p	239144302	QXNobGFuZHNfV2FsbF8yeDJfZWRnZV90b3A=
p	-333786923	dmZ4X3RlbnRhcm9vdF9oaXQ=
p	427268604	U2xlZGdlRGVtb2xpc2hlcg==
p	-477888490	SGFpcjI2
p	690569665	ZnhfcXVlZW5kb29yX2NlbnRlcnBsYXRl
p	1759874141	c2Z4X3dyaXRoYW5fZml6eg==
p	1695396105	c2Z4X3N0YWZmX3Ryb2xsc3Rhdl90cm9sbF9pbXBhY3Q=
p	1402995595	c2Z4X292ZW5fb3Blbg==
p	1746215412	TGVhdGhlcnN0cmFwcw==
p	613656554	YWx0YXI=
p	1281941166	SGFpcjEwXzI=
p	1275111859	cGllY2VfY2hhaXJfcnVuZWQ=
p	-1265929632	ZmFsbGVudmFsa3lyaWVfc3BpdA==
p	185328793	c2Z4X2JvbWJfdGhyb3c=
p	298977045	YmxhY2ttYXJibGVfdGlsZV93YWxsXzJ4NA==
p	1940264918	ZnhfZnJvemVua2luZ19jaGFpbl9mdXJ5X2FzY2VuZGluZw==
p	734016949	b3JtYnVua2VfZ3JlZW5fbWVkaXVt
p	1966597131	TW9ya2hhbGxhX0NoZXN0QW5jaWVudA==
p	-132972994	R29ibGluU2hvdWxkZXJz
p	-1704281991	Q2hhcnJlZF9IaXBDbG90aA==
p	-29779998	ZnhfR29ibGluU2hpZWxkQnJlYWs=
p	528844679	dmZ4X0hlYWx0aFVwZ3JhZGU=
p	-457534230	RHZlcmdlck1pc3RpbGVfc3Bhd24=
p	-952393887	RmxpbnQ=
p	-236669799	dmZ4X3NtZWx0ZXJfYWRkb3Jl
p	994222253	ZnhfRm9vZFN0ZWFt
p	-1040762809	dmZ4X2dob3N0X2RlYXRo
p	978482430	TW9ya2hhbGxhX2JyaWRnZV93b29kMDE=
p	-1919912477	Qm9uZW1hd1NlcnBlbnRfYml0ZQ==
p	-277042995	c2Z4X21vbGVtYW5fc3RvbmVkdXN0
p	-1530372843	Zm9yZ2U=
p	-231530696	QmF0dGVyaW5nUmFt
p	-405473607	TW9sZUNsYXdz
p	394713400	cGllY2VfZHZlcmdyX3dvb2RfZG9vcg==
p	1814848152	dmZ4X2NoYW5nZWRjaGFyYWN0ZXI=
p	1648085972	c2hhbWFuX2F0dGFja19hb2VfZnJvemVu
p	1330912002	c3RhZmZfc2tlbGV0b25fc3Bhd24=
p	778038248	cGllY2VfY29va2luZ3N0YXRpb25faXJvbg==
p	1723457591	U2hpZWxkUm91bmRHb2xkVW5jb29rZWQ=
p	-2066954473	c3RvbmVfd2FsbF80eDI=
p	830419154	ZnhfZHluYW1pdGVfZXhwbG9zaW9u
p	-1670867714	Qm9hcg==
p	-1946477469	Y2F2ZXJvY2tfY3VydmVkd2FsbGJpZ19leHRyYQ==
p	433641784	dmZ4X2R2ZXJncmNyZWVwX3dvb2Rfd2FsbDAzX2Rlc3Ryb3llZA==
p	1765103703	TW9ya2hhbGxhX1N0b29s
p	705430107	QXNobGFuZHNfQXJjaFJvb2ZEYW1hZ2VkX2hhbGYx
p	434992580	VHJvcGh5Qm9hcg==
p	392606230	U2tlbGV0b25fTm9BcmNoZXI=
p	710649036	U3Bhd25lcl9TdG9uZUdvbGVt
p	-556683561	SGlsZGlyS2V5X3BsYWluc2ZvcnRyZXNz
p	1550490032	dmZ4X2FzaGxhbmRfcnVpbl93YWxsX3dpbmRvd3NfYnJva2VuXzR4Nl9kZXN0cnVjdGlvbg==
p	1850161724	TW9sZE1hY2U=
p	59663085	c2Z4X3Nub3dfaGl0X2RlYnJpcw==
p	1812383840	RmlzaGluZ0JhaXRTd2FtcA==
p	-1521034916	eWdnYXNob290X2xvZw==
p	654439419	c2Z4X25lY2tfaGl0
p	-1104995788	c2Z4X3RpY2tfYXR0YWNrX2xhbmQ=
p	1378191352	ZnhfR29ibGluU2hpZWxkSGl0
p	668298163	U2tlbGV0b25fTW91bnRhaW5zX25vYXJjaGVy
p	-323903440	bG9vdF9jaGVzdF9zdG9uZQ==
p	-115856560	TXVzaHJvb21ZZWxsb3c=
p	1083439213	ZnhfY3JpdA==
p	-982639548	cHJvcF9waWVjZV93b3JrYmVuY2hfZXh0NA==
p	-1345029603	c2Z4X3N0b25lZG9vcl9zbGlkaW5nX29wZW4=
p	183471488	RmlyQ29uZQ==
p	103625373	RmlzaFNvdXA=
p	-91716071	Q2hpdGlu
p	1622864505	c2Z4X3NwYXdu
p	-1647798370	UG93ZGVyZWREcmFnb25FZ2c=
p	-1250350241	REdfTm9ydGhWaWxsYWdl
p	-679813882	VW5pZmllZFBvcHVw
p	-1462770262	YmFieXNlZWtlcl9hdHRhY2s=
p	1051328997	cHJvamVjdGlsZV9GaW1idWx2aW50ZXJNZXRlb3I=
p	1805857919	UnVuZVN0b25lX0NhdmVNYW4=
p	1378271602	c2Z4X2Zyb3plbmtpbmdfcHVuY2hhb2VfY2hhaW5fc3RhcnQ=
p	-1744197025	SGVsbWV0TWFnZQ==
p	-241434299	Sm90dW5XYXJyaW9yX2F0dGFja19zbGFzaA==
p	1358135697	ZnhfZHJvd24=
p	1043840427	SGFpcjk=
p	-1225845817	RldfQXJtb3JGZW5yaW5nTGVncw==
p	2010899246	ZnhfcmFkaWF0aW9uX2hpdA==
p	-1796573617	ZXZlbnR6b25lX2JvbmVtYXNz
p	1536438203	YXNod29vZF9kZWNvd2FsbF9kaXZpZGVy
p	1859348788	c2Z4X2NsdWJfaGl0
p	463677683	bXVkX3JvYWQ=
p	656024442	cGllY2VfcG90Ml9jcmFja2Vk
p	-982724606	VHJvbGxGcm9zdF9GcmFj
p	-658122144	cnVnX3NlYWw=
p	1370905601	Qm93R29sZF9Gcm9zdEZpcmU=
p	2024246663	cGllY2Vfb3Zlbg==
p	-307065706	QXhlR29sZFVuY29va2Vk
p	2101790814	Y2F2ZXJvY2tfZmxvb3JzbWFsbA==
p	2034813630	ZnhfSm90dW5XaXRjaF9GbHlpbmc=
p	899988629	aW5zdGFuY2VkX29ybWJ1bmtl
p	-1046067482	c2Z4X3VuYmpvcm5faHVydA==
p	292901962	U25vd1N0b3Jt
p	978022618	ZnhfQ2hhcnJlZFN0b25lX0Rlc3RydWN0aW9u
p	-2139814576	RmlyVHJlZV9TYXBsaW5n
p	-978646442	YmxhY2ttYXJibGVfY3JlZXBfc2xvcGVfaW52ZXJ0ZWRfMngyeDE=
p	-752129140	c2Z4X3NoaWVsZGdlbmVyYXRvcl9yZWZ1ZWw=
p	1273492894	TG94TWVhdA==
p	-1235119491	aXRlbXN0YW5k
p	722088364	U3Bhd25lcl9TZWVrZXI=
p	-921729736	TWVhZEhlYWx0aE1ham9y
p	-169814883	d29vZF9mcm9zdF9zdGFjaw==
p	-1161547082	c2Z4X2JvZ3dpdGNoX2NyZWFr
p	370871404	aW5zdGFuY2VkX2ZvcmVzdF9ncm91bmRjb3Zlcg==
p	-840257425	c2Z4X0dvYmxpblNoYW1hbl9odXJ0
p	-772414806	VmVndmlzaXJfR0RLaW5n
p	1616619067	c2Z4X2ZhZGVyX2JpdGVfcHJl
p	591261476	bW9ya2hhbGxhX3dlYl9ob3Jpc29udGFs
p	-1609638819	RGVhdGhzcXVpdG8=
p	446962826	dmZ4X0FzaHJ1aW5fd2luZG93Nl9kZXN0cm95ZWQ=
p	1736129798	TWFnaWNhbGx5U3R1ZmZlZFNocm9vbQ==
p	349064406	TW9ya2hhbGxhX3J1YmJsZV90cmFzaHBpbGVfZGVzdHJ1Y3Rpb24=
p	-238595237	U1BfS25pZmVTa29sbEFuZEhhdGk=
p	-786347858	c2Z4X2JhdHRlcmluZ19yYW1fZW5naW5l
p	1742216398	R29ibGluX0ROX0RyYWdkb2xs
p	-1908485725	ZnhfbGV2aWF0aGFuX3JlYWN0aW9u
p	1514650110	c2Z4X3RyYWluaW5nZHVtbXlfbGlnaHRfYXR0YWNrIGltcGFjdA==
p	-1836620120	YXNod29vZF93YWxsX2Nyb3NzXzI2X2FsdA==
p	-2114162550	VmluZWJlcnJ5
p	713085343	Z2phbGxfc3BpdF9wcm9qZWN0aWxl
p	-500810924	VHJvbGxfU3VtbW9uZWQ=
p	-257857655	UGluZVRyZWVfc25vd2ZhbGw=
p	-1352244435	c2Z4X3NlZWtlcl9icnV0ZV9pZGxl
p	199762999	U3RhcnRQbGF0Zm9ybQ==
p	2048566410	TW9ya2hhbGxhX1dhbGxfMjBfYnJva2VuNQ==
p	-1755703090	RHZlcmdlck1pc3RpbGU=
p	-803451189	X1Jvb21MaXN0X0FzaGxhbmRz
p	-640423049	YmxhY2ttYXJibGVfZmxvb3JfbGFyZ2U=
p	234577060	UGluZVRyZWVfU25vd19sb2dfWEw=
p	232336033	cGllY2VfamFja290dXJuaXA=
p	-1145943402	c2Z4X2d1aV9idXR0b24=
p	222289852	U25vd0ZpclRyZWUgMg==
p	279381957	U3dvcmROaWVkaG9nZ05hdHVyZQ==
p	-480469634	VHJpbmtldEJyb256ZVN0YW1pbmE=
p	-1052907593	VmluZUdyZWVuU2VlZHM=
p	565886949	ZnhfbW9yZ2VuaG9sZV9jZWlsaW5nZHJvcHM=
p	1673474691	VHJlYXN1cmVDaGVzdF9ibGFja2ZvcmVzdA==
p	-1975117249	U3BpY2VNaXN0bGFuZHM=
p	96144440	ZnhfZWlrdGh5cl9mb3J3YXJkc2hvY2t3YXZl
p	-1835506573	dmZ4X1BsYWNlX2NhdWxkcm9u
p	-682457896	c2Z4X29ibGl0ZXJhdG9yX29wZW4=
p	-1714554851	dmZ4X2R2ZXJncl9jdXJ0YWluX2Jhbm5lcl9kZXN0cm95ZWQ=
p	-663740804	QXNobGFuZHNfRm9ydHJlc3NfV2FsbF9QaWxsYXJfYmFzZV9mcmFj
p	711249930	c2Z4X3dyYWl0aF9hdHRhY2s=
p	-302162182	YXNwZWN0X2dkX2tpbmdfcm9vdHNwYXdu
p	-242383795	SGFpcjZfMg==
p	285426183	YmxhY2ttYXJibGVfY3JlZXBfc2xvcGVfaW52ZXJ0ZWRfMXgxeDI=
p	-216508205	YXNwZWN0X1NlZWtlclF1ZWVuX1NsYXA=
p	1551755654	Z2Rfa2luZ19wdW5jaA==
p	-1184827872	VHJvcGh5S3Zhc3R1cg==
p	-275632390	U3Bhd25lcl9Ucm9sbA==
p	-127408697	RWlrdGh5cl9hbnRsZXI=
p	1347147117	cGllY2VfZHZlcmdyX3NwaXJhbHN0YWlyX3JpZ2h0
p	304768544	YXNod29vZF93YWxsX2Nyb3NzXzI2
p	132486254	YXNwZWN0X2RyYWdvbl9jbGF3X2xlZnQ=
p	-775256361	Y2F1bGRyb25fZXh0N19zbW9rZXI=
p	470924985	ZnhfdHJhcF90cmlnZ2Vy
p	2144689997	U2tlbGV0b25fTWVhZG93c19ub2FyY2hlcg==
p	389771597	c3RvbmVfc3RhaXI=
p	-2018017253	VHJvcGh5Q2hhcnJlZE1lbGVl
p	1418593097	c2Z4X3NwZWFyX3Bva2U=
p	1288940892	RGFuZGVsaW9u
p	347870911	c3R1YmJlX2RlZXBub3J0aA==
p	-1660044524	SW5nYW1lR3VpX1RleHRJbnB1dA==
p	1548332621	ZnhfQ2hhcnJlZFN0b25lX0dpYnM=
p	113986677	QmFybGV5V2luZUJhc2U=
p	1488432680	Z29ibGluX3RyYXNocGlsZQ==
p	939881635	dmZ4X25lY2tfZGVhdGg=
p	252120223	QXNobGFuZHNfUmFtcA==
p	387144341	c2Z4X2Zyb3plbmtpbmdfaW50cm9fY2hhaW5wcmVzc3VyZQ==
p	62237157	c2Z4X2dob3N0X2h1cnQ=
p	-1488146288	ZHJhdWdyX2Jvdw==
p	-1176411353	TW9ya2hhbGxhX1dhbGxfMjA=
p	-1200601630	c2Z4X2Jsb2JsYXZhX2FsZXJ0
p	1471010406	c2Z4X3NrZWxldG9uX2F0dGFjaw==
p	-2131627929	ZnhfZ3JlZW5yb290c19wcm9qZWN0aWxlX2hpdA==
p	449644526	UGlja2FibGVfRm9yZXN0Q3J5cHRSZW1haW5zMDI=
p	-1049460462	dmZ4X0RhbWFnZWRfS2FydmU=
p	661728930	U3RhZmZPcmJvZkFocmlVbmNvb2tlZA==
p	2105343528	dmZ4X2RyYXVncl9oaXQ=
p	1512472677	aG9sZV9kZXN0cnVjdGFibGVEb29yMg==
p	-469793791	c2Z4X2xveGNhbGZfYWxlcnRlZA==
p	-1914796378	TW9sZEFybW9yR29sZExlZ3M=
p	-1390649375	VHJvcGh5R29ibGluU2hhbWFu
p	1536603853	ZmlyZV9waXRfaGFsZG9y
p	715666	RW5lbXlfQmFya2FfQXR0YWNrX0hlYXZ5U3dpbmdz
p	945264965	d29vZF9zdGFpcg==
p	1067573860	SWNlU2hlbGZfMDQ=
p	556448455	ZnhfRHZlcmdlcl9kZWF0aA==
p	806615250	TW9ya2hhbGxhX1dhbGxfMjBfd0dhdGUy
p	-957886916	ZnhfSW1tb2JpbGl6ZQ==
p	1495590806	YXNod29vZF9wb2xlXzJt
p	-892050217	dm9sdHVyZV9zdHJhd3BpbGU=
p	2007256918	QmVhcmQ2
p	908712672	Q3J5c3RhbA==
p	1265877422	dmZ4X2R2ZXJncnN0b29sX2Rlc3Ryb3llZA==
p	-2052189689	RHJhdWdyX3JhbmdlZF9yYWdkb2xs
p	1867208497	QXNobGFuZHNfU3RhaXJzQnJvYWQ=
p	177541128	R3Vjaw==
p	21597614	c2Z4X2tuaWZlX3N3aW5n
p	-310863970	c2Z4X2ltcF9maXJlYmFsbF9sYXVuY2g=
p	-601509778	TW9sZEF4ZQ==
p	-968312107	TW9ya2hhbGxhX2dpYW50X3JhaWxpbmdfc2luZ2xl
p	-1933882866	ZnhfRmFkaW5nX0JlbGxmcmFnbWVudF9CZWFt
p	680055139	c2VhbF9yYWdkb2xs
p	572773820	c2Z4X2dqYWxsX3NwaXRfZng=
p	90306282	c2Z4X2JhYnlzZWFsX2lkbGU=
p	1847256392	ZHZlcmdycm9ja19jdXJ2ZWRyb2Nr
p	-741676700	Ym9uZW1hc3NfYW9l
p	-1545343223	SGVsbWV0RE5NYWdl
p	443374032	ZnhfQm9uZmlyZUZsYW1lcw==
p	-316796204	cGllY2VfRXRlcm5hbFB5cmU=
p	1253313884	dmZ4X3ZpbmVzX2Rlc3Ryb3llZA==
p	124726634	c2NhbGVfd2FsbF9yb29mXzQ1X3Vwc2lkZWRvd25fZmxpcHBlZA==
p	-51253819	c2Z4X21vcmdlbl9pZGxl
p	-111519905	R1VJQnV0dG9uV2l0aEtleUhpbnQ=
p	-1685516191	RHZlcmdlcl9tZWxlZURlZXBOb3J0aA==
p	737835284	c2Z4X2dhbWVsdHJvbGxfbWVsZWVfYXR0YWNrX0ltcGFjdA==
p	-220548365	c2Z4X21vb3NlX2F0dGFja19tZWxlZV9oaXQ=
p	-1135631948	TW9ya2hhbGxhX1N0YXR1ZVBpZWNlRmVldA==
p	1310585661	YXJiYWxlc3RfcHJvamVjdGlsZV9ibGFja21ldGFs
p	7162394	c2Z4X3NoaWVsZGdlbmVyYXRvcl9oaXQ=
p	427596877	RnJvemVuS2luZw==
p	-1313626337	UGlja2FibGVfTXVzaHJvb21fTWFnZWNhcA==
p	2102937115	QXNobGFuZHNfQWx0YXI=
p	440475715	Sm90dW5IYWlyTWFsZTI=
p	168049647	YXNod29vZF93YWxsX2FyY2g=
p	-637414342	cGllY2VfY2hhaXI=
p	-2101173498	V29sZlN0YXR1ZQ==
p	-790848394	c2Z4X2dvYmxpbmJydXRlX2NsdWJzd2luZw==
p	1234679530	TW9sZEFybW9yR29sZEhlbG1ldA==
p	-132707708	ZnhfQm9uZW1hc3NfYW9lX3N0YXJ0
p	391153472	YW9lX25vdmE=
p	-979517185	RnJvemVuS2luZ19QMl9TcGF3bl9FaWt0aHly
p	-751432604	cGllY2VfaWNvbg==
p	2011351769	QXNobGFuZHNCcmFuY2gz
p	620649197	Q3Jvc3Nib3dHb2xkX0Jsb29kTGlnaHRuaW5n
p	1761585513	cnVnX2RlZXI=
p	693739923	Q3JlZXBQcm9wX0Zsb29yQ292ZXIwMQ==
p	-354552934	d29vZF9zdGVwbGFkZGVy
p	-1871015160	c2Z4X2d1aV9jcmFmdGl0ZW1fY2F1bGRyb25fZW5k
p	-630222754	QnJvbnpl
p	-1276324482	QXJtb3JDYXJhcGFjZUxlZ3M=
p	1253063480	QXhlMWhfSm90dW5XYXJyaW9y
p	1719174077	c2Z4X2JvbWJkeW5hbWl0ZV9leHBsb3Npb24=
p	354363928	eWdnYXNob290X2xvZ19oYWxm
p	-94314950	QmxhY2tGb3Jlc3RMb2NhdGlvbk11c2lj
p	15275361	c2Z4X2dob3N0c19pZGxl
p	-2044334466	TXVzaWNfU3RvbmVIZW5nZQ==
p	1096880206	c2Z4X2JlZWhpdmVfaGl0
p	-1449562452	b2ZmZXJhbHRhcl9Gcm96ZW5LaW5n
p	-1056870783	VHJhaW5pbmdEdW1teV90aHJvdw==
p	1495509232	RnJvemVuS2luZ19QdW5jaF9BT0U=
p	84884375	c2Z4X2dhbWVsdHJvbGxfdGhyb3dfYXR0YWNr
p	-411817177	c2Z4X21vcmdlbl9hbGVydA==
p	275601489	RHZlcmdlclN0YWZmQmxvY2tlcl9ibG9ja0NpcmNsZUJpZw==
p	422634212	R29ibGluQnJ1dGVfVGF1bnQ=
p	953948517	dmZ4X1dldA==
p	-1994118106	QmF0dGxlYXhlQ3J5c3RhbA==
p	-1959543941	c2Z4X2dob3N0c19tZWxlZV9hdHRhY2tfaW1wYWN0
p	1132045225	c2Z4X3VuYmpvcm5fZGVhdGg=
p	109649207	RmlzaDM=
p	931607157	SG9uZXlHbGF6ZWRDaGlja2Vu
p	332982092	ZnhfZm9vdHN0ZXBfYXNoX2xhbmQ=
p	1340531278	R29ibGluQnJ1dGVCcm9zX25vY2hlc3Q=
p	-919278487	c2Z4X3Ryb2xsX2hpdA==
p	-55047100	U3dpdGNoQ3Vyc29y
p	1067573855	SWNlU2hlbGZfMDM=
p	-11215269	c2Z4X2hhdGNobGluZ19pZGxl
p	538325705	UGllY2VfZ3JhdXN0ZW5fd2FsbF8xeDI=
p	2116891102	R3JhcHBsaW5nUG9pbnRTZWNvbmRhcnk=
p	-311152809	ZnhfZWlrdGh5cl9zdG9tcA==
p	-268712377	TW9ya2hhbGxhX1N0YXR1ZVBpZWNlSG9ybg==
p	836592568	b2JzaWRpYW5fcGlsZQ==
p	-1855532330	U3Bhd25lcl9EdmVyZ2VyQXJiYWxlc3Q=
p	1025009092	Y2hhcnJlZF9zaGllbGRnZW5lcmF0b3I=
p	1708291001	ZnhfUXVlZW5fQnVycm93RG93bg==
p	-317641991	SGFpcjM4XzM=
p	-1804404888	c2Z4X2RyYWdvbl9tZWxlZV9oaXQ=
p	1304037785	Qm93RmluZVdvb2Q=
p	-1877606907	QXNwZWN0X1lhZ2x1dGg=
p	-1294801227	U3Bhd25lcl9EcmF1Z3JfTm9pc2U=
p	16727443	TG94UGll
p	-1319835364	ZnhfZm9vdHN0ZXBfc25vd19qb2c=
p	251116763	TWVhZEJhc2VIZWFsdGhNYWpvcg==
p	1703708293	U3Bhd25lcl9Ta2VsZXRvbl9Nb3VudGFpbnM=
p	-1505667814	U3BpY2VBc2hsYW5kcw==
p	-1627203936	UGlja2FibGVfU3dvcmRwaWVjZTE=
p	712050603	c2Z4X2d1aV9pbnZlbnRvcnlfc2VsZWN0
p	-967386773	QnV0dG9uQmluZGluZw==
p	601266887	c2Z4X2JvYXJfaWRsZQ==
p	358132927	c2tlbGV0b25fYm93X21vdW50YWlucw==
p	1463624248	VHV0b3JpYWw=
p	1897933125	ZHZlcmdydG93bl9zdGFpcl9sb25n
p	1535305585	R3JhdmVTdG9uZV9Ccm9rZW5fV29ybGQ=
p	64556897	UG90ZWl0cg==
p	-581421563	c2Z4X0Fib21pbmF0aW9uX2FsZXJ0ZWQ=
p	-198785231	RldfS25pZmVTa29sbEFuZEhhdGk=
p	801744081	Qm9nV2l0Y2hfU3R1bXAy
p	478105205	UGlja2FibGVfTW91bnRhaW5DYXZlUmFuZG9t
p	-1169366101	SWNlX2Zsb29yX2ZyYWN0dXJlZA==
p	1325027919	c2Z4X2ZhbGxlbnZhbGt5cmllX2F0dGFja19zcGl0X3ZvY2Fs
p	538325612	UGllY2VfZ3JhdXN0ZW5fd2FsbF8yeDI=
p	858347753	Ym9uZW1hc3NfYXR0YWNrX3NwYXdu
p	-1993569970	QmlyY2gy
p	1454848043	R2FtZXBhZE1hcA==
p	-462474485	QXNoQ3Jvdw==
p	-1966477433	U3BhcmtsaW5nU2hyb29tc2hha2U=
p	-1913972066	YmF0X21lbGVl
p	70008852	SGVsbWV0TGVhdGhlcg==
p	294912805	QmFybGV5
p	437601075	cGllY2VfYXNrc3ZpbnNrZWxldG9u
p	-2019670596	aXJvbl9ncmF0ZQ==
p	-1997224466	QXJtb3JEZWVwTm9ydGhNZWRpdW1DaGVzdA==
p	-97430039	YmFyX2JsYWNrbWV0YWxfc3RhY2s=
p	-137185637	Znhfc2Vla2VyX21lbGVlX2hpdA==
p	-90524716	ZnhfY2FuZGxlX2FkZGZ1ZWw=
p	331770029	dmZ4X2JhcnJsZV9kZXN0cm95ZWQ=
p	-110263489	U3dvcmRJcm9u
p	410452091	b2ZmZXJhbHRhcl9kZWVy
p	-2000544474	U2VycGVudF90YXVudA==
p	1732624633	TG9hZGluZ0dVSQ==
p	-394220254	T2F0RmxvdXI=
p	199263817	c2Z4X2hhcmVfZm9vdHN0ZXBfcnVu
p	836768320	dmZ4X2RyYXVncnBpbGVfaGl0
p	286479006	cHJvamVjdGlsZV9tZXRlb3I=
p	8893374	R2phbGw=
p	-1807008579	QXJtb3JSYWdzTGVncw==
p	1742893963	VGluT3Jl
p	-560765594	U2FjcmVkUGlsbGFy
p	1595166198	dmZ4X21vcmtoYWxsYV90cmFpbmluZ2R1bW15MV9kZXN0cm95ZWQ=
p	777162921	cGllY2VfZ3JhdXN0ZW5fcm9vZl80NQ==
p	696030642	T2F0
p	-1764301166	d3JhaXRoX21lbGVl
p	-745169724	c2Z4X3RyYWluaW5nZHVtbXlfc3RhZ2dlcg==
p	174557517	dmZ4X2Zlcm1lbnRlcl9hZGQ=
p	1191680629	c2llZ2Vib21iX3Byb2plY3RpbGU=
p	122965861	cGllY2VfYmFyYmVy
p	-1260674580	QXNobGFuZHNfUnVpbnNfV2FsbF9XaW5kb3dfNHg2X2Jyb2tlbjU=
p	-702062643	c3RhdmVfZGVjb193YWxsXzJ4Mg==
p	-1625515141	c2NhbGVfd2FsbF9yb29mXzI2X3Vwc2lkZWRvd25fZmxpcHBlZA==
p	348162801	dmZ4X2FzaGxhbmRfd2FsbF8yeDJfZGVzdHJ1Y3Rpb24=
p	440394388	Z29ibGluX3BvbGVfc21hbGw=
p	-1395370551	dmZ4X01lYWRUYW1lcg==
p	-1746988912	cHJvcF9waWVjZV9iZW5jaF9ydW5lZA==
p	-505018634	S25pZmVDaGl0aW4=
p	713239282	c2Z4X3Z1bHR1cmVfYXR0YWNrX2NsYXc=
p	-2113496644	Q2luZGVyU2t5
p	-1026665539	TW9ya2hhbGxhX0V5ZTdfZ2Vtc3RvbmU=
p	-1443747635	cGllY2VfRmFpcnlsaWdodEdhcmxhbmQ=
p	-199334624	c2Z4X3NrZWxldG9uX2lkbGU=
p	-775797488	c2Z4X25lY2tfaWRsZQ==
p	-870478745	RmVucmluZ19yYWdkb2xs
p	-1610435819	R29ibGluU2hhbWFuX3JhZ2RvbGw=
p	1373933277	ZnhfZmFsbGVudmFsa3lyaWVfZGVhdGg=
p	-1841428112	U2Vla2VyUXVlZW5fdHJpZ2dlcnNwYXduX2FiaWxpdHk=
p	1332402384	U3RvbmVibG9jaw==
p	-870216900	cHJvamVjdGlsZV93b2xmZmFuZw==
p	802779077	TW9sZFNtYWxsUGFydHM=
p	1621948229	c2Z4X2dka2luZ19zaG9vdF9zdGFydA==
p	435846271	VHJvcGh5QmxvYl9Nb3JraGFsbGE=
p	-613415933	YmxhY2ttYXJibGVfaGVhZF9iaWcwMQ==
p	296086892	c2Z4X2NsYXdfc3dpbmc=
p	185997502	c2Z4X2JvbmVtYXdfc2VycGVudF9iaXRl
p	-1627779525	Qm9tYkJsb2JfVGFyX3Byb2plY3RpbGU=
p	-761824688	VHJvcGh5R29ibGluS2luZw==
p	-1822859241	cHJvcF9pdGVtc3RhbmRfVHJvcGh5R3JleWR3YXJm
p	-1422994331	dHJvbGxzbm93X2dyb3VuZHNsYW1fYW9l
p	1515675484	dmZ4X3JhdmVuX2ZlYXRoZXJz
p	679702861	c2Z4X1BvdGlvbl9oZWFsdGhfU3RhcnQ=
p	-786484722	UnVuZVN0b25lX01lYWRvd3M=
p	-574007745	c2Z4X2dyYXBwbGluZ2hvb2tfcmVsb2Fk
p	-529824887	ZnhfZnJvemVua2luZ19zcGlrZXJhaW5faGl0
p	1548540202	c3RhZmZfaWNlc2hhcmRfcHJvamVjdGlsZQ==
p	-1016700460	YmxhY2ttYXJibGVfaGVhZF9iaWcwMg==
p	1641155666	RGVhZFNwZWFrX0Jhc2U=
p	804556932	UnVuZVN0b25lX0dES2luZw==
p	252250057	dmZ4X0JvbWJCbG9iX2V4cGxvZGVfZnJvc3Q=
p	-989373867	U3Bhd25lcl9Ud2l0Y2hlcg==
p	170622748	SWNlX3NoaXBfMQ==
p	285664883	dmZ4X2dyb3VuZF9mb2c=
p	2057247232	c2Z4X21pbGxfYWRk
p	581095551	SGlsZGlyS2V5X2ZvcmVzdGNyeXB0
p	1628953990	Q2hhcnJlZHNrdWxs
p	1294883521	c2Z4X0JvbmVtYXNzX2FsZXJ0
p	1961161115	c2hhbWFuX2F0dGFja19hb2U=
p	-1442501107	c2Z4X2JlYXJfYml0ZV9hdHRhY2tfaW1wYWN0
p	-1589283964	RHZlcmdlclN0YWZmRmlyZV9jbHVzdGVyYm9tYl9wcm9qZWN0aWxl
p	-1589331400	ZnhfZm9vdHN0ZXBfYXNoX3dhbGs=
p	-523243435	b2ZmZXJhbHRhcl9nZGtpbmc=
p	-646778915	c2Z4X2JhdHRlcmluZ19yYW1fYW50aWNpcGF0aW9u
p	614013476	TW9sZFNoaWVsZFRvd2Vy
p	2006750645	c3Bpcml0bW9vc2VfaG9vdmVz
p	-1408658120	c3RvbmVnb2xlbV9hdHRhY2sxX3NwaWtl
p	-1383558263	aGlnaHN0b25l
p	870990427	QXNobGFuZHNUcmVlMw==
p	-916064261	dmZ4X0JvbWJCbG9iX2V4cGxvZGVfbGF2YQ==
p	1417076401	cGllY2VfY2hlc3RfYmxhY2ttZXRhbA==
p	2023038568	c2Z4X3dlYXBvbnNfbGlnaHRuaW5nX2VuYWJsZQ==
p	-1506685424	c3RhZmZfc2hpZWxkX2FvZQ==
p	1051479931	RmlyVHJlZV9vbGRMb2c=
p	762077939	QXRnZWlyV29vZA==
p	1075281969	dmZ4X21vcmtoYWxsYV93ZWFwb25zdGFuZF9kZXN0cm95ZWQ=
p	1664749613	c2Z4X3NlcnBlbnRfYXR0YWNrX3RyaWdnZXI=
p	-732360912	dmZ4X2R2ZXJncmNyZWVwX3N1cHBvcnRfZGVzdHJveWVk
p	1703108136	X1pvbmVDdHJs
p	-497378246	TW9sZEFybW9yTWFnZUhlbG1ldA==
p	1302205337	cGllY2VfbWFnZXRhYmxlX2V4dDI=
p	1863383	Qm9sdElyb24=
p	504117341	UnVuZVN0b25lX01lbW9yaWFsMQ==
p	-3726398	U3dvcmROaWVkaG9nZ0xpZ2h0bmluZw==
p	1724880377	c2Z4X3Ryb2xsZmlyZV9hdHRhY2tfY2x1Yl9zd2luZ19kb3du
p	-26157786	aGF0Y2hsaW5nX3NwaXRfY29sZA==
p	-1543403955	RHZlcmdlclN0YWZmTm92YV9hb2U=
p	521057400	U3Bhd25lcl9EcmF1Z3JfUmFuZ2Vk
p	933664922	c2Z4X1Byb2plY3RpbGVIaXQ=
p	321998505	anV0ZV9jYXJwZXRfYmx1ZQ==
p	-11840097	U3RhcnRHdWlfTWVyY2hCdXR0b24=
p	734636168	c2Z4X2JvbmVtYXdfc2VycGVudF9zcGl0X2hpdA==
p	2095458909	RmlzaGluZ1JvZA==
p	967167494	c2Z4X3RyYWluaW5nZHVtbXlfdGhyb3dfaW1wYWN0
p	1214614237	dmZ4X1BsYWNlX3NtYWxsaXRlbQ==
p	-2139763419	ZnhfSGlsZGlyQ2hlc3RfVW5sb2Nr
p	-129031101	ZnhfRHZlcmdlck1hZ2VfRmlyZV9oaXQ=
p	-1157979572	dmZ4X01lYWRTd2ltbWVy
p	-74487561	TW9ya2hhbGxhX0Zsb29yXzJ4Mg==
p	-162241831	RmFkZXJfSnVtcA==
p	1023955653	TWFjZVdvb2Q=
p	1671731874	ZHJhdWdyX2Jvd19wcm9qZWN0aWxl
p	-525378698	c2Z4X3JlbG9hZF9kdmVyZ2VyX3N0YXJ0
p	-17539746	dmZ4X1BsYWNlX3N0b25lX2Zsb29yXzJ4Mg==
p	1088195452	SGFpcjM3
p	-2080803941	ZnhfbW9yZ2VuX2hpdA==
p	84942617	QmVhcmQ5
p	-365758259	dmZ4X2Jhcm5hY2xlX2hpdA==
p	1326124595	RnJvemVuS2luZ19QMl9Qcm9qZWN0aWxlX1lhZ2x1dGg=
p	371141881	TW9ya2hhbGxhX0Zsb29yXzR4NF9ob2xlMDc=
p	-1799121796	Y2xpZmZfYXNobGFuZHMyX2ZyYWM=
p	-1155561769	VHJpbmtldFNpbHZlckRhbWFnZQ==
p	-1288204738	ZnhfQm9uZW1hd1NlcnBlbnRfU3BpdF9IaXQ=
p	-704394069	RHZlcmdlckFyYmFsZXN0
p	631884831	ZnhfZmltYnVsdmludGVyX21ldGVvcl9oaXQ=
p	-1189581058	dmZ4X29ic2lkaWFuX2Rlc3Ryb3llZA==
p	-1018400547	c2Z4X2NoYXJyZWRfbWVsZWVfYXR0YWNrX2xpZnQ=
p	1088195450	SGFpcjE3
p	1756801826	dmZ4X3Rhcl9zdXJmYWNl
p	302265302	c2Z4X21hZ21hX2xvb3A=
p	976946033	dmZ4X2JlZWhpdmVfaGl0
p	-62404222	U3Bhd25lcl9TaGFkb3dQZXJzb24=
p	-955026550	c2tlbGV0b25fYm93
p	-1087359017	c3RhZmZfZ3JlZW5yb290c190ZW50YXJvb3RfYXR0YWNr
p	1583975460	QXhlSm90dW5CYW5l
p	621146823	ZnhfdGlja19kZWF0aA==
p	1580444482	RldfU3RhZmZMaWdodG5pbmc=
p	-923734326	dW5iam9ybl9zd2lwZV9jb21ibw==
p	976604240	YmlsZWJvbWJfZXhwbG9zaW9u
p	605908579	R3JleWR3YXJmX3JhZ2RvbGw=
p	-1434893033	b2ZmZXJhbHRhcl9nb2JsaW5raW5n
p	229705406	TWlzdGhhcmVTdXByZW1lVW5jb29rZWQ=
p	988384127	c2Z4X2xhbmRfd2F0ZXI=
p	-1126420587	SXRlbQ==
p	-1059419183	VHJvcGh5R29ibGluQnJ1dGU=
p	375476424	SGFsZG9y
p	1417885490	ZnhfRWF0X0JsdWU=
p	-2040823588	c2Z4X2xveF9icmVhdGg=
p	-287156086	SW5nYW1lR3VpX1RleHRWaWV3ZXI=
p	1128618718	Znhfc3VtbW9uX3NwaXJpdF9zcGF3bg==
p	7469731	c2Z4X21vbGVtYW5faHVydA==
p	1222156405	WWFnbHV0aEFsdGFyQmFzZQ==
p	589349901	c2Z4X2ZsYW1ldGFsZ2F0ZV9kb29yX29wZW4=
p	-376855183	Q2hhaW5MaWdodG5pbmc=
p	-1901670101	c2Z4X2Jvd19kcmF3
p	-1386691669	cHJvcF9pdGVtc3RhbmRfVHJvcGh5R3JleWR3YXJmQnJ1dGU=
p	823420613	YXNod29vZF9iZWQ=
p	-175874239	c2Z4X2ZhZGVyX3NwaW4=
p	-213214859	ZHZlcmdydG93bl93b29kX3N0YWtl
p	459717098	RmlzaGluZ0JhaXRBc2hsYW5kcw==
p	-414492758	SHVkTWVzc2FnZQ==
p	-814351570	dmZ4X0JvbWJCbG9iX2V4cGxvZGVfcG9pc29uZWxpdGU=
p	-1661430003	Y2xpZmZfYXNobGFuZHM2
p	1160612162	TW9sZFN0YWZmdGh1bmRlcmJsb29k
p	-1007926976	dmZ4X0FyY2hlcnlUYXJnZXRfaGl0
p	-869703693	dmZ4X1BsYWNlX3Rocm9uZTAy
p	579200240	SGVsbWV0RmlzaGluZ0hhdA==
p	1178524842	ZHJhZ29uZWdnY3Vw
p	-1805750341	dmZ4X2RyYXVncl9kZWF0aA==
p	487704284	dmZ4X3N0b25lX3dhbGxfNHgyX2Rlc3Ryb3llZA==
p	-1079891863	YmxvYnRhcl9wcm9qZWN0aWxlX3RhcmJhbGw=
p	1495524301	Znhfc25vd193YWxsX2JyZWFr
p	459083054	U1BfQXhlQnJvbnpl
p	-628387079	cGllY2VfTGF2YWxhbnRlcm4=
p	-877641284	d29vZF9yb29mXzQ1
p	455267851	c2Z4X3NtZWx0ZXJfcHJvZHVjZQ==
p	-1626280682	c2Z4X0RyYXVnclNwYXdu
p	-1886277181	c2Z4X2NoYXJyZWRfc3Bhd25lcl9kZXN0cm95
p	-1917784535	QXJyb3dGaXJl
p	616126435	YmFyX2dvbGRfc3RhY2s=
p	-1658059644	dmZ4X1RyYWluaW5nRHVtbXlfZGVzdHJ1Y3Rpb24=
p	2004573612	Znhfc2tlbGV0b25fcGV0
p	1246556425	TWVhZEJhc2VFaXRyTWlub3I=
p	1396451807	VHJlYXN1cmVDaGVzdF9mQ3J5cHQ=
p	1383713634	dmZ4X2R2ZXJncl9zdGFrZV9kZXN0cm95ZWQ=
p	776003015	RnJvemVuS2luZ19QMl9Qcm9qZWN0aWxlX0JvbmVtYXNz
p	-229057792	Q2FwZURlZXBOb3J0aE1hZ2U=
p	-128972710	dmZ4X0Rlc3Ryb3llZF9WaWtpbmdTaGlwX2Zyb3plbg==
p	531804979	c2Z4X2ZhbGxlbndhcnJpb3JfYXR0YWNr
p	453132633	Ym9uZW1hc3NfYXR0YWNrX2FvZQ==
p	-968627914	dmZ4X2Jsb2JfZnJvc3RfYXR0YWNr
p	-216137440	YXNod29vZF93YWxsX3Jvb2ZfMjY=
p	1598879022	ZnhfY2FuZGxlX29mZg==
p	1219943255	c2Z4X0JvbmVtYXNzX3NwYXduX2RyYXVncl9zdGFydA==
p	649134841	UGxhY2VNYXJrZXI=
p	1478421295	c3RvbmVfZmVuY2U=
p	222646934	U3RhdHVlRGVlcg==
p	-309914534	c2Z4X2dyZXlsaW5nX2F0dGFjaw==
p	-1064502302	ZnhfR1BfUGxheWVy
p	176995072	WW1pclJlbWFpbnM=
p	-1888655866	c3Bhd25fdGVuZHJpbA==
p	1190566948	QXNobGFuZHNfUnVpbnNfRmxvb3JfM3gzX2Jyb2tlbjI=
p	-1119196061	SGVsbWV0Um9vdA==
p	-147749895	ZnhfZm9vdHN0ZXBfZHZlcmdlcl9ydW4=
p	-402748695	c2Z4X2NoYXJyZWRfdHdpdGNoZXJfYWxlcnQ=
p	-1792357735	QXJtb3JNYWdlTGVnc19Bc2hsYW5kcw==
p	-586097886	c2Z4X2Zyb3plbmtpbmdfYXR0YWNrbWVsZWVfZG91YmxlX3dob29zaF9sZWFk
p	2129512561	c2Z4X3NrZWxldG9uX2Zyb3plbl92ZXJzZV9pZGxl
p	-1278010020	c2Z4X2J1aWxkX2hhbW1lcl9jcnlzdGFs
p	1865694990	Q2FwZURlZXBOb3J0aA==
p	-2025597564	RmlyVHJlZV9TdHVi
p	1142297160	ZnhfanV0ZV9jYXJwZXRfcmVkX2Rlc3RydWN0aW9u
p	1429425329	VHJvbGxGcm9zdA==
p	-54060277	Z2lhbnRfaGVsbWV0MV9kZXN0cnVjdGlvbg==
p	-502557894	dmZ4X0d1Y2tTYWNrU21hbGxfRGVzdHJveWVk
p	-242383695	SGFpcjNfMw==
p	-523775988	TW9ya2hhbGxhX2dpYW50X3JhaWxpbmdfaGFsZg==
p	834041922	V2F5c3RvbmU=
p	-986664346	dmZ4X1BsYWNlX211ZF9yb2Fk
p	-185712007	U2Vla2VyUXVlZW4=
p	-1884425851	QmVhcmQ1
p	-1421478172	d29vZF9jb3JlX3N0YWNr
p	1933247026	QmVhcmQyMA==
p	-1918860111	ZGlydHdhbGw=
p	-347035489	dmZ4X0xhc3RCb3NzR2F0ZV9kZXN0cm95ZWQ=
p	446596857	VHJvcGh5U2tlbGV0b24=
p	-1181865688	cGllY2VfZ2lmdDM=
p	447262021	c3RhZmZfY2x1c3RlcmJvbWJzdGFmZl9zcGxpbnRlcl9wcm9qZWN0aWxl
p	-1086888377	RmFkZXJfTWV0ZW9yU21hc2hfQU9F
p	395694737	dmZ4X1JvY2tEZXN0cm95ZWQ=
p	-357044922	c2Z4X2RlZXJfYWxlcnRlZA==
p	-256548376	c2Z4X3dyaXRoYW5fYml0ZQ==
p	-1060658883	TWVhZFN0YW1pbmFNZWRpdW0=
p	499263833	YXNod29vZF9hcmNoX2JpZw==
p	1847388066	c2Z4X2Zyb3plbmtpbmdfY2hhcmdlX2RvdWJsZWhvb2t1cA==
p	-1076581777	d29vZF9yb29mX29jb3JuZXI=
p	729978814	ZnhfSm90dW5XaXRjaF9NYWdpY0JsYXN0
p	-1174015184	TW9ya2hhbGxhX2JyaWRnZV9kYXZpbmNp
p	399713608	ZmlyZV9waXQ=
p	2130638987	RWxha2luZw==
p	248039118	Q2Fycm90U291cA==
p	1697016051	dmZ4X2dyZXlkd2FyZl9kZWF0aA==
p	1464531371	dmZ4X3dhdGVyc3BsYXNoX2thcnZl
p	-1687459538	YXNwZWN0X2RyYWdvbl9zcGl0X3Nob3RndW4=
p	4048993	ZnhfRWF0X0JsYWNr
p	-524840022	QXJtb3JCcm9uemVDaGVzdA==
p	332647390	c2Z4X2Zyb3plbmtpbmdfYXR0YWNrbWVsZWVfc2luZ2xlX3doc2g=
p	-1902440348	Y2hlc3RfaGlsZGlyM19pbmNhbXA=
p	1804172929	dmZ4X1BsYWNlX3dvb2Rfd2FsbA==
p	145857790	dmZ4X2Jsb2J0YXJfZGVhdGg=
p	1530132193	U1BfU3RhZmZGaXJlYmFsbA==
p	1627208601	U1BfQXJtb3JMZWF0aGVyTGVncw==
p	-2089404025	RmVucmluZ19hdHRhY2tfZmxhbWVzX2FvZQ==
p	-1534289981	c2Z4X3dlYXBvbnNfYmxvb2RfaW1wYWN0
p	747816726	ZHZlcmdydG93bl93b29kX3N1cHBvcnQ=
p	64091269	VXBncmFkZXI1V2VhcG9u
p	-1992807247	d29vZF9yb29mX29jb3JuZXJfNjc=
p	-225290158	TXVzaWNfSGlsZGly
p	-1466760527	RnJvemVuS2luZ19DaGFpbkZsdXJyeQ==
p	-121680198	ZmlfdmlsX2NhdGhfZGVjb3Jfc3dvcmRzX2Nyb3Nz
p	-192269159	c2Z4X2dqYWxsX2F0dGFja190aWNrX2Ryb3A=
p	952841829	c2Z4X25lY2tfYWxlcnRlZA==
p	-1125750956	UGllY2VfZ3JhdXN0ZW5fd2FsbF9hcmNo
p	482237526	c2Z4X3ByZXNwYXdu
p	642947408	Qm93QXNobGFuZHNSb290
p	-1104038219	QXNobGFuZHNfRm9ydHJlc3NfR2F0ZQ==
p	-1947076882	Q2hhaW5MaWdodG5pbmdSZWQ=
p	925095330	Q2F0YXB1bHRfQW1tb19CbG9vZEdvbGRfUHJvamVjdGlsZV9BT0U=
p	-1891566652	c2Z4X2Zyb3plbmtpbmdfY2hhaW5mbHVycnlfY29sZHZvcnRleA==
p	-1203026450	SWNlU2hvcmU=
p	-1695999899	dmZ4X1BsYWNlX3dvb2Rfd2FsbF9oYWxm
p	1883826970	VHVybmlwU2VlZHM=
p	-136529571	RnJvemVuS2luZ19QMl9Qcm9qZWN0aWxlX0Vpa3RoeXI=
p	-1661430002	Y2xpZmZfYXNobGFuZHMx
p	-72692618	Ympvcm5fYml0ZQ==
p	470180509	c2Z4X3VpX3BsYXllcl9maXJlZGFtYWdlX2xvb3A=
p	475727613	c2Z4X2NoYXJyZWRfdHdpdGNoZXJfdGhyb3c=
p	-414032288	dmZ4X1BsYWNlX2Rhcmt3b29kX2dhdGU=
p	-1500948554	c2Z4X2NhdGFwdWx0X2xlZ3NfdXA=
p	1401156240	U3BlYXJTcGxpdG5lcl9OYXR1cmU=
p	448215532	c2Z4X2ZhZGVyX2NoYXJyZWRzdW1tb25faW1wYWN0
p	-982639542	cHJvcF9waWVjZV93b3JrYmVuY2hfZXh0Mg==
p	-661882940	cG9ydGFsX3dvb2Q=
p	558018705	R3JhdmVTdG9uZV9DaGFycmVkRmFkZXJMb2NhdGlvbg==
p	769769393	c2Z4X2Zpc2hpbmdyb2RfbGluZWJyZWFr
p	-1458865182	c2Z4X3NlZWtlcl9vdmVybGF5
p	1120080705	ZnhfQm9udXNZaWVsZA==
p	-317642022	SGFpcjI4XzM=
p	-931348166	U2NvcmNoaW5nTWVkbGV5
p	-1898261384	dmZ4X2Jsb2Jtb3JrX2F0dGFjaw==
p	-1326673704	X0Vudmlyb25tZW50
p	-1655434869	cm9jazRfaGVhdGhfZnJhYw==
p	-1847873962	Znhfc2hpZWxkZ2VuZXJhdG9yX2RvbWVoaXQ=
p	-1914201124	VmluZWJlcnJ5U2VlZHM=
p	-1181865690	cGllY2VfZ2lmdDE=
p	1090845817	VHJvcGh5R29ibGluQnJ1dGVCcm9zU2hhbWFu
p	1572699642	c3RhZmZfT3Jib2ZBaHJpX3Byb2plY3RpbGVfcmV0dXJu
p	1227596662	c2Z4X2ZlbnJpbmdfY2xhd19zdGFydA==
p	801523509	R29ibGluQnJ1dGVfQXJtR3VhcmQ=
p	1924509191	YXNod29vZF93YWxsXzJ4Mg==
p	-1849866750	TWVhZFRhbWVy
p	-57767025	U3R1bXBMb2c=
p	-820060986	c2Z4X2ZhZGVyX3NwYXduX21ldGVvcl9pbXBhY3Q=
p	-1686726824	TW9ya2hhbGxhX1N0YXR1ZVBpZWNlQXJtUg==
p	-1461869097	TW9ya2hhbGxhX1J1YmJsZTFfZmFsbA==
p	-13205006	dmZ4X3dhdGVyX3N1cmZhY2U=
p	1779180581	UGluZUNvbmU=
p	1152905720	S2FsZUNoaXBz
p	-709958170	c2Z4X2Zvb3RzdGVwX2ljZV9ydW4=
p	-683419350	ZnhfZm9vdHN0ZXBfYXNoX3J1bg==
p	-666107875	Qm9tYkJsb2JfTW9ya2hhbGxh
p	233149251	TW91bnRhaW5LaXRfaW50X3dhbGxfNHg0
p	891150159	dmZ4X2NhdGFwdWx0X3JlbGVhc2U=
p	-795702158	dmZ4X3Ryb2xsX2xvZ19oaXRncm91bmQ=
p	1409301310	QXJtb3JEcmVzczY=
p	-1520733896	c2Z4X2JhYnlfc2Vla2VyX2FsZXJ0ZWQ=
p	-1433362858	RnJvemVuS2luZ19QMl9TcGF3bl9Nb2Rlcg==
p	-1902522143	Y2F2ZXJvY2tfcGlsbGFy
p	1251606243	dmZ4X01hcmJsZUhpdA==
p	-1907481662	c2Z4X2Zlcm1lbnRlcl90YXA=
p	-285005240	dmZ4X0d1Y2tTYWNrSGl0
p	1915973488	c2Z4X2ZhZGVyX21ldGVvcl9zdGFydA==
p	-607373006	RmlzdEJqb3JuQ2xhdw==
p	-873027154	dmZ4X21pbGxfcHJvZHVjZQ==
p	-1890632668	SGFpcjE2XzI=
p	2009412434	cGllY2VfY2hlc3Rfd2FyZGVyb2Jl
p	1603275129	Sm90dW5IYWlyTWFsZTQ=
p	-1799042173	dmZ4X2Jhcl90aW5fc3RhY2tfZGVzdHJveWVk
p	-40956237	RmFkZXJfUm9hcl9Qcm9qZWN0aWxl
p	1844283300	RmlyVHJlZV9Tbm93X1N0dWI=
p	-477120423	UGlja2FibGVfSXRlbQ==
p	-1159820015	cGllY2VfdGFibGVfb2Fr
p	1620441605	X0ZlYXN0ZXJQaWVjZVRhYmxl
p	-468579885	VHJvcGh5Qmpvcm4=
p	-1545751767	VHJvcGh5R3Jvd3Ro
p	-1005547168	c2Z4X292ZW5fYnVybnQ=
p	2018381468	c2Z4X2pvdHVud2l0Y2hfYXR0YWNrYmFsbF9pbXBhY3Q=
p	-371166203	c2Z4X2dka2luZ19wdW5jaA==
p	-2142465622	QXNwZWN0X1NlZWtlclF1ZWVu
p	-677614374	SWNlU2thdGVz
p	1750141103	R29ibGluQnJ1dGVfUmFnZUF0dGFjaw==
p	-56190528	c2Z4X3N0b25lZ29sZW1fYXR0YWNrX2hpdA==
p	299883260	c2Z4X3N0b25lZ29sZW1faWRsZQ==
p	388304576	Q3JlZXBQcm9wX3dhbGwwMQ==
p	-1695673393	d29vZF9mZW5jZV9nYXRl
p	-139784891	c2Z4X21vcmdlbl9yb2xsX2p1bXA=
p	-404239887	c2Z4X21vcmtoYWxsYV9nYXRlX29wZW5fc3RhcnQ=
p	131796573	VHVybmlwU3Rldw==
p	-465711069	SGFpcjI3XzM=
p	-408509179	RHJhZ29u
p	-877669110	VXBncmFkZVN0YXRpb24=
p	1720863128	ZnhfRmVhc3RBc2hsYW5kc0VhdA==
p	1055620598	QXNrc3ZpbkVnZw==
p	159828289	TW9sZEFybW9yTWVkaXVtTGVncw==
p	1580161127	QXJtb3JTdGFuZA==
p	1417205766	cGllY2VfcmVtb3ZlX2ZlYXN0ZXI=
p	1814827443	U3RvbmVHb2xlbQ==
p	1218332729	RmlkZGxlaGVhZGZlcm4=
p	-1513531567	c2Z4X2Zyb3plbmtpbmdfcHVuY2hhb2VfY2hhaW5fZW5k
p	-763740723	aGlsZGlyX2Nsb3RoZXNyYWNrMQ==
p	-2062909477	Y2hhcnJlZF9ib3dfdm9sbGV5X0ZhZGVy
p	1142703842	d29vZF9wb2xl
p	-1064611251	R2VuZXJpY01vbGRVbmNvb2tlZA==
p	-885613533	ZnhfZm9vdHN0ZXBfd29vZF9ydW4=
p	1403743516	Y2x1dHRlcl9zaHJ1Yl9sYXJnZQ==
p	909409740	c2Z4X2xveF9jaGV3MQ==
p	-460902046	QmVsdFN0cmVuZ3Ro
p	123147689	cHJvamVjdGlsZV9zcGxpdG5lcg==
p	1557339751	RHJhdWdyX1JhbmdlZF9zbGVlcGluZw==
p	-1620577410	TXVzaHJvb21Kb3R1blB1ZmZz
p	662706540	Q2FyYXBhY2U=
p	-413278252	Um91bmRMb2c=
p	1109531742	SWNlU2hhcmRfMDI=
p	-1569517817	U2VycGVudFNjYWxl
p	-933819798	TW9ya2hhbGxhX0Jhbm5lcjI=
p	-1663603416	Sm90dW5XYXJyaW9yMkhTd29yZF9hdHRhY2tfc2xhc2g=
p	972907565	d29vZF93YWxsX3Jvb2ZfNjdfYQ==
p	1875429571	c2Z4X2NoaWNrZW5faWRsZV93aW5nZmxhcA==
p	-762903134	c2Z4X3NlZWtlcl9icnV0ZV9hdHRhY2tfcmFtX2hpdA==
p	-534343582	ZnhfRHZlcmdlck1hZ2VfRmlyZV9zdGFydA==
p	-1157562916	Znhfb3Zlbl9wcm9kdWNl
p	-1937784263	c2Z4X3NlcnBlbnRfYWxlcnRlZA==
p	775980967	c2Z4X3RyYWluaW5nZHVtbXlfdGhyb3c=
p	-1912866981	Qm9nV2l0Y2hLdmFzdHVy
p	-25109206	QmxhY2tJY2VfQ29yZV9vdXRlcg==
p	-524195358	c2Z4X3Ryb2xsX2F0dGFja2luZw==
p	-616176066	TW9ya2hhbGxhX1dhbGxfaGFsZg==
p	1974160938	d29vZF93YWxsX3Jvb2ZfdXBzaWRlZG93bg==
p	679310017	c2Z4X2Jsb2J0YXJfaWRsZQ==
p	-1995706566	c2Z4X2dhbWVsdHJvbGxfc3RvbXBfYXR0YWNr
p	-1252768741	c2Z4X2d1aV9jcmFmdGl0ZW1fZm9yZ2U=
p	1691268727	TW9ya2hhbGxhX0JlZHJvbGwx
p	-232765807	ZnhfcmVmaW5lcnlfYWRkZnVlbA==
p	-609504472	X1Jvb21MaXN0
p	-1717421957	cGllY2VfY2hhaXIwMw==
p	771866541	Y2hhcnJlZF9keXJud3luX2dyZWF0c3dvcmRfZmVpbnQ=
p	1504573300	cHJvamVjdGlsZV9zcGxpdG5lcl9ibG9vZA==
p	1038085717	cGllY2Vfd2FsbHRvcmNo
p	158924377	dmZ4X0JvbWJCbG9iX2V4cGxvZGVfcG9pc29u
p	-809934838	c3RvbmV3YWxsXzI=
p	1240159852	aGl2ZV9zcGF3bg==
p	1602392070	U2hpZWxkSXJvblRvd2Vy
p	1020298526	U3Bhd25lcl9Mb2NhdGlvbl9HcmV5ZHdhcmY=
p	702453006	TG94UGVsdA==
p	908600739	UGlja2FibGVfVGFy
p	797695327	QXNobGFuZHNfUnVpbnNfRmxvb3JfNng2X2Jyb2tlbjE=
p	-1906199978	cGllY2VfaG9vZGVkbGFudGVybg==
p	861580176	c2Z4X1BvdGlvbl9oZWFsdGhfbGFyZ2U=
p	-967152196	TW9ya2hhbGxhX1N0YXR1ZVBpZWNlSG9ybl9iaWc=
p	-1987106861	S25pZmVTa29sbEFuZEhhdGk=
p	639051186	c2Z4X2VsYWtpbmdfaWRsZV9vbGQ=
p	-402594562	c2Z4X3N0YWZmX2xpZ2h0bmluZ19jaGFyZ2U=
p	1323557958	TW9ya2hhbGxhX0V5ZTE=
p	-764886347	c2Z4X0hpdmVRdWVlbl9ydXNo
p	100559974	c2Z4X2pvdHVud2Fycmlvcl9odXJ0
p	1217240681	Z2lhbnRfaGVsbWV0Mg==
p	-146689421	dmZ4X1VuZGVhZEJ1cm4=
p	1813132348	QXNobGFuZHNfZmxvb3JfbGFyZ2VfZnJhY3R1cmVk
p	-568996141	TGFzdEJvc3NHYXRlX0ludGVybmFsR2F0ZQ==
p	-971560874	c2Z4X3Vsdl9kZWF0aA==
p	-1705482	c2Z4X2hhcmVfaWRsZV9lYXRpbmc=
p	1178598324	U21va2VQYXJ0aWNsZVN5c3RlbQ==
p	-583577844	UGlja2FibGVfT2F0
p	2141320638	d29vZF9yb29mX3RvcA==
p	-2113721544	ZnhfSm90dW5XaXRjaF9Eb2RnZQ==
p	2008075663	YXNwZWN0X1NlZWtlclF1ZWVuX0JpdGU=
p	-1897893742	ZnhfYmFieXNlZWtlcl9odXJ0
p	-2092967403	QXJtb3JUdW5pYzc=
p	-1755069231	U3R1bXBIb2xl
p	-1704773650	c2Z4X3NlZWtlcl90YWtlb2Zm
p	1787058454	U1BfS25pZmVTaWx2ZXI=
p	-2040381836	Um9ja180X3BsYWlucw==
p	1981879254	ZnhfZGFtYWdlX2NhbXNoYWtl
p	-114512825	U3dvcmRJcm9uRmlyZQ==
p	1263128497	T3JiVGh1bmRlckJsb29k
p	142191759	c2Z4X3N0YWZmZnJvc3RvcmJzX3NoaWVsZF9ib3VuY2U=
p	990991588	c2Z4X3RyZWVfZmFsbF9oaXQ=
p	1641385580	QXNobGFuZHNfUnVpbnNfdHdpc3RfUGlsbGFyQmFzZQ==
p	1675311800	c2Z4X2dyZXlkd2FyZl9hdHRhY2s=
p	-174377588	dHVyZl9yb29m
p	-366021778	QXNwZWN0X01vZGVy
p	2113947815	ZnhfYXNrc3Zpbl9mb290c3RlcF93YWxr
p	-1268964283	cm9jazJfaGVhdGhfZnJhYw==
p	2113728123	SGVsbWV0SXJvbg==
p	-983716656	ZHZlcmdydG93bl9tZXRhbF93YWxsXzJ4Mg==
p	-1512554729	aGlsZGlyX21hcHRhYmxl
p	-1257909261	Sm90dW5XYXJyaW9yMkhTd29yZF9hdHRhY2tfY2xlYXZl
p	1238827358	dmZ4X3NlcnBlbnRfaHVydA==
p	169758061	YXJiYWxlc3RfcHJvamVjdGlsZV9ibG9vZGdvbGQ=
p	1642420224	Znhfc2llZ2Vib21iX2V4cGxvc2lvbg==
p	-514852831	c2Z4X3NrZWxldG9uX2Jhc2ljX2RlYXRo
p	-2094909618	d2lkZXN0b25l
p	1665945215	U2Vzc2lvblBsYXllckxpc3RFbnRyeQ==
p	1320540721	RmFkZXJfSnVtcF9MZWZ0
p	-1579089126	ZnhfZnJvemVua2luZ19jaGFpbndoaXJs
p	1492754947	SGlsZGlyX3BsYWluc2ZvcnRyZXNzX3dvb2RfZmxvb3I=
p	-1158435946	RHZlcmdlclN0YWZmU3VwcG9ydF9idWZm
p	-1416094899	U2hpZWxkQ2FyYXBhY2VCdWNrbGVy
p	-97202447	QXNobGFuZHNfTWV0ZW9yU2hvd2Vy
p	978482429	TW9ya2hhbGxhX2JyaWRnZV93b29kMDI=
p	-430432277	VGFua2FyZA==
p	-724923279	R2FtZXBsYXlUYWI=
p	1416136208	c2Z4X3N0YWZmdGh1bmRlcmJsb29kX2Nhc3Q=
p	-1640687903	SGFpcjM0
p	-1797734528	c2Z4X2dob3N0X2FsZXJ0
p	58584771	R29ibGluU2hhbWFuX3Byb2plY3RpbGVfZmlyZWJhbGw=
p	-1420753578	U3RhcnRHdWlfTWFuYWdlU2F2ZXNNZW51
p	656614799	c2Z4X2pvdHVud2Fycmlvcl9hdHRhY2sy
p	870990425	QXNobGFuZHNUcmVlMQ==
p	888919242	ZnhfdW5zdGFibGVsYXZhcm9ja19leHBsb3Npb24=
p	-1006512207	dmZ4X2dka2luZ19zdG9tcA==
p	-1717780267	SGVhbHRoVXBncmFkZV9Cb25lbWFzcw==
p	-1883725963	SGFpcjI4XzI=
p	-1293151425	Qmxvb2RQdWRkaW5n
p	-1555720115	ZnhfSm90dW5XaXRjaF9EZWF0aA==
p	690689017	dmZ4X2dvYmxpbl9kbl9oaXQ=
p	-221034124	dmZ4X0ZpcmV3b3JrX1JvY2tldF9ZZWxsb3c=
p	-729514615	U2tlbGV0b25fRGVlcE5vcnRo
p	-1187773206	c2Z4X3NtZWx0ZXJfYWRk
p	96650703	TW9ya2hhbGxhX1JhbmRvbUxvb3Q=
p	1043840417	SGFpcjc=
p	1163880943	c2Z4X3NrZWxldG9uX3BvaXNvbl9kZWF0aA==
p	-634570654	c2Z4X0Fib21pbmF0aW9uX2lkbGU=
p	1790496580	QXhlSXJvbg==
p	-441349860	RmVhc3RQbGFpbnM=
p	167463198	R1VJU3RlcHBlcg==
p	1362246162	RnJvemVuS2luZ19wMg==
p	574795489	ZnhfbW9vc2VfZGVhdGg=
p	1349000507	c2Z4X3Z1bHR1cmVfd2luZ19mbGFw
p	307349672	c2Z4X3N0YWZmZnJvc3RvcmJzX3NoaWVsZF9zcGF3bg==
p	-1015244101	c2Z4X2hpdA==
p	-661368636	Q2F0YXB1bHRfcHJvamVjdGlsZQ==
p	-619411680	c2Z4X3dpbmRvd3NfY2xvc2U=
p	-655494741	U3dvcmRHb2xkVW5jb29rZWQ=
p	1315037798	YXNod29vZF9hcmNoX2JvdHRvbQ==
p	305409361	QXNobGFuZHNfUnVpbnNfV2FsbF9XaW5kb3dfNHg2X2Jyb2tlbjQ=
p	1772388905	SG9sZVJvY2tfY3VydmVkMg==
p	-446699339	VEhTd29yZFNsYXllckxpZ2h0bmluZw==
p	-403494760	ZGFya3dvb2Rfd29sZg==
p	1531174297	TWVhZEJhc2VTdHJlbmd0aA==
p	639823957	RnJvemVuS2luZ19QMl9TdW1tb25fQm9uZW1hc3M=
p	-1399780559	Qm9zc1N0b25lX0Vpa3RoeXI=
p	1571435137	U3Bhd25lcl9Cb2Fy
p	-1056847255	c2Z4X2JhdF9hbGVydGVk
p	-127434936	dmZ4X2JlZWNoX3NtYWxsMV9kZXN0cm95
p	2085044757	SWNlV2FsbA==
p	1906035469	c3RhZmZfY2x1c3RlcmJvbWJzdGFmZl9wcm9qZWN0aWxl
p	-335094221	Q29va2VkQmpvcm5NZWF0
p	-791142009	ZGFya3dvb2RfYmVhbTR4NA==
p	96140381	TW9ya2hhbGxhX0Zsb29yXzR4NF9icm9rZW4wMg==
p	-1536676026	c2Z4X2Vpa3RoeXJfc3Bhd24=
p	-2082004790	dmZ4X2Jvd19maXJl
p	-1706607262	dmZ4X2Jhcl9icm9uemVfc3RhY2tfZGVzdHJveWVk
p	-337119751	TWVhZEJhc2VIZWFsdGhNZWRpdW0=
p	-1049327509	dmZ4X29ha19jdXQ=
p	-1978837223	QXhlQmVyemVya3JMaWdodG5pbmc=
p	14322530	QXNobGFuZHNfV2FsbEJsb2NrXzF4Mngy
p	-1297235939	QXRnZWlySGltbWluQWZs
p	-74603962	SGFpcjM1
p	-1679047269	R29ibGluS2luZ19UYXVudA==
p	-225851562	dmZ4X2Zyb3N0YXJyb3dfaGl0
p	685765232	c2Z4X2Fib21pbmF0aW9uX2FyaXNlX2VuZA==
p	120032863	R29ibGluU2hhbWFuX0hpbGRpcl9ub2NoZXN0
p	-849025734	dmZ4X1BsYWNlX3dvb2Rfd2FsbF9yb29m
p	-470808985	dmZ4X2JlZWhpdmVfZGVzdHJveWVk
p	-514974285	U2VhbA==
p	528713833	SW5nYW1lR3VpX0NoYXRfYm94
p	-1382234189	TWVhZFBvaXNvblJlc2lzdA==
p	1592016380	T25pb25Tb3Vw
p	379798210	c2Z4X3N0YWZmX2VsZGVyX3Jvb3RfaGl0
p	1129221382	TWVhZEJhc2VTdGFtaW5hTGluZ2VyaW5n
p	-1237403377	SGFpcjIz
p	42596973	c2Z4X2ZlbnJpbmdfanVtcF90cmFpbHN0YXJ0
p	1378946595	dmZ4X0NvYWxIaXQ=
p	-1884296	UGllY2VfZ3JhdXN0ZW5fd2FsbF9hcmNoX2ludmVydGVk
p	-27335484	U2xlZGdlR29sZFVuY29va2Vk
p	-1642631106	dmZ4X3BvaXNvbmFycm93X2hpdA==
p	552197258	R29ibGluU3BlYXI=
p	2072373495	Qmpvcm4=
p	-1081772602	c2Z4X2p1bXA=
p	-685185831	T3ZlblBhbmNha2U=
p	1088263263	VG9vbHRpcFdvcmxkTW9kaWZpZXJz
p	1442705152	Qm9tYkJsb2JfUG9pc29uX3Byb2plY3RpbGU=
p	980760610	c2Z4X0JvbmVtYXNzX0hpdA==
p	-982639545	cHJvcF9waWVjZV93b3JrYmVuY2hfZXh0MQ==
p	506454164	Qm9uZW1hd1NlcnBlbnRUb290aA==
p	424208778	aXJvbl93YWxsXzJ4Mg==
p	-1749146861	ZnhfVG9yY2hfTW9ya2hhbGxh
p	-1372515538	RmlyZXdvcmtzUm9ja2V0X1doaXRl
p	-228048586	U2xlZGdlSXJvbg==
p	-1426678018	cGllY2VfbWFnZXRhYmxlX2V4dDM=
p	-1596005754	Qm93R29sZFVuY29va2Vk
p	-718245635	VW5sb2NrQWNoaWV2ZW1lbnRQb3B1cA==
p	-940897264	RWxha2luZ01vbGVfU2FuZGNsb3VkX1Byb2plY3RpbGU=
p	141492048	U1BfQ2FwZVRyb2xsSGlkZQ==
p	-1036826514	dmZ4X3Ryb2xsX3JvY2tfZGVzdHJveWVk
p	1531072013	QW5jaWVudEdlbXN0b25lR3JlZW4=
p	-1913775113	ZnhfZnJvemVua2luZ19zcGlrZXJhaW5fc3VtbW9uaW5n
p	130606792	c2Z4X3VpX3BsYXllcl9kYW1hZ2VfdGlja192aWJyYXRpb25fb25seQ==
p	1227094890	aW5zdGFuY2VkX2hlYXRoZmxvd2Vycw==
p	735284842	T2FrMQ==
p	-1273339005	YmVk
p	-2003855227	RnJvemVuS2luZ19QMl9TdW1tb25fUXVlZW4=
p	2142212792	SGFpcjM1XzM=
p	-2066739996	dmZ4X21vcmtoYWxsYV9nYXRlZG9vcl9kZXN0cm95ZWQ=
p	1723831024	bGF2YWJvbWJfZXhwbG9zaW9u
p	1435649631	ZnhfQnJhemllcl9mbGFtZXM=
p	54913301	ZnhfRmVhc3RPY2VhbnNFYXQ=
p	-798024644	RmxhbWV0YWxPcmVOZXc=
p	901023621	RHZlcmdlclN1aXRTdXBwb3J0
p	123068292	dmZ4X3dvb2RfeWdnZHJhc2lsX3N0YWNrX2Rlc3Ryb3llZA==
p	336313341	c2Z4X3NlZWtlcl9icnV0ZV9tYW5kaWJsZQ==
p	-631866150	c2Z4X2pvdHVud2l0Y2hfZGVhdGg=
p	-1679611065	S25pZmVHb2xk
p	-340629431	R1VJVG9nZ2xlV2l0aExhYmVs
p	1195333873	U2Vla2VyUXVlZW5fc3BpdGhpdA==
p	-1300355707	VHJvbGxfcmFnZG9sbA==
p	1575002696	cHJvcF9pdGVtc3RhbmRfVHJvcGh5RHJhdWdyRWxpdGU=
p	-933819795	TW9ya2hhbGxhX0Jhbm5lcjE=
p	1103603291	Y2hhcnJlZF9maXJlYmFsbF9hb2U=
p	1741169793	c2Z4X0d1Y2tTYWNrRGVzdHJveWVk
p	-594164751	U3RhcnRHdWlfRVVMQQ==
p	-84633224	Q29va2VkQm9uZU1hd1NlcnBlbnRNZWF0
p	-1286751737	QXNrc3Zpbl9IZWFkYnV0dA==
p	-1234917130	QXNobGFuZHNfV2FsbF8yeDJfdG9w
p	-1089266599	QXVkaW9UYWI=
p	-1384591073	c2Z4X2Zyb3plbmtpbmdfcHVuY2hhb2Vfd2hvb3NoX3N0YXJ0
p	2105931020	RHZlcmdlclN0YWZmQmxvY2tlcl9ibG9ja1U=
p	2119690483	dmZ4X29mZmVyaW5n
p	-364092232	c2FwbGluZ19vbmlvbg==
p	-1709791690	UnVuZVRhYmxldF9Gcm96ZW5LaW5n
p	-1111315835	TW9ya2hhbGxhX0Jsb2Nr
p	-1677131084	U3Bhd25lcl9DaGFycmVkU3RvbmVfZXZlbnQ=
p	1325598413	cGllY2VfcG90Mw==
p	-1671524600	dmZ4X2ljZWJsb2NrZXJfZGVzdHJveWVk
p	1862739074	c2Z4X3NlY3JldGZvdW5k
p	-1201975171	c2Z4X1N0YWZmTGlnaHRuaW5nX2NoYXJnZQ==
p	-1469156341	TWVhZEJhc2VIZWFsdGhMaW5nZXJpbmc=
p	1487320808	dmZ4X3NlcnBlbnRfYXR0YWNrX3RyaWdnZXI=
p	-1674877667	U21va2VkTW9vc2VNZWF0
p	-1061148390	cGllY2VfZ3JhdXN0ZW5fcm9vZl80NV9hcmNo
p	1559009974	c2Z4X0JvZ3dpdGNoS3Zhc3R1cl9pZGxl
p	-2001384404	VW5sb2NrTWVzc2FnZUJhc2U=
p	-1907036870	YXNwZWN0X1NlZWtlclF1ZWVuX1NwaXRTcGF3bkFiaWxpdHk=
p	-279460835	TW9ya2hhbGxhX1JhbmRvbVJ1YmJsZQ==
p	1800404073	UmF2ZW5z
p	340702425	c2Z4X2ZhbGxlbnZhbGt5cmllX2F0dGFja19zcGl0X3Byb2plY3RpbGU=
p	1991198713	c2Z4X2Jsb2JMYXZhX2V4cGxvc2lvbg==
p	1375459635	U3RhdHVlRnJleWFfYnJva2VuX2xlZnQ=
p	-439809259	YXNwZWN0X0ZhZGVyX0Zpc3N1cmU=
p	-151838028	R29sZA==
p	-1387756860	d29vZF9sb2dfNjc=
p	-937050156	c2Z4X3BlcmZlY3RibG9jaw==
p	-1369744779	dmZ4X0ZpcmV3b3JrX1JvY2tldA==
p	-2055368539	ZHZlcmdycHJvcHNfY3JhdGVfbG9uZw==
p	-1143960049	TXVzaHJvb21PbWVsZXR0ZQ==
p	-351356487	TGFzdEJvc3NHYXRlX1BpbGxhcg==
p	-1141104816	UGllY2VfZ3JhdXN0ZW5fcGlsbGFyYmFzZV9tZWRpdW0=
p	-621514349	TW9ya2hhbGxhX1dhbGxfMjBfd0dhdGVfRW50cmFuY2U=
p	-111516482	c2Z4X2hhbGRvcl95ZWE=
p	1183016248	c2Z4X3N0b25lZ29sZW1fZm9vdHN0ZXA=
p	1577983635	TW9sZFN3b3Jk
p	-1252858681	c21va2Vib21iX3Byb2plY3RpbGU=
p	-421851952	Qm93QXNobGFuZHM=
p	-467580905	VGFua2FyZE9kaW4=
p	-331389018	ZnhfbW9yZ2VuX2Zvb3RzdGVwX2RlZmF1bHQ=
p	1222851775	RnJvemVuS2luZ19DaGFpblJ1c2g=
p	-1417515624	U3RvbmUxX2h1Z2U=
p	-2140792754	UmFuZG9tQW1iaWVudEJhc2U=
p	738774094	TW9ya2hhbGxhX1N0YWlyc18xMg==
p	81405021	U3Bhd25lcl9Ta2VsZXRvbl9yZXNwYXduXzMw
p	1007656209	VHJpbmtldFNjYWxlU3RhbWluYURhbWFnZQ==
p	589695471	SGVsbWV0QmVyc2Vya2VyVW5kZWFk
p	-1458915510	YmlsZWJvbWJfcHJvamVjdGlsZQ==
p	-925784261	Q2FzdGxlS2l0X2dyb3VuZHRvcmNoX2JsdWU=
p	1951019652	QXNobGFuZHNfRm9ydHJlc3NfV2FsbF9QaWxsYXJUb3A=
p	547029702	ZnhfaWNlc2hhcmRfaGl0
p	1041527926	c2Vla2VyX3Rha2VvZmY=
p	1051222994	TW9sZFN0YWZmc3Bpcml0Y2FsbGVy
p	-355458734	dmZ4X3NocnViX2hlYXRoX2hpdA==
p	502052093	SnV0ZVJlZA==
p	1317363426	U3Bhd25lcl9UaWNrX3N0YXJlZA==
p	-861344835	dmZ4X2Zyb3N0a2lsbl9hZGRvcmU=
p	-2032417074	cm9jazRfYmlncm9ja19mcmFj
p	1064861474	d29vZGVuX3BhdGg=
p	-1137119769	QmxvYkFzcGVjdA==
p	115692907	RmlyZXdvcmtzUm9ja2V0X0JsdWU=
p	195844421	R29ibGluQnJ1dGVfcmFnZG9sbA==
p	1324300914	RmFkZXJfV2FsbE9mRmlyZQ==
p	-1261570356	Rmxhc2g=
p	-810926473	ZnhfZm9vdHN0ZXBfaWNlX3J1bg==
p	-1611113072	c2Z4X2Fza3N2aW5faWRsZQ==
p	1615939324	Y2hhcnJlZF9mYWRlcl9ncmVhdHN3b3JkX3N3aW5n
p	799199670	QXJyb3dTaWx2ZXI=
p	-1219034992	TWluY2VNZWF0U2F1Y2U=
p	-2140484606	U3Bhd25lcl9EcmF1Z3JfRWxpdGU=
p	826840908	QXJtb3JTdGFuZF9GZW1hbGU=
p	162752055	d29vZGlyb25fYmVhbV82Nw==
p	-187669273	YXNwZWN0X0ZhZGVyX1dhbGxPZkZpcmU=
p	433303229	bG94X3N0b21wX2FvZV9PTEQ=
p	-1148177914	UnVuZVN0b25lX01pc3RsYW5kc19ib3NzaGludA==
p	745645583	V29sZkNsYXc=
p	291594142	RGVlcg==
p	328680563	SGFpcjEw
p	1061380211	c2Z4X2RyYWdvbl9zY3JlYW0=
p	-222214338	Q2hhcnJlZF9NZWxlZV9EeXJud3lu
p	262436763	U2xlZGdlV29vZA==
p	-117748084	ZnhfbG94X3RhbWVk
p	-752328457	R29ibGluU3dvcmREZWVwTm9ydGg=
p	-1481141324	QmVhcmQ4
p	808046987	ZHZlcmdycHJvcHNfdGFibGU=
p	1527925285	TXVuaW4=
p	1538534145	SGFpcjI5
p	1646817558	ZGFya3dvb2RfcmF2ZW4=
p	1550709540	Qm9tYkJsb2JfTGF2YQ==
p	-1709396808	R3JleWR3YXJmX3NoYW1hbl9oZWFsX2Zyb3plbg==
p	-288702580	RnJlc2hTZWF3ZWVk
p	1140086335	Znhfc2hhbWFuX2ZpcmViYWxsX2V4cGw=
p	1562187376	c2Z4X21vcmtoYWxsYV9nYXRlX29wZW5fZW5k
p	421821362	ZnhfZmxhbWV0YWxub2RlX2Rlc3RydWN0aW9u
p	-612587032	ZnhfdG9tYnN0b25lX2Rlc3Ryb3llZA==
p	310026689	c2FwbGluZ190dXJuaXA=
p	-2011592003	SGFpcjM0XzM=
p	1084996439	VHJvcGh5QXNrc3Zpbg==
p	-908300758	TW9yZ2VuX3N3aXBlXzY=
p	-1569714550	c3RvbmVnb2xlbV9hdHRhY2szX3NwaWtlc3dlZXA=
p	-922498619	dmZ4X0ZpcmV3b3JrX1JvY2tldF9SZWQ=
p	-1590987938	Sm90dW5XYXJyaW9yMkhBeGVfYXR0YWNrX2NsZWF2ZQ==
p	12622595	ZnhfRWxha2luZ01vbGVfV2FrZXVw
p	-964905331	QXJtb3JIYXJ2ZXN0ZXIy
p	-716252616	bWVudV9idXNo
p	-331963480	QXNrc3Zpbl9UdXJuYXJvdW5k
p	-133533479	RWlrdGh5cl9jaGFyZ2U=
p	1632033609	cHJvamVjdGlsZV9hc2hsYW5kbWV0ZW9yMg==
p	1136200682	dmZ4X3NsZWRnZV9pcm9uX2hpdA==
p	-1421560593	SGVsbWV0TWlkc3VtbWVyQ3Jvd24=
p	325352405	VGljaw==
p	1851626712	c2Z4X2R2ZXJnZXJfaWNlX3Byb2plY3RpbGVfc3RhcnQ=
p	757588711	TGFudGVybl9ETg==
p	-1560241923	c2Z4X3dvb2RfZGVzdHJveWVk
p	-58973056	c2Z4X21vcmdlbl9yb2xsX2xhbmQ=
p	1647913655	TW9ya2hhbGxhX1J1YmJsZTE=
p	1713303714	ZnhfY2hpY2tlbl9iaXJ0aA==
p	1238354849	ZnhfbG94Y2FsZl9kZWF0aA==
p	-2049163370	U3BhcmtsZXI=
p	-535377778	RmlzaFJhdw==
p	437944868	R29ibGluU2hhbWFuX0hpbGRpcl9yYWdkb2xs
p	252183820	V29sZl9BdHRhY2sz
p	-1120477775	RmVhc3RNb3VudGFpbnNfTWF0ZXJpYWw=
p	59772364	TXVzaWNfQXNobGFuZHNfUnVpbnM=
p	-967197066	Q2hhcnJlZF9Ud2l0Y2hlcg==
p	1137281408	c25vd2JhbGxiaWdfcHJvamVjdGlsZQ==
p	548114341	cm9vdDEy
p	109649205	RmlzaDE=
p	-281601243	YXNod29vZF9mbG9vcl8yeDI=
p	-1164793754	UGlja2FibGVfRnJvc3RDb3JlSGFuZ2Vy
p	1623629049	c2Z4X3RpY2tfYXR0YWNrX2p1bXA=
p	-730656777	UmVzaW4=
p	328680565	SGFpcjMw
p	-1003545531	c2Z4X2J1aWxkX2hhbW1lcl9pY2U=
p	-1948836064	SW5nYW1lR3VpX0hVRF9NaW5pbWFw
p	-804321270	U3dpdGNoUHJvR2FtZXBhZE1hcA==
p	232501507	YmxhY2ttYXJibGVfYmFzZWNvcm5lcg==
p	170451811	QXhlV29vZA==
p	-2007300507	c2Z4X2VsYWtpbmdfYWxlcnRlZF9vbGQ=
p	998340100	U3dhbXBUcmVlMV9sb2c=
p	-1558312669	UGxheWVyX3RvbWJzdG9uZQ==
p	1969679954	c2Z4X3N0b25lZ29sZW1fc3Bpa2VhdHRhY2tfdHJhaWxvbg==
p	1273663262	dmZ4X21vdW50YWlua2l0X2NoYWlyX2Rlc3Ryb3llZA==
p	1040413270	UGluZXRyZWVfU25vdw==
p	-960592982	U3Vua2VuS2l0X2ludF9zdGFpcg==
p	-766155874	TW9ya2hhbGxhX1J1Z19zdGFpcg==
p	241007178	RldfQXJtb3JCcm9uemVDaGVzdA==
p	-466768857	SWNl
p	681427427	c2Z4X2Zyb3plbmtpbmdfaWRsZV9jaGFpbmVk
p	-1769575354	TWVudV9Ud2l0Y2hlcg==
p	1217240684	Z2lhbnRfaGVsbWV0MQ==
p	-172929820	T2FrX1NhcGxpbmc=
p	886357138	RmFkZXJfRmlzc3VyZV9BT0U=
p	-1536823377	U2hvdmVs
p	491242827	VHJpbmtldEJsYWNrRGFtYWdlSGVhbHRo
p	1300114313	VHVycmV0Qm9sdA==
p	-691427538	dmZ4X0FzaF9BcmNoMl9Ccm9rZW4yX2Rlc3Ryb3llZA==
p	-1954406120	TW9ya2hhbGxhX0V5ZTZfZ2Vtc3RvbmU=
p	-717068794	U3dvcmQyaF9Kb3R1bldhcnJpb3I=
p	-810926835	X1Jvb21MaXN0X0hhbGZCdXJyaWVk
p	967280542	c2FwbGluZ19iYXJsZXk=
p	-1711101149	VGhpc3RsZQ==
p	506210133	RHZlcmdlckFyYmFsZXN0X3Nob290QXNobGFuZHM=
p	1959757523	aGlsZGlyX2JhcnJlbA==
p	-1958435745	QmVhcmQxMg==
p	-1525697551	dmZ4X3dyYWl0aF9kZWF0aA==
p	-1211978573	dGVuZHJpbF9hdHRhY2s=
p	348302960	RmlyZXdvcmtzUm9ja2V0X0dyZWVu
p	649138327	dmZ4X3N0b25lZ29sZW1fZGVhdGg=
p	-1328953761	Tm9yblRocmVhZA==
p	-1982327694	dmZ4X2dvYmxpbl9oaXQ=
p	99167765	Znhfc3VtbW9uX3N0YXJ0
p	-367065113	X1RlcnJhaW5Db21waWxlcg==
p	-91247242	c2Z4X2ZpcmVzdGFmZl9sYXVuY2g=
p	821184559	R2hvc3Rfc2xlZXBpbmc=
p	-2070050825	U3RhbWluYVVwZ3JhZGVfVHJvbGw=
p	1533797674	c3Bpcml0bW9vc2VfaG9ybnNfc3dlZXA=
p	-1640748002	Y2hlc3RfaGlsZGlyMg==
p	-1034606963	ZGVtaXN0ZXJfYmFsbA==
p	-1615880537	aW1wX2ZpcmViYWxsX2F0dGFjaw==
p	-1278775552	T0xEX3dvb2Rfcm9vZg==
p	-1808454157	U3BlYXJDYXJhcGFjZQ==
p	514406382	c3Bpcml0Ym9hcl9iYXNlX2F0dGFjaw==
p	-62980316	WWdnYVNob290X3NtYWxsMQ==
p	-1846467061	RmltYnVsdmludGVyT3JiX3N0YXJ0
p	-854606842	ZnhfZ3VhcmRzdG9uZV9kZWFjdGl2YXRl
p	775398114	d29vZF9kcmFnb24x
p	1740170878	U3RhZmZSZWRUcm9sbA==
p	-1615509130	TW9ya2hhbGxhX1dhbGxfYnJva2VuX2NlbnRlcg==
p	573518231	ZnhfRmVhc3RTd2FtcHNFYXQ=
p	1104440988	U3Bhd25lcl9Kb3R1bkR1YWxXaWVsZA==
p	983930001	RHZlcmdlclN0YWZmTm92YQ==
p	444876721	RW5lbXlfQmFya2FfRm9vdHN0ZXA=
p	1759866742	QXNobGFuZHNfV2FsbF8yeDJfY29ybmVyTA==
p	1069909201	Qm9nV2l0Y2hfSHV0
p	1194570555	c2Z4X2Rhcmt3b29kX2Rvb3Jfb3Blbg==
p	-2047832227	U3RvbmVLaXRfaW50X2Zsb29yXzJ4Mg==
p	-1863847711	c2Z4X2xveF9hbGVydGVk
p	-1156946362	VHJvcGh5QmxvYl9Gcm9zdA==
p	-896272749	YXNwZWN0X0ZhZGVyX1dhbGxPZkZpcmVfQU9F
p	167698835	V29sZlBlbHQ=
p	-325681507	RnJvemVuS2luZ19DaGFpblNsYW1fTF9kb3VibGU=
p	2065491376	c2Z4X2NpbmRlcl9yYWluX2hpdA==
p	364904293	UGluZXRyZWVfMDFfU3R1Yg==
p	1499269639	cm9ja19taXN0bGFuZHMy
p	-1191907803	c2Z4X21vcmtoYWxsYV9nYXRlX3NsaWRl
p	1630163629	TWVhZEJhc2VFaXRyTGluZ2VyaW5n
p	-1301911090	ZnhfdGVudGFyb290X2RlYXRo
p	1739920819	dmZ4X0xpZ2h0Rm9vdA==
p	1143530255	c2Z4X2RlZXBub3J0aF9nYXRlX2FjdGl2YXRl
p	-505016231	TW9yZ2VuX3N3aXBlXzE=
p	-525154025	Q2luZW1hdGljc01hbmFnZXI=
p	1251153098	dmZ4X2ZpcmV0cmVlY3V0X2RlYWRfc25vdw==
p	-1195767551	YmxhY2ttYXJibGVfMXgx
p	-224957444	d29vZF9sb2dfNDU=
p	1073667277	c2Z4X2JvbWJkeW5hbWl0ZV9mdXNl
p	1842886963	ZHZlcmdycHJvcHNfbGFudGVybg==
p	-1334974660	c2Z4X3F1ZWVuZG9vcl9zZXF1ZW5jZQ==
p	-246843307	ZnhfRWF0X0dyZWVu
p	-185030609	U3Vua2VuS2l0X2ludF93YWxsXzF4Mg==
p	1442469804	ZnhfVG9yY2hfQmFzaWM=
p	766620697	ZHZlcmdydG93bl9zbGlkaW5nZG9vcg==
p	897133405	RmlzaEFuZEJyZWFkVW5jb29rZWQ=
p	1114342237	cGllY2VfeG1hc2dhcmxhbmQ=
p	-1727282808	aW5zdGFuY2VkX3NocnVi
p	-1269735539	c2Z4X2hpdF92aWJyYXRpb25fb25seQ==
p	489842420	S25pZmVHb2xkX0Zyb3N0RmlyZQ==
p	238075942	c2Z4X2ZhbGxlbndhcnJpb3JfYXR0YWNrX2ltcGFjdA==
p	1594907248	U3RhZmZTcGlyaXRDYWxsZXJVbmNvb2tlZA==
p	-1357090580	Q29va2VkV29sZk1lYXQ=
p	1743024904	c2Z4X3N0YWZmX2dyZW5hZGVfaW1wYWN0X3NtYWxs
p	247941897	dmZ4X2xveF9zb290aGVk
p	-1319659911	dmZ4X3dvb2RfY29yZV9zdGFja19kZXN0cm95ZWQ=
p	2121162303	U3RhcnRHdWlfTWVudQ==
p	24110301	dmZ4X1JvY2tIaXRfTWFyYmxl
p	-43522968	T2F0bWVhbExpbmdvbmJlcnJ5SmFt
p	-1211998438	ZGFya3dvb2RfcG9sZTQ=
p	-1236268379	Ym93X3Byb2plY3RpbGVfaXJvbg==
p	-1609449773	RnJvemVuS2luZ19QMl9Qcm9qZWN0aWxlX0VsZGVy
p	1061491316	Um9ja18zX2RlZXBub3J0aF9mcmFj
p	228106059	QXNwZWN0X0Vpa3RoeXI=
p	1662444120	c2Z4X3N0YWZmc3Bpcml0Y2FsbGVyX3N1bW1vbg==
p	2102462628	dmZ4X2RyYWdvbmVnZ19kZXN0cm95
p	-22163406	RmxhbWV0YWxPcmU=
p	172744537	cHJvcF9pdGVtc3RhbmRfVHJvcGh5R29ibGluQnJ1dGU=
p	-140516810	YmxhY2ttYXJibGVfY29sdW1uXzI=
p	-1508556507	c2Z4X3N0YWZmdGh1bmRlcmJsb29kX3RodW5kZXI=
p	-958010034	cGllY2Vfd29ya2JlbmNo
p	1342856749	TW9ya2hhbGxhX1N0YXR1ZVBpZWNlSG9ybjI=
p	-240630674	ZnhfRHZlcmdlck1hZ2VfSWNlX2hpdA==
p	-1727895168	RHZlcmdlck1hZ2VJY2U=
p	1749379817	RmFkZXJEcm9w
p	-608769339	c2Z4X3NlZWtlcl9odXJ0
p	-1068553607	dmZ4X3BlcmZlY3RibG9jaw==
p	-1079051988	U2hvY2tsYXRlU21vb3RoaWU=
p	-1695215220	QXJtb3JXb2xmTGVncw==
p	-641933831	QXJyb3dGcm9zdA==
p	358093595	Znhfc2Vla2VyYnJ1dGVfZm9vdHN0ZXBfZ3JvdW5k
p	591906928	c3Bpcml0Ympvcm5fc3dpcGVfY29tYm8=
p	-1858890103	c2Z4X2dka2luZ19zaG9vdF90cmlnZ2Vy
p	4675961	QnJvbnplU2NyYXA=
p	-939764378	c2Z4X3Z1bHR1cmVfZm9vdHN0ZXA=
p	535318471	QXJtb3JEZWVwTm9ydGhNYWdlQ2hlc3Q=
p	2017903409	c2Z4X2JhcmxleV9oaXQ=
p	919660713	c2Z4X0Zyb3N0X1N0YXJ0
p	-1417668051	Qm9uZVBpbGVTcGF3bmVyX3N3YW1w
p	205462929	TWFjZUdvbGRfRnJvc3RGaXJl
p	-1167222293	VHJvcGh5R3JleWR3YXJmU2hhbWFu
p	-946127216	c2Z4X3NrZWxldG9uX2JpZ19hbGVydGVk
p	1387578946	c2Z4X2VxdWlw
p	1542048280	ZnhfQ2luZGVyRmlyZV9CdXJu
p	-1560510124	RHZlcmdlckRlZXBOb3J0aA==
p	2098721495	QmFya2FfU2xhbURyaXZl
p	2080330686	ZHVuZ2Vvbl9xdWVlbl9kb29y
p	-281601339	YXNod29vZF9mbG9vcl8xeDE=
p	-59626026	dmZ4X0ZpcmVBZGRGdWVs
p	-717263366	Qm9tYkJsb2JfUG9pc29u
p	-2124075815	U2hpZWxkQ2FyYXBhY2U=
p	-1661430005	Y2xpZmZfYXNobGFuZHM0
p	-1981409227	QXNobGFuZHNUcmVlU3R1bXAy
p	2137518083	QXJyb3dCcm9uemU=
p	-1342501874	Vm9sdHVyZUVnZw==
p	-2011991903	c2Z4X2J1aWxkX2hhbW1lcl93b29k
p	-616503917	Q2hhcnJlZF9CcmVhc3RwbGF0ZQ==
p	12274827	YXNod29vZF93YWxsX3Jvb2ZfNjdfYQ==
p	1635116045	dmZ4X2ZpcmV0cmVlY3V0X3Nub3dfc21hbGw=
p	-1418004192	aGFuZ2luZ19oYWlyc3RyYW5kcw==
p	-1268036788	c2Z4X2dka2luZ19zdG9tcA==
p	1759866768	QXNobGFuZHNfV2FsbF8yeDJfY29ybmVyUg==
p	1911030203	RHZlcmdlck1hZ2U=
p	1907076913	ZnhfbGV2aWF0aGFuX2xlYXZl
p	-2054182805	QXJtb3JUdW5pYzEw
p	462114339	RnJvemVuS2luZ19QMl9TcGF3bl9GYWRlcg==
p	753579465	X0xvY2F0aW9uTGlzdF9IaWxkaXI=
p	1614819093	V2F0ZXJMaXF1aWQ=
p	-1524812815	c3RvbmVfd2FsbF9ydWlu
p	-1891214396	U3BlYXJHb2xkX0Zyb3N0RmlyZQ==
p	-150393364	Y2F2ZXJvY2tfaWNlX3BpbGxhcl93YWxs
p	2047147073	RWxha2luZ0xhbnRlcm4=
p	-976492396	c2Z4X2NoYXJyZWRfZm9vdHN0ZXA=
p	-925775745	ZnhfRmVhc3RTbWFsbA==
p	1533665363	Q2FuZGxlV2ljaw==
p	694889784	Q29va2VkRWdn
p	1265201052	c2Z4X3dlYXBvbnNfbGlnaHRuaW5nX2NoYWlu
p	152397449	dmZ4X3NoaWVsZGdlbmVyYXRvcl9zdGFydHVw
p	-964066384	ZnhfR1BfU3RvbmU=
p	-546357288	c2Z4X3Ryb2xsZmlyZV9mb290c3RlcA==
p	-1627580987	YXNwZWN0X0Vpa3RoeXJfc3RvbXA=
p	-722558772	ZnhfamVsbHlfcGlja3Vw
p	2119425612	QXNobGFuZHNfUnVpbnNfUmFtcF9VcHNpZGVkb3du
p	1933247024	QmVhcmQyMg==
p	-581885059	TW9ya2hhbGxhX2dpYW50X3JhaWxpbmdfdG9yY2g=
p	1227493173	Z2Rfa2luZ19yb290c3Bhd24=
p	-868343520	TWFjZUVsZG5lckJsb29k
p	-766326475	c2Z4X2NoYXJyZWRfbWFnZV9zcGF3bl9zdGFmZg==
p	-1411911791	QmlyY2hfbG9n
p	-768890785	RnJvemVuS2luZ19QMl9TdW1tb25fRmFkZXI=
p	1502599715	TG94
p	-1374218359	R3JleWR3YXJmX0VsaXRl
p	639316453	QXJtb3JTdGFuZF9NYWxl
p	-320719252	c2Z4X3JlbG9hZF9zdGFydA==
p	-1740294764	QXNobGFuZHNUcmVlTG9nMg==
p	-1702506509	QmFybGV5RmxvdXI=
p	64127142	VXBncmFkZXI2V2VhcG9u
p	-1131644886	c3RhZmZfZ3JlZW5yb290c190ZW50YXJvb3Q=
p	1317054746	VHJhZGVyQ2hlc3Rfc3RhdGlj
p	294523885	dmZ4X3JhdmVuX2xhbmQ=
p	1568460864	dmZ4X2Jsb2JfZnJvc3RfZGVhdGg=
p	723343212	TWluZVJvY2tfQ29wcGVy
p	-36593505	d29vZF93YWxsX3Jvb2ZfdG9wXzY3
p	-1462162163	c2Z4X2JvZ3dpdGNoX3JhbmRvbQ==
p	-343832221	c2Z4X1BvdGlvbl9mcm9zdHJlc2lzdF9TdGFydA==
p	696031002	U2Fw
p	-1485256085	c2FwbGluZ19vYXQ=
p	221441755	Sm90dW5XaXRjaF9wcm9qZWN0aWxlX2xpZ2h0bmluZ2JvbHQ=
p	-1317563639	cnVnX2JvZ3dpdGNoX2RlZXI=
p	-501007599	TW9yZ2VuX3JvbGxfcmlnaHQ=
p	528336477	QnVnTWVhdA==
p	65008322	c2lsdmVydmVpbl9mcmFj
p	1820325296	c2Z4X21vcmdlbl9zbGFwX2RlbGF5ZWQ=
p	1656978360	c2Z4X3Ryb2xsZmlyZV9pZGxl
p	74864965	U3BpY2VPY2VhbnM=
p	-2081058657	TmVjaw==
p	-1147224145	dmZ4X0ltcERlYXRo
p	2054657901	R3JhdXN0ZW4=
p	1321774774	YXNod29vZF9kZWNvd2FsbF90cmVl
p	-420887521	QmFya2FfUmFnZG9sbA==
p	-686059339	c2Z4X2NsYXlfcG90X2JyZWFr
p	641645088	R29ibGluU2hhbWFuX0hpbGRpcg==
p	-1904387381	TXVzaHJvb21CemVya2Vy
p	-1952949711	ZHZlcmdydG93bl93b29kX3dhbGwwMg==
p	-1589517988	TW9vc2VNZWF0
p	1778113542	U3Bhd25lcl9EdmVyZ2VyQXNobGFuZHM=
p	1241359129	dmZ4X3NlYWd1bGxfZGVhdGg=
p	-640969581	TWVudV9TZWFs
p	-757807274	dmZ4X2R2ZXJncmNyZWVwX2JlYW1fZGVzdHJveWVk
p	528326349	c2Z4X2Rvb3JfY2xvc2U=
p	-393475016	ZnhfRmFsbGVuVmFsa3lyaWVfcHJvamVjdGlsZV9leHBsb3Npb24=
p	-1591761954	c2Z4X2VxdWlwX3ZpYnJhdGlvbl9vbmx5
p	2026053306	c2Z4X3Z1bHR1cmVfYWxlcnQ=
p	178195211	c2Z4X21ldGFsYmFyc19oaXQ=
p	-406298796	R3JleWR3YXJmX3Rocm93
p	-1668628040	ZnhfQXJtb3JTdGFuZF9waWNr
p	580593833	dmZ4X2dvYmxpbmtpbmdfYmVhbV9PTEQ=
p	-1381309987	QXNobGFuZHNfQXJjaFJvb2Y=
p	-997579616	dmZ4X2dyZXlkd2FyZl9zaGFtYW5fcHJheQ==
p	-101341012	dmZ4X3ByZXNwYXduX2ZhZGVy
p	-1757438242	ZnhfY2hhaW5saWdodG5pbmdfc3ByZWFkX3JlZA==
p	-814619490	c2Z4X3Z1bHR1cmVfZWF0X3N3YWxsb3c=
p	-1650135981	RmlzaFdyYXBz
p	1635961943	RmxheA==
p	1010961914	V29sZg==
p	954270449	ZnhfcG9ydGFsX2Nvbm5lY3RlZA==
p	1681037457	U25vd0ZpclRyZWUyX3Nub3dmYWxs
p	-293996892	ZnhfdGFyX2J1YmJsZXM=
p	-1825512432	U3Bhd25lcl9Mb2NhdGlvbl9FbGl0ZQ==
p	-1340577042	VHVycmV0Qm9sdFdvb2Q=
p	597581755	ZHJhZ29uX2NsYXdfbGVmdA==
p	-313253700	c2Z4X3ByZXNwYXduTGFzdEJvc3NHYXRl
p	-749809465	dmZ4X0dpYW50TWV0YWxfZGVzdHJveWVk
p	217474958	QmF0dGxlYXhlR29sZA==
p	-821489514	c2Z4X3JhdmVuX2thdw==
p	-1627403090	TXVzaWNfRnVsaW5nQ2FtcA==
p	-1249190976	Q0MgRW50cnk=
p	1600360364	ZmxpbnRzcGVhcl9wcm9qZWN0aWxl
p	1193365239	c2Z4X2RlZXBub3J0aF9nYXRlX2Nsb3NlX2xvb3A=
p	691223085	QXhlQmVyemVya3I=
p	-1678144185	R29ibGluQnJ1dGVfSGlwQ2xvdGg=
p	686545676	UGllY2VfZ3JhdXN0ZW5fZmxvb3JfNHg0
p	1987656624	c2Z4X2NvaW5zX3BsYWNlZA==
p	122846068	c2Z4X2dob3N0X2lkbGU=
p	823751846	c2Z4X2Zvb3RzdGVwX2NsaW1i
p	1742233836	c2Z4X2JlZWhpdmVfZGVzdHJveWVk
p	-1283522298	Y2hhcnJlZF9ib3dfdm9sbGV5
p	1778747208	ZnhfYXNrc3Zpbl90YW1lZA==
p	612216132	ZnhfVG9yY2hfQ2FycmllZA==
p	935981969	c2Z4X0V0ZXJuYWxQeXJlX0ZpcmVfTG9vcA==
p	832955579	ZnhfbG94X2Zvb3RzdGVwX3J1bg==
p	125725536	TW9ya2hhbGxhX1N0YXR1ZVBpZWNlU3dvcmRfYmln
p	618430194	d29vZF93YWxsX3Jvb2ZfNDVfdXBzaWRlZG93bg==
p	1933247030	QmVhcmQyNA==
p	1449517077	dmZ4X1Nhd0R1c3RfQXNobGFuZHM=
p	468348387	dmZ4X2JlZWNoX2N1dA==
p	-782423427	c2NhbGVfd2FsbF9yb29mXzY3X2ZsaXBwZWQ=
p	-1385015058	U3RhZmZMaWdodG5pbmc=
p	-791657533	TW9ya2hhbGxhX0Zsb29yXzR4NF9ob2xlMDU=
p	1668762708	c2Z4X2dob3N0X2F0dGFja19oaXQ=
p	516018372	dmZ4X0FzaFBpZWNlRGVzdHJveWVk
p	2068723509	UGluZVRyZWVfU25vd19sb2dfaGFsZg==
p	-1849627113	U25vd0ZpclRyZWVfc25vd2ZhbGw=
p	-2097698275	c2Z4X2Jvd19maXJlX3NpbGVudA==
p	1109531737	SWNlU2hhcmRfMDU=
p	208267350	Q29ubmVjdGlvbg==
p	-663387685	bG9vdF9kZWVwTm9ydGhfVGltYmVySGFsbA==
p	-961758823	QXhlSGVhZDE=
p	-445232066	VmVndmlzaXJfRWlrdGh5cg==
p	-656917468	TW9ya2hhbGxhX1J1Z19lbmQy
p	2082355887	dmZ4X1BsYWNlX3N0b25lX2Zsb29y
p	-1922268105	TW9ya2hhbGxhX1dhbGxfMjBfd0dhdGUz
p	615772266	TGFzdEJvc3NHYXRlX0Zsb29yc3RvbmU=
p	595427151	c3R1YmJl
p	-961424307	UGlja2F4ZUFudGxlcg==
p	1030566831	c2Z4X2dyYXBwbGluZ2hvb2tfaGl0
p	-1434059771	VHJvcGh5Q3VsdGlzdF9IaWxkaXI=
p	-894468851	U3RlYW1EZWNrWGJveEdhbWVwYWRNYXA=
p	2009634787	YXNwZWN0X0ZhZGVyX0ZsYW1lYnJlYXRoX0FPRQ==
p	-1559239972	ZnhfZWdnX3NwbGFzaA==
p	509632925	QXJtb3JHb2xkTWVkaXVtSGVsbWV0VW5jb29rZWQ=
p	752247209	U2hpZWxkQnVja2xlckdvbGRVbmNvb2tlZA==
p	-750057646	YmxhY2ttYXJibGVfYWx0YXJfY3J5c3RhbF9icm9rZW4=
p	2032626552	TG94X0NhbGY=
p	287754685	Znhfd29sZl9wZXQ=
p	-2107531651	c2Z4X2dyZXlkd2FyZm5lc3RfZGVzdHJveWVk
p	1279745369	c2Z4X2dqYWxsX2lkbGVfc2hpdmVy
p	1312507201	Q2FzdGxlS2l0X21ldGFsX2dyb3VuZHRvcmNoX3VubGl0
p	80755174	TXVzaWNfR3JleWR3YXJmQ2FtcA==
p	2120243119	c2Z4X2RvZGdl
p	1490625731	TGVhdGhlclNjcmFwcw==
p	-396833001	TW9ya2hhbGxhX0Zsb29yXzIwX3dIb2xl
p	1131716010	VXBncmFkZXIxQXJtb3I=
p	-909098104	cGllY2VfYmxhY2ttYXJibGVfYmVuY2g=
p	1887186093	RmVucmluZ19jdWx0aXN0X3JhZ2RvbGxfaGlsZGly
p	-1588104500	SGFpcjMxXzM=
p	-1897420253	dmZ4X2FzaGxhbmRzYm93X2xpZ2h0bmluZ19maXJl
p	1773528248	ZnhfZm9vdHN0ZXBfZ3Jhc3NfcnVu
p	-1210029971	dmZ4X2Jsb2JfZnJvc3RfaGl0
p	1994674958	cGF0aF92Mg==
p	-1433040103	c2Z4X2ZhZGVyX2lkbGU=
p	2045908432	Z29ibGluX2Jhbm5lcg==
p	1260684100	T2F0U2VlZHM=
p	842587907	Z29ibGluX3Jvb2ZfY2Fw
p	-1012484109	aGlsZGlyX2Zsb3dlcmdpcmxhbmQ=
p	-113091537	bG9vdF9kZWVwTm9ydGhfR3JhbmFyeQ==
p	-922646739	RHJhdWdyX0VsaXRlX3NsZWVwaW5n
p	-2136750990	U3Bhd25lcl9HcmV5ZHdhcmZOZXN0
p	479646275	c21va2VfYXJlYQ==
p	-673609587	dmZ4X3Ryb2xsX2Zvb3RzdGVw
p	-1251255889	dmZ4X1NoYWRvd1BlcnNvbl9kZWF0aA==
p	-1372598740	R29ibGluSGVsbWV0
p	-326315518	c2Z4X1B1a2VfZmVtYWxl
p	-931391920	ZmVybWVudGVy
p	825693825	RmlyVHJlZV9iaWdfU2FwbGluZw==
p	-469159059	ZnhfaWNpY2xlX2Rlc3RydWN0aW9u
p	1674650800	c2Z4X2F4ZV9oaXQ=
p	-1831340186	YXNwZWN0X2dka2luZ19yb290X3Byb2plY3RpbGU=
p	2113459109	VHJvcGh5RHJhdWdyRmVt
p	1402895833	RHZlcmdlclN1aXRBcmJhbGVzdF9Bc2hsYW5kcw==
p	-201569423	TW9ya2hhbGxhX0Zsb29yXzIwX2Jyb2tlbg==
p	1182706869	UGluZXRyZWVfU25vd19kZWFk
p	1146805026	Q2F0YXB1bHQ=
p	-1881578093	U2hpZWxkR29sZEJ1Y2tsZXI=
p	-388373006	TW9ya2hhbGxhX0Zsb29yXzR4NF9ob2xlMDg=
p	734021216	VEhTd29yZEdvbGRfRnJvc3RGaXJl
p	1295056530	U21va2VCYWxs
p	-1985565486	VHJvbGxzbm93X3JhZ2RvbGw=
p	2068827984	VEhTd29yZEdvbGRfQmxvb2RMaWdodG5pbmc=
p	452915428	dmZ4X2Zyb3N0Y29yZV9waWNr
p	-2038185967	RmVucmluZ19DdWx0aXN0X0hpbGRpcg==
p	1392225545	ZnhfbGV2aWF0aGFuTGF2YV9yZWFjdGlvbg==
p	-1931516595	RmlyZUZsaWVz
p	1638594227	Y2hhcnJlZF90d2l0Y2hlcl90aHJvdw==
p	608518267	dmZ4X2J1c2hfZGVzdHJveWVk
p	185590564	QmVlaGl2ZQ==
p	85954002	c2Z4X0Fib21pbmF0aW9uX3N3aW5n
p	1216682608	c2Z4X2Zyb3plbmtpbmdfc3Bpcml0X2RlYXRo
p	-1337230376	Z2lhbnRfYnJhaW4=
p	-360198110	ZmlfdmlsX3NoaWVsZDA1X2E=
p	783890209	c2Z4X2JlYXJfZGVhdGg=
p	1180864786	TW9ya2hhbGxhX1N0YWlyc19naWFudF9iYXNl
p	944911101	RHZlcmdlclN0YWZmSWNlX2ljZWJvbHQ=
p	-137741679	R29ibGlu
p	1008503002	dmZ4X0NvbGRCYWxsX0hpdA==
p	504556970	ZnhfbG94X3BldA==
p	-743414540	RmFkZXJfRmxhbWVicmVhdGhfQU9F
p	1439095512	RmVucmluZ19DdWx0aXN0X0hpbGRpcl9ub2NoZXN0
p	-142969855	TW91bnRhaW5LaXRfaW50X2Zsb29yXzJ4Mg==
p	865616331	U2VycGVudE1lYXRDb29rZWQ=
p	-2106312224	RXZpbEhlYXJ0X0ZvcmVzdA==
p	829768037	dmZ4X2Zyb3N0Zm91bmRyeV90cmFuc2Zvcm0=
p	-143856169	c2Z4X2Zvb3RzdGVwX3NuZWFr
p	738050508	U25vd0ZpclRyZWVTbWFsbF9zbm93ZmFsbA==
p	-2455760	S2V5SGludHNCYXNl
p	-1783522240	ZnhfRmFkZXJfRmlzc3VyZV9QcmVzcGF3bg==
p	1891326199	QXNobGFuZHNfUGlsbGFyNF90aXAy
p	298831295	c2Z4X2NoYXJyZWRfdHdpdGNoZXJfaWRsZQ==
p	-1876585691	c2Z4X2RyYXVncnBpbGVfZGVzdHJveWVk
p	-2028685903	VHJhaW5pbmdEdW1teV9hdHRhY2sy
p	-382568161	TW9vc2VfUmFnZG9sbA==
p	783188550	Z3VhcmRfc3RvbmVfdGVzdA==
p	-765111862	U25vd2JhbGxCaWc=
p	-1991938280	TW9ya2hhbGxhX1dhbGxfMjBfd0dhdGU=
p	-726203417	U2lsdmVyTmVja2xhY2U=
p	225506279	VHVycmV0Qm9sdEJvbmU=
p	-2089640202	QXNobGFuZHNfV2FsbEJsb2Nr
p	562187776	R29ibGluU2hhbWFuX2F0dGFja19wb2tl
p	-87778718	c2Z4X2d1aV9iaW9tZWZvdW5k
p	-1277205767	REdfRm9yZXN0Q3J5cHQ=
p	-856244001	U3RvbmVHb2xlbV9zcGlrZXM=
p	-1533933068	UXVlZW5CZWU=
p	-1086600003	c2Z4X2pvdHVud2l0Y2hfaHVydA==
p	1448184043	R3JleWR3YXJmX3Rocm93X2Zyb3plbg==
p	1107279418	SGFpcjI5XzI=
p	-1595012507	ZXZlbnR6b25lX2ZhZGVy
p	-1994263197	VHJvcGh5R2hvc3Q=
p	-1439240287	U3RhbWluYVVwZ3JhZGVfR3JleWR3YXJm
p	731966626	ZWl0cnJlZmluZXJ5
p	167698947	V29sZk1lYXQ=
p	-414750720	QmFyYmVyS2l0
p	-1510980060	R3JleWR3YXJmX1Jvb3Q=
p	-1425267801	dmZ4X1BsYWNlX2JlZWhpdmU=
p	-982639543	cHJvcF9waWVjZV93b3JrYmVuY2hfZXh0Mw==
p	437915453	RHJhdWdyX0VsaXRl
p	-1488758446	Qm9nV2l0Y2hfVGhpc3RsZXM=
p	2034747966	YmFycmVsbA==
p	1939551753	RWxha2luZ19BdHRhY2tDbGF3
p	658434454	TW9sZENyb3NzYm93
p	692106840	d29vZF9kb29y
p	-1307270546	YXNwZWN0X0dvYmxpbktpbmdfTm92YQ==
p	1234819210	c2Z4X3NsZWRnZV9oaXQ=
p	233788309	U3Bhd25lcl9Mb2NhdGlvbl9TaGFtYW4=
p	-77220520	VGVuZHJpbF9iYWNr
p	1936541740	U3RhdHVlSGFyZQ==
p	501188774	RmlyQ29uZUZyb3N0
p	-313067966	RmVhc3REZWVwTm9ydGhfTWF0ZXJpYWw=
p	1822362821	aXRlbXN0YW5kaA==
p	1410944776	Qm93SHVudHNtYW4=
p	1648684572	dmZ4X1NoYWRvd1BlcnNvbl9oaXQ=
p	1590333336	Qm9tYkJpbGU=
p	-1801819153	cGllY2VfbW9vc2VfdGhyb25l
p	1316049866	dmZ4X2JhcmxleV9kZXN0cm95ZWQ=
p	315159330	X1NwYXduTGlzdF9iYXNl
p	-155126795	d29vZF9iZWFtXzE=
p	175903691	U2xlZGdlQ2hlYXQ=
p	-515470295	dmZ4X2ZpcmV0cmVlY3V0X3Nub3c=
p	2129401484	c2Z4X3dyaXRoYW5faWRsZQ==
p	-1161852776	YmxhY2ttYXJibGVfMngyeDE=
p	1089668657	aGlnaHN0b25lXzJfZnJhYw==
p	-1605529788	c2Z4X2JvbmVwaWxlX2Rlc3Ryb3llZA==
p	1218133189	c2Z4X3NsZWRnZV9pcm9uX2hpdA==
p	1100372872	SGFpcjI3XzI=
p	-1370191596	U3Bhd25lcl9UaWNrX3N0YXJlZF9yZXNwYXduXzI0MA==
p	1779884373	d29vZF95Z2dkcmFzaWxfc3RhY2s=
p	852091352	ZnhfYXNwZWN0X2RlYXRo
p	-1124378182	cGllY2VfZ3JhdXN0ZW5fcm9vZl80NV9hcmNoX2Nvcm5lcg==
p	-813421121	c3RhZmZfcmVkdHJvbGxfc3Bhd24=
p	-99520137	TGFzdEJvc3NHYXRlX1J1bmVUaWxl
p	-588892139	SWNlX3NoaXBfNA==
p	336660240	dmZ4X21vcmtoYWxsYV9maXJlcGl0X2Rlc3Ryb3llZA==
p	1138763024	Qm9nV2l0Y2hfQW11bGV0
p	-1121401350	ZnhfSm90dW5XaXRjaF9MaWdodG5pbmdCb2x0X0V4cGxvc2lvbg==
p	-792077467	dmZ4X0dyYXVzdGVuRGVzdHJveWVk
p	-333531703	Y2hhcnJlZF9ib3dfRmFkZXI=
p	-1033536116	QXJtb3JHb2xkTWFnZUNoZXN0VW5jb29rZWQ=
p	1969766786	X0N1bHRpdmF0b3JQaWVjZVRhYmxl
p	-224115537	c2Z4X3RpY2tfYXR0YWNrX2RyYWlu
p	958158389	TW9ya2hhbGxhX0JvdW5kaW5nV2FsbF8yMF9icm9rZW4=
p	-1883725932	SGFpcjM4XzI=
p	-797372920	U3Bhd25lcl9DaGFycmVkX0FyY2hlcg==
p	571199914	Um9ja0Zpbmdlcg==
p	82800831	TW9vc2U=
p	-1770507379	aGl2ZV9hdHRhY2tfcmFuZ2Vk
p	-338607674	U3Bhd25QbGF0Zm9ybQ==
p	997718274	cGllY2VfYnJhemllcmNlaWxpbmcwMQ==
p	152307656	RW5lbXlfQmFya2FfTW92ZW1lbnQ=
p	-1085460374	c2Z4X3Ryb2xsZmlyZV9yb2Fy
p	-713529466	U1BfU2hpZWxkQmxhY2ttZXRhbFRvd2Vy
p	-1181261327	c2Z4X2xlZWNoX2FsZXJ0ZWQ=
p	-225359483	cHJvamVjdGlsZV9iZWFt
p	585116397	cHJvcF9GZWFzdE1lYWRvd3M=
p	-1958435735	QmVhcmQxOA==
p	-1467585674	U2tlbGV0b25fYXNwZWN0
p	-1985632376	RW50cmFpbHM=
p	-573800234	YXNod29vZF93YWxsX3Jvb2ZfNjdfdXBzaWRlZG93bg==
p	1877768516	ZnhfbGF2YXNwbGFzaF9zbWFsbA==
p	-789524728	SGF0Y2hsaW5nX3JhZ2RvbGw=
p	2067969702	TG9vdFNwYXduZXJfcGluZWZvcmVzdA==
p	1744026944	UGlxdWFudFBpZVVuY29va2Vk
p	-178752771	VHJvcGh5RGVhdGhzcXVpdG8=
p	-1853193749	Qm9sdEJvbmU=
p	-2008396786	Z2phbGxfZWdnX3Byb2plY3RpbGU=
p	-1791090394	c2Z4X3Ryb2xsZmlyZV9hdHRhY2tfY2x1Yl9pbXBhY3Q=
p	875924475	aGFsZkJ1cnJpZWRfZm9yZXN0Y3J5cHRfQmVuZDM=
p	-1765307672	c2Z4X2Nyb3dfaWRsZQ==
p	-228445012	c2Z4X2ltcF9hbGVydGVk
p	-1024209535	Z3VhcmRfc3RvbmU=
p	1470713869	Y2F1bGRyb25fZXh0NF9wb3Rz
p	-1718719738	cnVnX0Jqb3Ju
p	-1773030036	Q2FwZUFza3N2aW4=
p	1343538387	dmZ4X2JsYXN0ZnVyYW5jZV9hZGRmdWVs
p	-988026413	RmVybkZpZGRsZUhlYWRBc2hsYW5kcw==
p	1295600320	UGluZVRyZWU=
p	-165023748	bXVkcGlsZQ==
p	439953576	Q3JlZXBQcm9wX3BpbGxhcmhhbGYwMg==
p	-1427738378	Y2hhcnJlZF9mYWRlcl9ncmVhdHN3b3JkX3RocnVzdGZlaW50
p	-927843224	V29sZkZhbmc=
p	1318150303	U2NhbGVkIDNEIFZpZXdwb3J0
p	-1813414648	QXNobGFuZHNfUnVpbnNfV2FsbF9Ccm9rZW40XzR4Ng==
p	1155764592	U2Vla2VyUXVlZW5fU3BpdA==
p	-1120224060	dmZ4X2FzaGxhbmRzbG9nZGVzdHJveWVk
p	-702228287	WWdnYVNob290Mg==
p	-965947298	YXJiYWxlc3RfcHJvamVjdGlsZV9jaGFycmVk
p	364666255	d29vZF9sZWRnZQ==
p	1140737056	Um9ja0ZpbmdlckJyb2tlbl9mcmFj
p	-875624039	RnJvemVuS2luZ19QMl9TcGF3bl9RdWVlbg==
p	1149386916	UHJvamVjdGlsZV9HcmFwcGxpbmdIb29rX3NlY29uZGFyeQ==
p	-2106454244	YXNwZWN0X2JvbmVtYXNzX3Rocm93X3Byb2plY3RpbGU=
p	-789472993	QmlyY2gyX2F1dA==
p	-1209005522	R29ibGluVG90ZW0=
p	788063978	ZHJhZ29uX2NvbGRicmVhdGg=
p	-205105961	RHJhdWdyX3NsZWVwaW5n
p	1642831486	TGFyZ2VCb25lX2hhbGYwMQ==
p	-412782508	TW9ya2hhbGxhX1N0YXR1ZVBpZWNlSG9ybjJfYmln
p	169548283	c2Z4X0hpdmVRdWVlbl9iaXRl
p	514819321	aW5zdGFuY2VkX3N3YW1wX2dyYXNz
p	-1615314128	VHVybmlw
p	1144532802	Zm9yZ2VfZXh0Mw==
p	1239535791	ZGlydGZsb29y
p	-345161545	c2Z4X3Jvb3N0ZXJfaWRsZQ==
p	55150	UnVuZVN0b25lX0JsYWNrRm9yZXN0
p	-1537096992	Y2hhcnJlZF9tYWdlc3RhZmZfc3VtbW9u
p	-2127668968	c2Z4X25lY2tfYXR0YWNrX2hpdA==
p	385017915	Zm9yZ2VfZXh0NA==
p	-1883726122	SGFpcjE4XzI=
p	112531286	Qmpvcm5fc3Bpcml0Y2FsbGVy
p	1057584639	c2Z4X21vcmdlbl9zbGFw
p	-1012338385	Q2luZGVy
p	1852800952	dmZ4X21pc3RsYW5kc19taXN0
p	873438154	RHlybnd5bkhpbHRGcmFnbWVudA==
p	-2047078594	c2Z4X2dka2luZ19yb2NrX2Rlc3Ryb3llZA==
p	-1452023749	dmZ4X0RyYXVnclNwYXdu
p	-1294684802	ZnVsaW5nX3R1cnJldA==
p	483784496	c2Z4X2ZhbGxlbnZhbGt5cmllX2RlYXRo
p	1868171867	Q29wcGVyT3Jl
p	598002992	c2tlbGV0b25fbWFjZQ==
p	801744080	Qm9nV2l0Y2hfU3R1bXAx
p	-1918736987	dmZ4X29ha2xvZ2Rlc3Ryb3llZF9oYWxm
p	1863945014	c2Z4X3NlYWxfYWxlcnQ=
p	1555670196	dmZ4X2NvcnBzZV9kZXN0cnVjdGlvbl9zbWFsbA==
p	-1247468837	TWlzdGlsZQ==
p	-989751415	c2FwbGluZ19qb3R1bnB1ZmZz
p	1249258646	ZnhfbW9yZ2VuX2Ryb29s
p	-210980034	c2Z4X2d1aV9idXR0b25fdmlicmF0ZW9ubHlfbWVkaXVt
p	360656326	ZGFya3dvb2Rfcm9vZl90b3A=
p	499201990	c2NhbGVfd2FsbF8yeDI=
p	-1547861929	c2Z4X292ZW5fZG9uZQ==
p	315959816	U3RhZmZHcmVlblJvb3Rz
p	-1494080700	RmVhc3RQbGFpbnNfTWF0ZXJpYWw=
p	-216645858	Z29ibGluX3dvb2R3YWxsXzFt
p	1617006654	dmZ4X3NwYXdu
p	182695579	VHJhaWxlcnNoaXA=
p	865557360	QmVlY2hfc21hbGwx
p	1969967266	dmZ4X0hpdFNwYXJrcw==
p	1571536938	RmVucmluZ19jdWx0aXN0X3JhZ2RvbGw=
p	-236259327	TW9ya2hhbGxhX0NoYWluTGluaw==
p	1214675297	ZHZlcmdydG93bl9zbG9wZV9pbnZlcnRlZF8xeDF4Mg==
p	1928745705	T0xEX3dvb2Rfd2FsbF9yb29m
p	-544347959	TGV2ZWxUZXJyYWlu
p	-383259351	YXNwZWN0X0ZhZGVyX0Zpc3N1cmVfU3Bhd24=
p	-313992107	TG9jYXRpb25Qcm94eQ==
p	-2052101304	dHJlYXN1cmVfcGlsZQ==
p	2084215753	ZnhfZm9vdHN0ZXBfc3RvbmVfbGFuZA==
p	-550115798	bGF2YWJvbWJfcHJvamVjdGlsZQ==
p	-346964912	U3Bhd25lcl9Ta2VsZXRvbg==
p	254498656	TW9yZ2VuX3N3aXBlXzQ=
p	46415561	dmZ4X0ZpcmVXb3JrX0JsYWNrQ29yZQ==
p	1905991362	V2l0aGVyZWRCb25l
p	1776411901	c2Z4X2hpbGRpcl9oZWxsbw==
p	-571355724	QXNobGFuZF9TdGVlcHN0YWly
p	429075597	Qm9uZW1hd1NlcnBlbnRfYnJlYXRo
p	870990428	QXNobGFuZHNUcmVlNA==
p	-530744255	Qm9tYkJsb2JfUG9pc29uRWxpdGVfcHJvamVjdGlsZQ==
p	-949785056	YXNwZWN0X2dkX2tpbmdfc3RvbXA=
p	-74603964	SGFpcjE1
p	1045814903	U3Bhd25lcl9Hb2JsaW5CcnV0ZV9IaWxkaXI=
p	-1335426213	cHJvamVjdGlsZV9hc2hsYW5kbWV0ZW9y
p	-264209140	ZXZlbnR6b25lX21vZGVy
p	915836683	UGlja2F4ZUlyb24=
p	-1433529766	c2Z4X2JvbmVtYXdfc2VycGVudF9zcGl0
p	785178062	Sm90dW5XaXRjaF9hdHRhY2tfbGlnaHRuaW5nYm9sdA==
p	-1299760184	cHJvcF9jYXVsZHJvbl9leHQxX3NwaWNl
p	443205179	c2Z4X3JvY2tfZGVzdHJveWVk
p	1974925859	ZnhfZm9vdHN0ZXBfc25vd19sYW5k
p	1375801573	SGVsbWV0Q3Jvd25vZlZhbGhlaW0=
p	-646762577	QmlyY2hfU2FwbGluZw==
p	-1157225278	TW9ya2hhbGxhX1N0b25lUGlsbGFyU3VwcG9ydA==
p	-199016396	c2tlbGV0b25fZmlyZW5vdmFfYW9l
p	-2067743252	c2Z4X3dlYXBvbnNfbmF0dXJlX3Jvb3Q=
p	1432260529	cHJvcF9waWVjZV9jb29raW5nc3RhdGlvbg==
p	843537037	Y2xpZmZfYXNobGFuZHM3X0hhbGZBcmNoX2ZyYWM=
p	1656985641	Z29sZHZlaW5fZnJhYw==
p	-996243444	TWVhZFRhc3R5
p	1478583461	c2Z4X2VsYWtpbmdfYWxlcnRlZA==
p	1141039220	c2Z4X3RyZWFzdXJlY2hlc3RfZGVzdHJveWVk
p	1638748661	dHJvbGxzbm93X3Rocm93
p	-1640687904	SGFpcjI0
p	1298237595	ZnhfZGVhZHNwZWFrX3Zv
p	101705497	c2Z4X3NpbHZlcm1hY2VfaGl0
p	-1781955618	U2VycGVudFN0ZXc=
p	445972681	UGlja2FibGVfTWVhdFBpbGU=
p	790371375	Znhfc25vd3Nob3ZlbA==
p	1525903873	c2Z4X2F4ZV9zd2luZw==
p	1387741603	U2hpbW1lcmluZ1NhbmRfcm9jaw==
p	-699454731	c2Z4X2J1aWxkX2hvZQ==
p	1597637767	c2Z4X2Nvb2tpbmdfc3RhdGlvbl9idXJudA==
p	739313603	R3JhcHBsaW5nSG9vaw==
p	-1717541353	c2Z4X3dvb2RfaGl0
p	-636376622	c25vd19maXJl
p	-822459696	SGFpck5vbmU=
p	695566852	aW5zdGFuY2VkX2hlYXRoZ3Jhc3M=
p	-307864313	TW9ya2hhbGxhX0V5ZTVfZ2Vtc3RvbmU=
p	917755518	RHlybnd5blRpcEZyYWdtZW50
p	539751898	UGlja2FibGVfU2VlZE9uaW9u
p	1039718305	TW91bnRhaW5LaXRfaW50X3dhbGxfNHgy
p	-1490700402	c2hhbWFuX2hlYWxfYW9lX2Zyb3plbg==
p	-1364896492	Ym9uZW1hc3Nfc3Bhd24=
p	184170615	c2Z4X2RlZXJfaWRsZQ==
p	743791676	cGllY2VfdGhyb25lMDE=
p	761176083	Ym9hcl9iYXNlX2F0dGFjaw==
p	517333285	QXNobGFuZHNfQm9zc19QaWxsYXJfVHdpc3RfYnJva2VuMg==
p	-1021517482	dnhfYXNobGFuZF9wb3QxX3JlZF9kZXN0cnVjdGlvbg==
p	-185931429	ZHZlcmdycHJvcHNfd29vZF93YWxs
p	1271903464	dmZ4X3BpbmVsb2dkZXN0cm95ZWQ=
p	363365725	TW9ya2hhbGxhX1N0YXR1ZVBpZWNlVG9yc28=
p	520692315	VHJvcGh5R3JleWR3YXJmQnJ1dGU=
p	1882996769	d29vZF93YWxsX3Jvb2Y=
p	1370511288	U3VydGxpbmc=
p	1933247031	QmVhcmQyNQ==
p	1523164967	TmVlZGxl
p	-717711062	TW9ya2hhbGxhX1dlYXBvblN0YW5k
p	-168454256	REdfQXNobGFuZFJ1aW5z
p	739890458	c2Z4X2JlYXJfY2xhd19hdHRhY2sgc2xhc2g=
p	448545629	c2Z4X2RyYWdvbl9jb2xkYmFsbF9sYXVuY2g=
p	-985216323	REdfRHZlcmdyQm9zcw==
p	502336299	c25vd193YWxrX2h1Z2U=
p	645628170	UGlja2FibGVfU25vd2JhbGw=
p	1660580425	c2Z4X2Zyb3plbmtpbmdfY2hhcmdlX3N0YXJ0
p	1726842485	TW9ya2hhbGxhX0V5ZTQ=
p	-2089915098	TW9ya2hhbGxhX1N0YXR1ZQ==
p	-2021190469	Q2F0YXB1bHRfYW1tbw==
p	236295284	c2Z4X3Ryb2xsX2F0dGFja19oaXQ=
p	-1760540482	ZnhfUXVlZW5QaWVyY2VHcm91bmQ=
p	2011351770	QXNobGFuZHNCcmFuY2gy
p	420204857	cGllY2VfYmFubmVyMTE=
p	299318408	UGlja2FibGVfTW91bnRhaW5DYXZlQ3J5c3RhbA==
p	411552450	U3Bhd25lcl9DaGFycmVk
p	1952240904	R2FtZXBhZFRhYg==
p	444288797	SW5nYW1lR3VpX0Nvbm5lY3Rpb25QYW5lbA==
p	-174210823	QXNobGFuZHNUcmVlTG9nMQ==
p	-1189190447	bXVkcGlsZV9mcmFj
p	-237951114	V29sZkhhaXJCdW5kbGU=
p	1777024751	VHJvcGh5RHJhZ29uUXVlZW4=
p	252173315	c2Z4X3N0b25lZ29sZW1fd2FrZXVw
p	1912962040	R29ibGluU2hhbWFuX2F0dGFja19maXJlYmFsbA==
p	1833898339	dmZ4X1BsYWNlX3BvcnRhbA==
p	-1381385898	ZnhfRHZlcmdlck1hZ2VfU3VwcG9ydF9oaXQ=
p	-1902400315	Y2hlc3RfaGlsZGlyMl9pbmNhbXA=
p	2083408048	dmZ4X1BsYWNlX3NwaW5uaW5nd2hlZWw=
p	-1361887850	c2NhbGVfaGFsZndhbGxfMXgy
p	-2040480890	R3Vja1NhY2s=
p	-210135580	VHJvcGh5RWlrdGh5cg==
p	-1045925142	d29vZF9mbG9vcg==
p	-397104376	RldfQXJtb3JUcm9sbExlYXRoZXJMZWdz
p	109649213	RmlzaDk=
p	-242383694	SGFpcjNfMg==
p	-772293875	aGlsZGlyX3dhZ29u
p	-1838197079	ZnhfTGlnaHRuaW5nX3JlZA==
p	-2060224539	c2llZ2Vib21iX2V4cGxvc2lvbg==
p	-479547905	ZXZlbnR6b25lX3F1ZWVu
p	134683443	TXVzaWNfRnJvc3RDYXZlc1NhbmN0dW0=
p	-1471255778	SGVsbWV0TG94
p	1534983339	ZnhfcmVkbGlnaHRuaW5nX2J1cnN0
p	-1189584370	QmxhY2tJY2VfQ29yZQ==
p	354834569	dmZ4X0dvYmxpblNoaWVsZA==
p	-2078712946	ZnhfY2hhaW5saWdodG5pbmdfaGl0
p	-1141183846	R29ibGluQnJ1dGVfQmFja2JvbmVz
p	-849022257	c2hpcHdyZWNrX2thcnZlX3N0ZXJucG9zdA==
p	443137929	Q2hhcnJlZEJvbmU=
p	-1932661343	c2Z4X2VsYWtpbmdfYXR0YWNrX2NsYXdfaW1wYWN0
p	196470766	TWVhZEJhc2VQb2lzb25SZXNpc3Q=
p	-2138868324	c2Z4X2R2ZXJnZXJfaWNlX2FvZV9zdGFydA==
p	762782418	R3JleWR3YXJmX1NoYW1hbg==
p	-329405923	dmZ4X0J1cm5pbmdfYmx1ZQ==
p	1631108191	c2Z4X2JvbWJsYXZhX2ZhaWw=
p	-635716097	dmZ4X0ZpcmV3b3JrX1JvY2tldF9DeWFu
p	1547577083	c2Z4X2hhdGNobGluZ19jb2xkYmFsbF9zdGFydA==
p	-556080110	YmxhY2ttYXJibGVfYWx0YXJfY3J5c3RhbA==
p	-1048750656	QXNobGFuZHNfQm9zc19QaWxsYXJfVHdpc3RfYnJva2VuMw==
p	1041280071	TWVhZEJhc2VUYW1lcg==
p	-1159478086	QXNobGFuZHNfRm9ydHJlc3NfV2FsbF9QaWxsYXJUb3BTdG9uZV9mcmFj
p	2109378052	ZnhfZmVucmluZ19idXJuaW5nX2hhbmQ=
p	-576574677	c2Z4X3dvb2RfYmxvY2tlZF9vdmVybGF5
p	-1544139501	Y2hhcnJlZF9ib3dfRmFkZXJfcHJvamVjdGlsZQ==
p	2045969357	dmZ4X01lYWRIYXN0eQ==
p	1411875912	Y2xpZmZfbWlzdGxhbmRzMg==
p	2010004584	c2Z4X2JlYXJfaHVydA==
p	-812720353	c2Z4X2RyYWdvbl9hbGVydGVk
p	1274496653	ZnhfZ29ibGlua2luZ19oaXQ=
p	920273431	TW9ya2hhbGxhX0V5ZTI=
p	876240691	c2Z4X2ZhZGVyX2NsYXdfc3dpcGU=
p	-454114563	c2Z4X2hpbGRpcl90YWxr
p	-310328562	cHJvcF9Ucm9waHlEcmF1Z3JFbGl0ZQ==
p	104673382	YmxhY2tmb3JnZV9leHQzX21ldGFsY3V0dGVy
p	-802427598	RmVhc3Rlcg==
p	1159653928	QmxhY2tNYXJibGU=
p	1316695867	c2Z4X0V0ZXJuYWxQeXJlX0VtYmVyc19Mb29w
p	-1519557673	RGVlck1lYXQ=
p	122641635	VmVndmlzaXJfRE5Cb3Nz
p	-2058822514	c2Z4X1BvdGlvbl9zdGFtaW5hX1N0YXJ0X21lZGl1bQ==
p	1673835157	dmZ4X2dyZXlkd2FyZl9lbGl0ZV9kZWF0aA==
p	-811948769	VmlraW5nU2hpcF9Bc2hsYW5kcw==
p	1606312494	c2Z4X3VuYXJtZWRfaGl0
p	1632142469	c2Z4X2Jsb2JfYWxlcnRlZA==
p	1569470562	c2Z4X2NoaWNrX2h1cnQ=
p	-1716809640	R29ibGluQnJ1dGVfSGlsZGlyX3JhZ2RvbGw=
p	1008438155	dmZ4X3N3YW1wX21pc3Q=
p	92356725	c2Z4X2dvYmxpbl9oaXQ=
p	-405903669	Vm9sdHVyZQ==
p	1832276704	c2FwbGluZ19LYWxl
p	1265771962	U1BfQmF0dGxlYXhlQ3J5c3RhbA==
p	-206113570	c2Z4X21vbGVtYW5fZGVhdGg=
p	165964137	RWxha2luZ0hhaXJCdW5kbGU=
p	1067573864	SWNlU2hlbGZfMDg=
p	-212876327	RnJvemVuS2luZ19QM19DaGFpblNsYW1fTF9kb3VibGU=
p	846669615	QXNobGFuZHNfUGlsbGFyNF90aXBfYnJva2VuMg==
p	-299831528	QXhlR29sZA==
p	-157345133	c3RhdmVfd2FsbF9jcm9zc180NQ==
p	-122588711	c2Z4X3N0b25lZ29sZW1fcHJpbWFyeV9zdGFydA==
p	2117687624	SGFsc3RlaW4=
p	-602397748	c2Z4X3dvb2RfYmxvY2tlZA==
p	-755748398	RmlyVHJlZV9sb2dfaGFsZg==
p	2139242316	UnVuZVN0b25lX01vdW50YWlucw==
p	973031153	ZnhfZm9yZ2VfaGFtbWVy
p	238390411	TXVzaWNfQXNobGFuZHNfUnVpbnMgMw==
p	-851096239	dmZ4X2JpcmNoMl9hdXRfY3V0
p	185925363	b2ZmZXJhbHRhcl9ib25lbWFzcw==
p	-607335860	RnJvemVuRnVlbA==
p	-1020657076	VmVndmlzaXJfQm9uZW1hc3M=
p	2035819856	UGlja2FibGVfQnJhbmNo
p	87730046	cHJvcF9waWVjZV9NZWFkQ2F1bGRyb24=
p	1837673845	dmZ4X1RyYWluaW5nRHVtbXlfaGl0
p	842173313	VHJlYXN1cmVDaGVzdF9kZWVwbm9ydGhfdmlsbGFnZQ==
p	703472509	VmVndmlzaXJfU2Vla2VyUXVlZW4=
p	-49112013	Qm93U3BpbmVTbmFw
p	-1248245181	dmZ4X3NlcnBlbnRfZGVhdGg=
p	-589835241	SG9sZVJvY2tfcm9vdDE=
p	-652636297	Rm9yY2VGaWVsZA==
p	-1958435743	QmVhcmQxMA==
p	-96024078	c2Z4X3N0YWZmX2VsZGVyX2J1cnN0
p	-163787191	TW9ya2hhbGxhX1N0b25lUGlsbGFyX2Jyb2tlbl9ib3R0b20=
p	-1304744910	aW5zdGFuY2VkX2FzaGxhbmRzX2dyYXNzX3Nob3J0
p	1220932010	QXNobGFuZHNfUnVpbnNfRmxvb3JfMXBvaW50NXgxcG9pbnQ1X2Jyb2tlbg==
p	-353891026	c2Z4X2hhdGNobGluZ19mbGFw
p	1779882859	Ympvcm5fc3dpcGVfY29tYm8=
p	1094502980	RWxha2luZ01vbGVfQXR0YWNrQ2xhdw==
p	2140721861	YXNwZWN0X0dvYmxpbktpbmdfQmVhbQ==
p	-540699250	dmZ4X2ZlbnJpcmhpZGVfaGFuZ2luZ19kZXN0cm95ZWQ=
p	-741750904	Znhfc3VtbW9uX3NrZWxldG9uX3NwYXdu
p	-1788665696	Z29ibGluX3N0YWlycw==
p	-664898105	c2Z4X2tpbG5fcHJvZHVjZQ==
p	-522254546	bW9vc2VfaG9ybnM=
p	635290340	dGlja19hdHRhY2tfYXR0YWNo
p	817155640	Sm90dW5XYXJyaW9yX2F0dGFja19jbGVhdmU=
p	-817541170	Sm90dW5XYXJyaW9y
p	368621378	c2Z4X2Zyb3plbmtpbmdfZGVhdGhfcDNfc2VxdWVuY2U=
p	-1680860122	cGllY2Vfc25vd2xhbnRlcm4=
p	2006861922	c2Z4X2dvYmxpbmJydXRlX2lkbGU=
p	-485682777	QXJyb3dDYXJhcGFjZQ==
p	-1008846153	RldfU3RhZmZGaXJlYmFsbA==
p	-2107976099	TW9ya2hhbGxhX1N0YWlyc19naWFudF9yYWlsaW5n
p	-242383794	SGFpcjZfMw==
p	-275311170	VmlraW5nQ3VwY2FrZVVuY29va2Vk
p	48913367	TWFjZUdvbGRfQmxvb2RMaWdodG5pbmc=
p	1418882551	VHJvcGh5TG94
p	-77418440	QXJtb3JJcm9uQ2hlc3Q=
p	1776971146	RHZlcmdlcl9tZWxlZUFzaGxhbmRz
p	1059899326	c2Z4X2pvdHVud2Fycmlvcl9hdHRhY2sx
p	606128236	R29ibGluTGVnYmFuZA==
p	1141102516	RHZlcmdlclN0YWZmSWNlX3Byb2plY3RpbGU=
p	-1578654542	R2Vtc3RvbmVCbHVl
p	1716592046	UnVuZVN0b25lX0NhdmVwYWludGluZzM=
p	-558295565	c2Z4X2hhdGNobGluZ19kZWF0aA==
p	817894100	UmFnZG9sbF9Bc2tzdmluX0hhdGNobGluZw==
p	1293515893	c2Z4X2d1aV9idXR0b25fdmlicmF0ZW9ubHlfdWx0cmFsaWdodF90YXA=
p	-12740479	RmlyVHJlZV9CaWdfcGxhbnRhYmxlX1N0dWI=
p	342632397	c2Z4X2ZlbnJpbmdfY2xhd19oaXQ=
p	-1528423346	c2Z4X3BpY2t1cA==
p	-1183575762	YXNwZWN0X0ZhZGVyX1NwaW4=
p	686090351	cmVwbGFudF92Mg==
p	-847228020	Q2hhcnJlZEJhbm5lcjM=
p	-788294769	R3JleWR3YXJmX3NoYW1hbl9oZWFs
p	1723368422	VmluZUdyZWVuX3NhcGxpbmc=
p	-529194212	dmZ4X0V4dGVuc2lvbkNvbm5lY3Rpb24=
p	405733452	c2Z4X3NoaWVsZGdlbmVyYXRvcl9sb3dmdWVsX2xvb3A=
p	-1146623251	V2lzcA==
p	1800493425	V29sZl9zcGlyaXRjYWxsZXI=
p	-164406293	Z29ibGluX3RvdGVtcG9sZQ==
p	1428605659	Q29wcGVy
p	1780505228	c2FwbGluZ19jYXJyb3Q=
p	166421754	Q3JlZXBQcm9wX2hhbmdpbmcwMQ==
p	-788341171	Y2hhcnJlZF9keXJud3luX2dyZWF0c3dvcmRfdGhydXN0
p	473756893	Qmxvb2RHb2xkS2V5
p	-1969683915	V29sZl9jdWI=
p	-40747638	U3Bhd25lcl9Hb2JsaW5TaGFtYW4=
p	-272518761	b296ZWJvbWJfcHJvamVjdGlsZQ==
p	1061321397	dmZ4X3dvb2Rlbl9wYXRoX2Rlc3Ryb3llZA==
p	926850574	S2FsZUNoaXBzVW5jb29rZWQ=
p	45657339	TW9sZFNwZWFy
p	1795872529	Q2F0YXB1bHRfQW1tb19Qcm9qZWN0aWxl
p	-1200378047	c2Z4X0hpdmVRdWVlbl9waWVyY2U=
p	-1245442852	c2hpcF9jb25zdHJ1Y3Rpb24=
p	494780832	c2tlbGV0b25fc3dvcmRfbW91bnRhaW5z
p	-1454256847	ZnhfaGVuX2xvdmU=
p	1131717159	VXBncmFkZXIyQXJtb3I=
p	-809550221	ZnVsaW5nX3RyYXA=
p	1572308796	UGllY2VfZ3JhdXN0ZW5fcGlsbGFyYmVhbV9zbWFsbA==
p	-1994750376	dHVyZl9yb29mX3RvcA==
p	2049315250	TWVhZEVpdHJMaW5nZXJpbmc=
p	-320326905	Q2FwZU9kaW4=
p	916504644	QXJtb3JNYWdlQ2hlc3Q=
p	1997388162	c3Bpcml0Ympvcm5fc3dpcGVfbA==
p	-96710263	Qm9tYk9vemU=
p	1430888227	cGllY2VfY29va2luZ3N0YXRpb24=
p	1790522819	SGFyZU1lYXQ=
p	363874217	c2Z4X2dvYmxpbmtpbmdfdGF1bnQ=
p	445671445	RW1wdHk=
p	-1315263071	T25pb24=
p	-2037636801	c2Z4X1BvdGlvbl9maXJlcmVzaXN0X1N0YXJ0
p	-1751609193	c25vd19pbmNyZWFzZV90cmVl
p	1068454321	QXJtb3JGZW5yaW5nTGVncw==
p	1642727523	Q29va2VkTW9vc2VNZWF0
p	414646403	Um9ja0ZpbmdlckJyb2tlbg==
p	-509089735	c2Z4X2Zyb3plbmtpbmdfZnJvemVudHdpcmxfd2luZA==
p	1240566487	SG9sZVJvY2tfcm9vdEJ1c2gx
p	-535531945	U3RvbmU=
p	-1129500684	c2Z4X2NoZXN0X29wZW4=
p	1025052565	c2Z4X3NsZWRnZV9zd2luZw==
p	-1700998005	RnJvemVuS2luZ19QM19DaGFpbldoaXJs
p	-755455001	Ym93X3Byb2plY3RpbGVfZnJvc3Q=
p	-1088249338	YXNwZWN0X2FvZV9leHBsb3Npb24=
p	191443316	X0xvY2F0aW9uTGlzdF9Nb3VudGFpbkNhdmVz
p	1823466325	QXJtb3JHb2xkTWVkaXVtQ2hlc3RVbmNvb2tlZA==
p	515141415	RHJhdWdyX1JhbmdlZA==
p	-230713	dmZ4X2NyeXB0X3NrZWxldG9uX2NoZXN0X2Rlc3Ryb3llZA==
p	1798606440	QXNobGFuZHNfUGlsbGFyNF90aXAzX2Jyb2tlbjI=
p	524618856	d29vZF9wb2xlMg==
p	-1194942060	TW9ya2hhbGxhX0Zsb29yXzR4NF9ob2xlMDY=
p	-1897578788	U2Vla2VyUXVlZW5fcHJvamVjdGlsZV9zcGl0
p	1082202028	cm9jazRfZm9yZXN0X2ZyYWM=
p	-178897214	SGVsbWV0RmVucmluZw==
p	137632322	ZnhfaGl0X2NhbXNoYWtlX2tuaWZl
p	1232186885	QXJtb3JBc2hsYW5kc01lZGl1bUNoZXN0
p	-1632421286	c2Z4X2dyZXlkd2FyZl9hdHRhY2tfaGl0
p	424208618	aXJvbl93YWxsXzF4MQ==
p	373458126	U2Vla2VyQnJ1dGVfYml0ZQ==
p	1590741005	Ympvcm5fc3dpcGVfcg==
p	98119083	dmZ4X1BsYWNlX2NhcnQ=
p	-872590828	ZnhfY2FuZGxlX29u
p	-866386933	Q3Jvc3Nib3dHb2xkX0Zyb3N0RmlyZQ==
p	996895685	ZnhfSm90dW5XaXRjaF9NYWdpY0JsYXN0X0NoYXJnZQ==
p	-1798873102	QnVzaDAxX2hlYXRo
p	1099083291	TGluZ29uYmVycnk=
p	-333526740	c2Z4X2NoaWNrZW5fZWF0
p	-1630747580	RHZlcmdlckhhaXJNYWxlX1JlZGJlYXJk
p	23489701	RGVtaXN0ZXI=
p	822590676	ZnhfUXVlZW5fRGVhdGg=
p	-87169824	dmZ4X2Vpa3RoeXJfZGVhdGg=
p	1745523136	ZHZlcmdydG93bl9nYXRl
p	2065490179	cmFkaWF0aW9u
p	-331212374	c2Z4X2NyZWF0dXJlX2NvbnN1bWU=
p	1735886465	d29vZF9iZWFtXzQ1
p	1628302761	Q3JlZXBQcm9wX2VudHJhbmNlMg==
p	-137947288	VHJvcGh5Q2hhcnJlZEFyY2hlcg==
p	-1737626015	ZGFya3dvb2Rfcm9vZl9pY29ybmVy
p	-1994296889	U3Bhd25lcl9Nb3JnZW4=
p	907463457	ZnhfUm9vdEFzaGxhbmRz
p	192007707	c2Z4X2dhbWVsdHJvbGxfc3RvbmV0dXJuX2RlYXRo
p	1094240738	ZnhfdW5iam9ybl9kZWF0aA==
p	511909691	RmlyVHJlZV9iaWdfbG9nX2hhbGY=
p	-1273337693	SGVu
p	-1720261374	R2hvc3RTa3VsbA==
p	624080642	Znhfc2xlZGdlX2RlbW9saXNoZXJfaGl0
p	608207097	R29ibGluX0RyYWdkb2xs
p	2049605095	TWVhZEJhc2VCemVya2Vy
p	-696914899	Q2hlc3Q=
p	1628388642	dmZ4X3NwYXduX3NtYWxs
p	1245329977	dmZ4X2NvaW5fc3RhY2tfZGVzdHJveWVk
p	-1753875207	YXNwZWN0X2JvbmVtYXNzX2F0dGFja19wdW5jaA==
p	-1007996119	Znhfc2Vla2VyX2Zvb3RzdGVwX2RlZmF1bHQ=
p	872999015	ZHZlcmdycHJvcHNfd29vZF9zdGFrZXdhbGw=
p	-1340409685	U3Bhd25lcl9Cb2dXaXRjaEt2YXN0dXJfcmVzcGF3bl8zMA==
p	-960615190	Z2lhbnRfcmlicw==
p	-1913511289	c2Z4X2NoYXJyZWRfbWFnZV9hdHRhY2tfc2hvb3Q=
p	-1454863259	Ym93X3Byb2plY3RpbGVfYmxvb2Rnb2xk
p	-322215482	TWVhZFRyb2xsUGhlcm9tb25lcw==
p	1118601191	ZnhfdHVycmV0X25ld3RhcmdldA==
p	-204964095	SGVsbWV0T2Rpbg==
p	-482582224	TWFjZUdvbGRVbmNvb2tlZA==
p	722290491	cHJvcF9mb3JnZV9leHQy
p	703031497	aGFsZkJ1cnJpZWRfZm9yZXN0Y3J5cHRfQ29ycmlkb3I0
p	1131723433	VXBncmFkZXIwQXJtb3I=
p	-319475127	SHVnZVN0b25lMQ==
p	-336058622	ZnhfY2hhaW5saWdodG5pbmdfc3ByZWFk
p	-2139837784	cGllY2VfYmxhY2ttYXJibGVfdGhyb25l
p	122720620	RmVucmluZ19hdHRhY2tfZmlyZWNsYXdfZG91Ymxl
p	52500762	c2Z4X2Zyb3plbmtpbmdfaW50cm9fcmlzZQ==
p	1131722532	VXBncmFkZXI3QXJtb3I=
p	795277336	VG9yY2g=
p	-555786200	VHJvcGh5RmFkZXI=
p	-2143321989	ZnhfZmVucmluZ19idXJuaW5nX2hhbmRfbG9uZw==
p	-531443291	aW5zdGFuY2VkX2ZvcmVzdF9ncm91bmRjb3Zlcl9icm93bg==
p	-1991911291	UGlja2FibGVfT2JzaWRpYW4=
p	1564228932	VHJvcGh5TW9yZ2Vu
p	1933247028	QmVhcmQyNg==
p	1088195451	SGFpcjI3
p	-1806996406	c2Z4X3dlYXBvbnNfbmF0dXJlX2ltcGFjdA==
p	601558868	TW9ya2hhbGxhX0Zsb29yX1JhbmRvbUhvbGU=
p	-1705743509	QXJyb3dCbG9vZEdvbGQ=
p	45454695	ZnhfRmVhc3RNaXN0bGFuZHNFYXQ=
p	-1828414573	c2Z4X2ZhZGVyX3RhdW50
p	792511059	c2Z4X2ZhZGVyX2RlYXRoX2V4cGxvc2lvbg==
p	-1751464015	dmZ4X21vcmtoYWxsYV90cmFpbmluZ2R1bW15Ml9kZXN0cm95ZWQ=
p	327208209	TW9ya2hhbGxhX3J1YmJsZV90cmFzaHBpbGU=
p	850024197	c2Z4X2Zyb3N0Zm91bmRyeV9hY3RpdmF0ZQ==
p	-665595068	R3JhcHBsaW5nUG9pbnQ=
p	-1370940012	YXNwZWN0X3NwYXduX3Jvb3Rz
p	-1200791222	SW5nYW1lR3VpX0pvaW5Db2RlT3ZlcmxheQ==
p	1284548697	ZnhfYm9hcl9wZXQ=
p	-473455426	VHJhZGVyUnVuZQ==
p	-723969072	U3Vua2VuS2l0X3N0YWlyX2Nvcm5lcl9sZWZ0
p	165530812	cGllY2VfdGFibGVfcnVuZWRfc21hbGw=
p	-498403247	dmZ4X0FzaF9BcmNoMl9Ccm9rZW4xX2Rlc3Ryb3llZA==
p	-1559009424	Q29va2VkRGVlck1lYXQ=
p	-2044113848	dmZ4X0Rlc3Ryb3llZF9SYWZ0
p	1076559013	Qm9hcl9waWdneQ==
p	269664618	UGlja2FibGVfQnJhbmNoX1Nub3c=
p	-153368080	TWVhZEhlYWx0aExpbmdlcmluZw==
p	-99156549	UnVuZVN0b25lX0RyYXVncg==
p	-1481141492	TW9sZFN0YWZmT3Jib2ZBaHJp
p	-1015163257	cHJvcF9Ucm9waHlHb2JsaW5CcnV0ZQ==
p	-1899360684	ZnhfZ29ibGlua2luZ19kZWF0aA==
p	-720657539	c2Z4X3N0YWZmb3Jib2ZhaHJpX3Byb2plY3RpbGVfbG9vcA==
p	-1677039342	VEhTd29yZFdvb2Q=
p	1405284141	c2Z4X3N0b25lZ29sZW1fc2Vjb25kX3N0YXJ0
p	-963914186	c3RhdmVfd2FsbF9jcm9zc18yNg==
p	1423749093	VGVudGFSb290X3dpbGQ=
p	-2126406442	ZnhfZmVucmluZ19mcm9zdF9oYW5kX2xvbmc=
p	1921577469	dHJvbGxfc3VtbW9uZWRfbG9nX3N3aW5nX3Y=
p	-1783117737	c2Z4X3dyaXRoYW5fYml0ZV9hdHRhY2s=
p	16756586	UGlja2FibGVfRGFuZGVsaW9u
p	-1544763428	ZGlnZ192Mg==
p	1113909156	c2Z4X2VsYWtpbmdfYXR0YWNrX2NsYXc=
p	1296268370	U3Vua2VuS2l0X2ludF9mbG9vcl8yeDI=
p	1651425059	VHJhaW5pbmdEdW1teV9hdHRhY2s=
p	-1764358509	U3RhbWluYVVwZ3JhZGVfV3JhaXRo
p	109649206	RmlzaDI=
p	-564293870	aW5zdGFuY2VkX21lYWRvd3NfZ3Jhc3Nfc2hvcnQ=
p	261914232	cGllY2VfZ3JvdW5kdG9yY2g=
p	-179651633	c3Bpcml0Ympvcm5fY2xhd3M=
p	-1190656099	Sm90dW5XYXJyaW9yMkhTd29yZF9hdHRhY2tfY2hhcmdl
p	-441474569	c2Z4X2ZhbGxlbnZhbGt5cmllX3NjcmVlY2g=
p	-1291283779	RmFkZXJfQml0ZQ==
p	1513512703	dHJhZGVyX3dhZ29u
p	913259269	UGllY2VfZ3JhdXN0ZW5fc3RvbmVfbGFkZGVy
p	-1358280262	c2Z4X3NlZWtlcl9icnV0ZV9ncm91bmRzbGFtX1N0YXJ0
p	2091259387	U3RhdHVlVGhvcg==
p	-755906027	ZnhfY2x1c3RlcmJvbWJzdGFmZl9oaXQ=
p	145393219	c2Z4X2ZhZGVyX2NoYXJyZWRzdW1tb25fcHJvamVjdGlsZQ==
p	-1901098214	QXJtb3JEZWVwTm9ydGhIZWF2eUNoZXN0
p	-2087540379	X1pvbmU=
p	258365195	c2Z4X3RyYWluaW5nZHVtbXlfYWxlcnQ=
p	-1775091842	c2Z4X3NlcnBlbnRfdGF1bnQ=
p	1647913660	TW9ya2hhbGxhX1J1YmJsZTQ=
p	1962379517	R29ibGluX0dlbQ==
p	1159596902	ZnhfZHJhZ29uX2xhbmQ=
p	1389494822	c2Z4X3NoaWVsZGdlbmVyYXRvcl9zdGFydHVw
p	358887432	dmZ4X2J1c2hfZGVzdHJveWVkX2hlYXRo
p	-1539806908	QXNobGFuZHNfV2FsbF8yeDJfZWRnZTI=
p	739106997	U1BfQ2FwZVdvbGY=
p	-2047840346	QXJtb3JGbGFtZXRhbENoZXN0
p	432248582	UGlja2FibGVfU21va2VQdWZm
p	373302220	QXRnZWlyR29sZFVuY29va2Vk
p	-1902508126	Y2hlc3RfaGlsZGlyMV9pbmNhbXA=
p	1382552281	QWJvbWluYXRpb25fYXR0YWNrMQ==
p	393840463	dmZ4X2xldmVy
p	1962361286	c2Z4X3Nub3dfaGl0X3RyYW5zaWVudA==
p	-1657203967	TWVtb3JpYWxDb2Fs
p	-1218711148	VHJvcGh5Qm9uZW1hd1NlcnBlbnQ=
p	1440487497	Qmpvcm5QYXc=
p	-142007914	U3dhbXBUcmVlMV9TdHVi
p	78708729	dHJvbGxfc3VtbW9uZWRfZ3JvdW5kc2xhbV9hb2U=
p	1388410542	U2tpbGxMaXN0VG9vbHRpcA==
p	-1505268321	Z2lhbnRfc2t1bGw=
p	-1778433855	dmZ4X1BvdGlvbl9laXRyX21pbm9y
p	-1747173676	c3RvbmVfcGlsbGFy
p	-1849978965	c2Z4X2dka2luZ19hbGVydA==
p	1416779361	dmZ4X0ZpcmV3b3JrX1JvY2tldF9HcmVlbg==
p	1473208887	VHJvcGh5Sm90dW5XaXRjaA==
p	-312847305	cGllY2VfZ3JhdXN0ZW5fcm9vZl80NV9jb3JuZXIy
p	-1115480558	ZnhfY3J5c3RhbF9kZXN0cnVjdGlvbg==
p	-826622060	R3JleWR3YXJmRXll
p	-834274748	dHJvbGxfZ3JvdW5kc2xhbQ==
p	1364486099	VmVndmlzaXJfcGxhY2VvZm15c3RlcnlfMw==
p	-1719670649	ZnhfZmFkZXJfY2hlc3RmaXJl
p	-1132904122	dmZ4X1BsYWNlX2JlZA==
p	1997718031	R1VJSW5wdXRGaWVsZA==
p	807511847	ZnhfZm9vdHN0ZXBfcnVu
p	-1481786749	ZHVuZ2Vvbl9mb3Jlc3RjcnlwdF9kb29y
p	-1114768881	dHJvbGxfc3VtbW9uZWRfdGhyb3dfcHJvamVjdGlsZQ==
p	-277987758	Sm90dW5XYXJyaW9yX1JhZ2RvbGw=
p	148104278	c2Z4X2Jsb2JfYXR0YWNr
p	-254465420	c2hpcHdyZWNrX3Zpa2luZ3NoaXBfbWFzdDE=
p	1247021341	b2ZmZXJhbHRhcl9mYWRlcg==
p	-1161852937	YmxhY2ttYXJibGVfMngxeDE=
p	-149707318	dmZ4X1BsYWNlX0hpbGRpckNsb3RoZXNSYWNr
p	600335302	dmZ4X0hvbGVTcGF3bmVyX2RvdWJsZV9kZXN0cnVjdGlvbg==
p	624138058	dmZ4X2NyYXRlX2Rlc3Ryb3llZA==
p	-1467546631	c2Z4X2Rhcmt3b29kX2Rvb3JfY2xvc2U=
p	1005454283	c3RhdmVfd2FsbF9jcm9zc182Nw==
p	673728755	QXNrc3Zpbg==
p	1332601932	d29vZF9iZWFtXzI2
p	1076628788	dmZ4X3Ryb2xsc25vd19hdHRhY2tfaGl0
p	2134397716	Q2FwZUZlYXRoZXI=
p	-2097945681	QXNobGFuZHNfZmxvb3JfbGFyZ2U=
p	-1751691553	SWNlX3NoaXBfNg==
p	586722166	cnVnX21vb3Nl
p	358733648	Sm90dW5XaXRjaF9hdHRhY2tfZG9kZ2VfdXA=
p	-303747719	VW5kZWFkQmpvcm5SaWJjYWdl
p	-1683560427	c2Z4X3NrZWxldG9uX2Zyb3plbl9kZWF0aA==
p	950372346	QXJyb3dDaGFycmVk
p	-1719107626	YXNwZWN0X3Byb2plY3RpbGVfYmVhbQ==
p	1065181624	b2ZmZXJhbHRhcl9tZW1vcmlhbHNpdGU=
p	-2092967397	QXJtb3JUdW5pYzE=
p	802091271	TWFjZUVsZG5lck5hdHVyZQ==
p	-721626437	QmVhcmQ3
p	1163892070	RHZlcmdlclN0YWZmRmlyZV9jbHVzdGVyYm9tYl9hb2U=
p	538325542	UGllY2VfZ3JhdXN0ZW5fd2FsbF80eDI=
p	-2008781657	Qmpvcm5fc2xlZXBpbmc=
p	-1473932452	cm9jazNfaWNl
p	128389279	bG94Y2FsZl9yYWdkb2xs
p	-1819834831	ZnhfRm9vZFN0ZWFtX1NtYWxs
p	-1130499279	Q3VsdGl2YXRvcg==
p	590949502	c2Z4X2ZlbnJpbmdfY2xhd190cmFpbHN0YXJ0
p	1078378861	c2Z4X3Z1bHR1cmVfZWF0X2JpdGU=
p	899135304	c2Z4X21vbGVtYW5fYXR0YWNr
p	-1819784222	c2Z4X0hpdmVRdWVlbl9zbGFzaGNvbWJv
p	1977041906	c2Z4X3NlYWxfaWRsZQ==
p	-2005747631	QXNrQmxhZGRlcg==
p	-1055680001	R29ibGluU2hhbWFuX2F0dGFja19maXJlYmFsbF9oaWxkaXI=
p	-581517273	ZnhfZnJvemVua2luZ19wdW5jaF9hb2U=
p	1204475865	c2Z4X2VxdWlwX3N0YXJ0
p	-1305303832	ZmVucmlyaGlkZV9oYW5naW5nX2Rvb3I=
p	45410277	U3RhcnRHdWlfQm90dG9tTGVmdEJ1dHRvbnM=
p	921269123	U3dpdGNoSm95Y29uR2FtZXBhZE1hcA==
p	-623389066	cGllY2VfRnJvc3RGb3VuZHJ5
p	-269084974	TW9ya2hhbGxhX1N0YWlyc19naWFudA==
p	1281941356	SGFpcjMwXzI=
p	1980195980	QmFrZWRQb3RlaXRy
p	1055017368	dmZ4X2JpcmNoMl9jdXQ=
p	-834617117	ZHZlcmdlcl9kZW1pc3Rlcg==
p	-1726012898	Znhfc2xpZGU=
p	1809303053	dmZ4XyBjYXJyaW9uX2Rlc3Ryb3llZA==
p	1403184098	dmZ4X2ZpcmV0cmVlX3JlZ3Jvdw==
p	-385576180	dmZ4X2Jhcl9pcm9uX3N0YWNrX2Rlc3Ryb3llZA==
p	1409301307	QXJtb3JEcmVzczM=
p	2048285883	RmFkZXJfRmlzc3VyZV9JbnRlbnNl
p	212194282	R2hvc3RfYXR0YWNr
p	1991349003	c2Z4X2NoYXJyZWRfYXJjaGVyX2Jvd19kcmF3
p	1921695390	SWNlU2hvcmVTaGFyZA==
p	-1183704758	R29ibGluS2luZ19yYWdkb2xs
p	-1523551927	R2lhbnRCbG9vZFNhY2s=
p	839853578	ZnhfRWF0X1llbGxvdw==
p	-374775119	TW9ya2hhbGxhX1N0YXR1ZVBpZWNlQXJtTF9iaWc=
p	-1406613038	Y2F2ZXJvY2tfY29ybmVyd2FsbA==
p	326210194	VGVudGFSb290
p	-1764426495	c3RvbmVfd2FsbF8xeDE=
p	-1220177998	c2Z4X3N0YWZmX3Ryb2xsc3Rhdl9jYXN0
p	775933644	ZHZlcmdydG93bl93b29kX3dhbGwwMQ==
p	-34430377	cGllY2Vfc3RvbmVjdXR0ZXI=
p	1488785665	U3Bhd25lcl9DaGFycmVkX01hZ2U=
p	2069500716	WWdnZHJhc2lsUm9vdA==
p	111462848	RmVhc3RTd2FtcHNfTWF0ZXJpYWw=
p	-477844346	dmZ4X2ljZV9kZXN0cm95ZWQ=
p	409374170	Y3J5cHRfaGFuZ2luZ3NrZWxldG9u
p	-134414446	c2Z4X3NrZWxldG9uX21hY2VfaGl0
p	-1552092171	cm9jazRfY29wcGVy
p	-743342626	Qm9tYkJsb2JfTGF2YV9wcm9qZWN0aWxl
p	1064726330	RmlyVHJlZV9Tbm93X2xvZw==
p	-376049005	c2Z4X3VuYmpvcm5fY2xhd19hdHRhY2s=
p	2100428743	Qmpvcm5fcmFnZG9sbA==
p	120269255	dmZ4X2Jhcl9jb3BwZXJfc3RhY2tfZGVzdHJveWVk
p	915094071	cGllY2VfdGFibGU=
p	-645797057	ZHZlcmdydG93bl9mbG9vcl9sYXJnZQ==
p	1894904111	TWVhZEJhc2VUYXN0eQ==
p	1631468078	ZHVzdF9wYXJ0aWNsZXM=
p	177738195	dmZ4X1BsYWNlX3dvb2Rfcm9vZg==
p	1026572911	U21va2VCYWxsVHVyYnVsZW50
p	-189558309	SW52ZW50b3J5VG9vbHRpcA==
p	2133450498	cGllY2VfYnJhemllcmZsb29yMDI=
p	-1398465710	cm9jazNfbW91bnRhaW4=
p	-2040440700	d29vZF9yb29mXzY3
p	-1340069191	d2lkZXN0b25lXzI=
p	-885870789	VHVycmV0X3Byb2plY3RpbGVfYmxvb2Rnb2xk
p	-684323456	Qm9nV2l0Y2hLdmFzdHVyX2F0dGFjaw==
p	1357883520	c2Z4X2dqYWxsX3NwaXRfaW1wYWN0
p	-345982376	c2Z4X2ZhbGxlbnZhbGt5cmllX2lkbGU=
p	-1672930718	SWNlUG9uZF9yb2Nr
p	-1812930062	c2Z4X2dob3N0c19odXJ0
p	425751481	VHJvbGw=
p	-8548736	c2xlZGdlX2FvZQ==
p	70810146	TW9ya2hhbGxhX2JyaWRnZTAz
p	-442047277	UGxheWVyVW5hcm1lZA==
p	698141549	c2Z4X2dyZXlkd2FyZl9zaGFtYW5fYXR0YWNr
p	664835072	c2Z4X3NlcnBlbnRfZGVhdGg=
p	205000016	R29sZE9yZQ==
p	1626038296	R29ibGluQnJ1dGVfQXR0YWNr
p	1429703979	ZGFya3dvb2RfZGVjb3dhbGw=
p	2033614552	TWVhZEJhc2VTd2ltbWVy
p	-318107006	dmZ4X2JvYXJfZGVhdGg=
p	451533929	YXNwZWN0X1NlZWtlclF1ZWVuX3Byb2plY3RpbGVfc3BpdA==
p	1641770234	c2Z4X2JhdF9hdHRhY2s=
p	-250560308	YmxhY2tmb3JnZQ==
p	544574264	U3Bhd25lcl9HcmV5ZHdhcmY=
p	-1015045011	TW9sZEFybW9yTWVkaXVtSGVsbWV0
p	962721940	VEVSUkFJTl9URVNU
p	-1721646831	RmlzdEZlbnJpckNsYXc=
p	2016758402	VmVndmlzaXJTaGFyZF9Cb25lbWFzcw==
p	506053093	Z3Jhc3Njcm9zc19oZWF0aF9ncmVlbg==
p	-416794571	dmZ4X2NyZWF0dXJlX3Nvb3RoZWQ=
p	1585223806	c25vd19pbmNyZWFzZV90cmVlc21hbGw=
p	-989723330	Znhfc3VtbW9uX3Ryb2xs
p	-286502316	TW9ya2hhbGxhX0dhdGVEb29yMDM=
p	1953941061	c2Z4X3NlZWtlcl9icnV0ZV9mb290c3RlcA==
p	1756993846	bXVkcGlsZTI=
p	-847278115	RmVucmluZ19hdHRhY2tfaWNlY2xhdw==
p	2082967021	c2Z4X2pvdHVud2Fycmlvcl9JZGxl
p	600686073	UGlja2FibGVfQ2Fycm90
p	1051989204	SW5nYW1lR3VpX01lbnU=
p	-1531883793	VHJvcGh5U2Vla2Vy
p	1448794450	c2Z4X2d1aV9jcmFmdGl0ZW1fY2F1bGRyb24=
p	-1772171095	c2Z4X2dob3N0c19mb290c3RlcA==
p	524487976	SGVsbWV0QXNobGFuZHNNZWRpdW1Ib29k
p	593299331	dmZ4X2Jsb2JfZGVhdGg=
p	2095123679	QWJvbWluYXRpb24=
p	-2070086635	UGlja2FibGVfUG90ZWl0cg==
p	148376086	RWxha2luZ01vbGVfQXR0YWNrU2FuZGNsb3Vk
p	-2021885435	Znhfam90dW5iYW5lX2hpdA==
p	90381292	REdfRHZlcmdyVG93bg==
p	49675681	UmFmdA==
p	-1026990505	Znhfc25vd3dhbGtwaWVjZQ==
p	-22010056	U3dvcmRNaXN0d2Fsa2Vy
p	533461008	ZnhfU2hpZWxkQ2hhcmdlXzE=
p	-74487753	TW9ya2hhbGxhX0Zsb29yXzR4NA==
p	1388670159	RmVucmluZw==
p	-1445195853	ZnhfUG90aW9uX2Zyb3N0cmVzaXN0
p	1515889972	c3R1YmJlX3NwYXduZXI=
p	-172121608	c2Z4X2Zyb3plbmtpbmdfYXR0YWNrbWVsZWVfc2luZ2xlX2ltcGFjdA==
p	-719697548	ZnhfbGlnaHRuaW5nc3RhZmZwcm9qZWN0aWxlX2hpdA==
p	793029230	c2Z4X2ZhbGxlbnZhbGt5cmllX3RhdW50
p	-405406111	TW91bnRhaW5LaXRfaW50X3dhbGxfMng0
p	239278391	SGVsbWV0Q2FyYXBhY2U=
p	477446165	c2Z4X2d1aV9pbnZlbnRvcnlfY2xvc2U=
p	2109513365	c2Z4X2pvdHVud2Fycmlvcl9kZWF0aA==
p	-106257808	RnJvemVuS2luZ19QMl9TdW1tb25fTW9kZXI=
p	-1202814254	c2Z4X0dvYmxpblNoYW1hbl9kZWF0aA==
p	949525480	U3Bhd25lcl9Ta2VsZXRvbl9oaWxkaXJfYm9zc3Jvb20=
p	118230510	VmlraW5nU2hpcA==
p	1857996392	ZHZlcmdydG93bl93b29kX2JlYW0=
p	820154379	U3RhcnRHdWlfTWVudUNpbmVtYXRpY3M=
p	-781883411	TW9vc2VTaW5ldw==
p	-1011187074	QXNobGFuZHNGbGFzaA==
p	-647523670	TW9ya2hhbGxhX0Zsb29yXzIwXzI=
p	1126679996	QXNobGFuZHNfV2FsbF8yeDJfY29ybmVyUl90b3A=
p	350984073	ZnhfV2F0ZXJJbXBhY3RfQmln
p	-340589159	QXJtb3JMb3hDaGVzdA==
p	76574468	TW91bnRhaW5LaXRfaW50X2Zsb29y
p	-1874176361	VW5zdGFibGVMYXZhUm9ja19leHBsb3Npb24=
p	1283200037	RHZlcmdlcg==
p	-647146611	RnJvemVuS2luZ190ZW5kcmlsc3Bhd24=
p	-130477977	QXhlR29sZF9Gcm9zdEZpcmU=
p	76747545	TGFyZ2VCb25lX2hhbGYwMg==
p	-1838985169	R2Vtc3RvbmVSZWQ=
p	1977532003	c2Z4X2Zpc3RfbWV0YWxfYmxvY2tlZA==
p	-287013000	c2Z4X2Jhcm5hY2xlX2Rlc3Ryb3llZA==
p	-1817641892	c3RhdmVfcG9sZV8ybQ==
p	-1908888548	U2Vla2VyUXVlZW5fQml0ZQ==
p	-66427558	U2hpZWxkSXJvblNxdWFyZQ==
p	-378904166	aGl2ZV9hdHRhY2tfcHVuY2g=
p	-107866523	Y2xpZmZfYXNobGFuZHNmbG93cm9ja19mcmFj
p	1874304749	dmZ4X0Jsb29kRGVhdGg=
p	-1856785145	c2Z4X2NhdGFwdWx0X2xlZ3NfZG93bg==
p	1346774845	c2Z4X3VuYmpvcm5fYml0ZV9hdHRhY2tfaW1wYWN0
p	1662267318	dmZ4X3dhdGVyc3BsYXNoX2JhdGh0dWI=
p	1056070031	Qm9tYkJsb2JfTW9ya2hhbGxhX3Byb2plY3RpbGU=
p	-170483369	TG9hZGluZ0luZGljYXRvcg==
p	-1253302372	ZnhfYm9zc3N0b25lX2FjdGl2YXRlX0Vpa3RoeXI=
p	-2077136871	UGlja2FibGVfRHZlcmdlclRoaW5n
p	594017038	dmZ4X0FzaHJ1aW5fd2luZG93Ml9kZXN0cm95ZWQ=
p	-241244907	U3Bhd25lcl9CbG9iRWxpdGU=
p	-1931600359	dmZ4X1BsYWNlX292ZW4=
p	1652938965	SWNlU2hvcmVfZnJhYw==
p	707515698	SGFuZ2luZ19Sb3lhbEplbGx5
p	264964714	Q29va2VkSGFyZU1lYXQ=
p	1651023775	ZnhfQWJvbWluYXRpb25fYXR0YWNrMl9saWZ0
p	-1640687905	SGFpcjE0
p	1407759366	QXNrc3Zpbk1lYXQ=
p	-636795749	Y2F2ZXJvY2tfc3RhbGFndGl0ZQ==
p	340507149	cGllY2VfdGhyb25lMDI=
p	606433836	dmZ4X3BpbmVsb2dkZXN0cm95ZWRfaGFsZg==
p	1048742812	Ymxhc3RmdXJuYWNl
p	1491479978	SGFpcjIy
p	1438980592	dmZ4X1Ryb2xsUGhlcm9tb25lcw==
p	-1691638092	Q2FzdGxlS2l0X2RlY2FsX2ZlbnJpcl9ibG9vZA==
p	-1069512713	U3RhdHVlRnJleWE=
p	28319684	RmFkZXJfQ2xhd19MZWZ0
p	839475026	dmZ4X3BpbmV0cmVlY3V0X2RlYWQ=
p	-1478464920	c3RvbmVjaGVzdA==
p	1005011993	c2Z4X3Ryb2xsZmlyZV9hdHRhY2tfdGhyb3c=
p	1009431615	c2Z4X2dyZXlkd2FyZm5lc3RfaGl0
p	1340509431	VGhlSGl2ZQ==
p	-1813417849	QXNobGFuZHNfUnVpbnNfV2FsbF9Ccm9rZW41XzR4Ng==
p	-1461876390	TW9ya2hhbGxhX1J1YmJsZTJfZmFsbA==
p	-2011097161	c3RhdmVfYmVhbV82Nw==
p	-714054605	U1BfQ2FwZUxpbmVu
p	-452316558	c2Z4X2Jsb2JsYXZhX2RlYXRo
p	1500488963	ZnhfUG90aW9uX2ZpcmVyZXNpc3Q=
p	722952463	UnVuZVRhYmxldF9Hb2JsaW5LaW5n
p	554864195	cGllY2VfcG90MV9yZWQ=
p	1703038983	RHZlcmdlclN0YWZmSGVhbA==
p	1845858688	TW9ya2hhbGxhX2dpYW50X3JhaWxpbmc=
p	513540838	ZnhfYmFja3N0YWI=
p	-1742513904	RmlyZXdvcmtzUm9ja2V0X1JlZA==
p	508816288	ZnhfQm9uZW1hd1NlcnBlbnRfcG9pc29uYnJlYXRo
p	-665211050	dmZ4X2hhdGNobGluZ19kZWF0aA==
p	820124448	aGlsZGlyX3RlbnQy
p	-708673215	TWVtb3JpYWxTdG9uZV9MYXJnZQ==
p	-1321273979	ZnhfZ29ibGlua2luZ19ncm91bmRwdW5jaA==
p	859572588	dmZ4X2JpcmNoMV9hdXRfY3V0
p	1109531741	SWNlU2hhcmRfMDE=
p	124978337	RHJhdWdyX2VsaXRlX3JhZ2RvbGw=
p	-801967159	ZnhfZm9vdHN0ZXBfZ3JvdW5kX2NsaW1i
p	1735411342	c2Z4X3RpY2tfaWRsZQ==
p	-1129651973	Qm9sdEJsYWNrbWV0YWw=
p	747145	YmxhY2ttYXJibGVfZmxvb3I=
p	1462550139	ZmlyZV9waXRfaXJvbg==
p	1815318480	c2Z4X2JvZ3dpdGNoX3RyYWRl
p	-40120423	X2V2ZW50em9uZV9ib3NzX2Jhc2U=
p	280352846	TW9vc2VfQ2FsZl9SYWdkb2xs
p	1933247025	QmVhcmQyMw==
p	1731195420	c2Z4X2dvYmxpbmtpbmdfYmVhbQ==
p	769103769	ZnhfRWF0
p	411615136	SXJvbk9yZQ==
p	-1287554715	RmlyZXdvcmtzUm9ja2V0X1llbGxvdw==
p	35942974	c2Z4X2hhbGRvcl9ncmVldA==
p	439178866	ZnhfRmVhc3RNb3VudGFpbnNFYXQ=
p	-1654178317	TWVhZFN3aW1tZXI=
p	-1616190321	c2Z4X3ByZXNwYXduX2ZhZGVyX3ZpYnJhdGlvbl9vbmx5
p	1259899960	c2Z4X2RlYXRoc3F1aXRvX2F0dGFjaw==
p	-1730929208	dmZ4X1Ntb2tlZA==
p	-1539094885	TW9ya2hhbGxhX1N0YWlyc19naWFudF9zaG9ydF9icm9rZW4y
p	440216847	ZnhfRmFkZXJfQ29ycHNlRXhwbG9zaW9u
p	-649881157	dmluZXM=
p	-523045674	aW5zdGFuY2VkX2ZvcmVzdF9ncm91bmRjb3Zlcl9zbm93
p	-160017500	c2Z4X2dyZXlsaW5nX2RlYXRo
p	-442113310	U1BfQXJtb3JUcm9sbExlYXRoZXJDaGVzdA==
p	1011411007	ZnhfZmFkZXJfY2xhd2F0dGFjaw==
p	829775700	X0NvbnNvbGU=
p	248299036	Qmxvb2RiYWc=
p	1394133807	RHJhdWdyX3JhZ2RvbGw=
p	-511173777	SW5nYW1lR3VpX1Ryb3BoaWVz
p	1854482458	cG9ydGFsX3N0b25l
p	250710815	Y2F1bGRyb25fZXh0NV9tb3J0YXJhbmRwZXN0bGU=
p	1687357676	TW9ya2hhbGxhX2JyaWRnZTAxX3dpZGVfYnJva2VuX3JhbmRvbQ==
p	1971950416	dmZ4X1BvdGlvbl9zdGFtaW5hX21lZGl1bQ==
p	-43038689	QXNobGFuZHNfRm9ydHJlc3NfV2FsbF9QaWxsYXJUb3BfZnJhYw==
p	-767382442	TWVudV9TbWFsbFN0b25l
p	1030887631	Ym9uZV9zdGFjaw==
p	125587323	RW5lbXlIdWQ=
p	-17086017	RldfQXJtb3JGZW5yaW5nQ2hlc3Q=
p	1000513637	RW5lbXlfQmFya2FfVmVyc2VfRGVhdGg=
p	-1748101970	U2hpZWxkS25pZ2h0
p	-1956201065	ZnhfZnJvemVua2luZ19zcGlu
p	1356886219	aW5zdGFuY2VkX21lYWRvd3NfZ3Jhc3M=
p	185803422	X1Jvb21MaXN0X0RlZXBOb3J0aA==
p	1727421589	U3Bhd25lcl9Ta2VsZXRvbl9Td2FtcA==
p	1501365952	c2Z4X2xlZWNoX2F0dGFjaw==
p	-217769200	Znhfam90dW5iYW5lX3N3aW5n
p	-1566334704	c2Z4X2d1aV9tb3ZlaXRlbQ==
p	-1587354877	U3Bhd25lcl9Ta2VsZXRvbl9Nb3VudGFpbnNfbmlnaHRfbm9hcmNoZXI=
p	-498917581	RmVucmluZ19hdHRhY2tfZmxhbWVz
p	772389294	YmxvYl9hdHRhY2tfYW9l
p	449644525	UGlja2FibGVfRm9yZXN0Q3J5cHRSZW1haW5zMDM=
p	1508538630	RWxha2luZ01vbGU=
p	121120182	dmZ4X0JvbWJCbG9iX2V4cGxvZGVfdGFy
p	1861643587	cGllY2VfaGV4YWdvbmFsX2Rvb3I=
p	-1829892894	Ym93X3Byb2plY3RpbGVfbmVlZGxl
p	-385281652	ZnhfZm9vdHN0ZXBfc25vd192ZXJ5ZGVlcF9ydW4=
p	1936230299	c2Z4X2RyYWdvbl9tZWxlZV9zdGFydA==
p	367868682	Q2lyY2xlX3NlY3Rpb24=
p	1229956656	dmZ4X0FzaHJ1aW5fc3RlZXBzdGFpcl9kZXN0cm95ZWQ=
p	139239012	c2Z4X2NoYXJyZWRfdHdpdGNoZXJfdGhyb3dfaW1wYWN0
p	-1321932824	dmZ4X3N0b25lZ29sZW1faHVydA==
p	384503868	Q2FzdGxlS2l0X2RlY2FsX3N0cmF3
p	-109797335	cGllY2VfcG90MV9jcmFja2Vk
p	-1660100902	Z3JhdXN0ZW5fcGlsZQ==
p	-396667208	c2Z4X2NoYXJyZWRfZGVhdGg=
p	955526822	YmxhY2ttYXJibGVfZmxvb3JfdHJpYW5nbGU=
p	-1413999100	Znhfd3JpdGhhbl9leHBsb3Npb24=
p	2099145546	dmZ4X3Ryb2xsX3N1bW1vbmVkX3ByZXNwYXdu
p	-361224582	Q2hpY2tlbkVnZw==
p	-1242490229	QXNobGFuZHNfTWlzdHk=
p	1815305	YXNwZWN0X0ZhZGVyX0NsYXdfTGVmdA==
p	-1291285738	ZmFsbGVudmFsa3lyaWVfdGF1bnQ=
p	1112992965	c2Z4X3NlZWtlcl9hdHRhY2tfc3RhcnQ=
p	-333405836	U2xlZA==
p	-524222393	U3Bhd25lcl9GaXNoNA==
p	-334658490	TW9vc2Vfc3Bpcml0Y2FsbGVy
p	1485388508	TW9ya2hhbGxhX1JhbmRvbVJhaWxEZWNv
p	-791130405	TW9yZ2VuX05vblNsZWVwaW5n
p	1604827893	TW91bnRhaW5LaXRfd29vZF9nYXRl
p	1630785751	Qm9sdEJsb29kR29sZA==
p	959601677	UGlja2FibGVfT25pb24=
p	2042303542	QmFja2dyb3VuZHNjZW5l
p	49675204	Q2FydA==
p	1483104271	ZnhfY2hhcnJlZF9jaGVzdGdsb3c=
p	2089897352	V2FsbFNub3cx
p	1341577551	YmxhY2ttYXJibGVfY3JlZXBfNHgxeDE=
p	1043840419	SGFpcjE=
p	-706951164	c2Z4X3ZhbGt5cmllX2ZsYXB3aW5n
p	-1027635729	TWlzdGxhbmRzRmxhc2g=
p	676044048	ZnhfcmF2ZW5fZGVzcGF3bg==
p	-1951503401	c2Z4X3NlZWtlcl9icnV0ZV90YXVudA==
p	-315180887	R29ibGluU2hhbWFu
p	1380056669	ZnhfZm9vdHN0ZXBfYXNoX2pvZw==
p	1591690941	Q29ubmVjdGlvbl9FbnRyYW5jZQ==
p	449644523	UGlja2FibGVfRm9yZXN0Q3J5cHRSZW1haW5zMDE=
p	-655970661	c2Z4X2ZhZGVyX2Zpc3N1cmVfZmlyZQ==
p	523431295	R29ibGluU3BlYXJEZWVwTm9ydGg=
p	2008887427	ZHZlcmdydG93bl93b29kX3N0YWtld2FsbA==
p	480028554	c2Z4X2VsYWtpbmdfZGVhdGhfb2xk
p	1241914297	U3BpY2VQbGFpbnM=
p	1279620163	dmZ4X3Ryb2xsX2dyb3VuZHNsYW0=
p	-421900717	ZGFya3dvb2Rfcm9vZl9pY29ybmVyXzY3
p	-398235054	c2Z4X2JhYnlfc2Vla2VyX2F0dGFja19zdGFydA==
p	-370330082	U2VycGVudE1lYXQ=
p	566100011	RnJvemVuS2luZ19QMl9TdW1tb25fRWlrdGh5cg==
p	403094859	RnJvemVuU2tlbGV0b25fUG9zZTI=
p	1924585071	RHZlcmdlclRlc3Q=
p	63956225	VXBncmFkZXIxV2VhcG9u
p	1870984840	Q2luZGVyU3Rvcm0=
p	-2011592034	SGFpcjI0XzM=
p	717291352	SGFpcjM0XzI=
p	912150108	cm9jazRfY29wcGVyX2ZyYWM=
p	-1799783159	U3Bhd25lcl9EdmVyZ2VyUmFuZG9t
p	1349880575	ZnhfQWJvbWluYXRpb25fYXR0YWNrMg==
p	-715632865	VHJhZGVyVGVudA==
p	1425567131	YmxhY2ttYXJibGVfY29sdW1uXzM=
p	1396764178	Um9ja0RvbG1lbl8x
p	-1792723966	RmVhdGhlcnM=
p	-698369758	c2Z4X2dob3N0X2F0dGFjaw==
p	1391380103	Y2F2ZXJvY2tfcm9ja2J1bg==
p	1840491433	QXNobGFuZHNUcmVlNl9iaWc=
p	-782094582	QXJyb3dXb29k
p	-436601427	c2Z4X21vcmdlbl9kZWF0aA==
p	-907217478	dmZ4X3N3YW1wdHJlZV9jdXQ=
p	788983158	VHJvcGh5QmxvYl9MYXZh
p	-282875050	c2Z4X2JhdHRsZWF4ZV9oaXQ=
p	-851106125	U2Vla2VyQnJvb2Q=
p	307453894	c2Z4X292ZW5fdGFrZQ==
p	-2043251898	U3Bhd25lcl9HaG9zdA==
p	672784476	ZnhfYm9zc3N0b25lX2FjdGl2YXRlX1lhZ2x1dGg=
p	323308034	c2Z4X2dka2luZ19wcm9qZWN0aWxlX2hpdA==
p	1914978954	ZnhfZmFkZXJfbWV0ZW9yX2hpdA==
p	-459035306	TWlzdEFyZWE=
p	-1115649339	YW1iX2Zvcmdlb2Zwb3RlbnRpYWxfbWFpbg==
p	2045374003	aW5zdGFuY2VkX21pc3RsYW5kc19ncmFzc19zaG9ydA==
p	2131499046	QXNobGFuZHNfV2FsbEJsb2NrX2Jhc2U=
p	918289113	aXJvbl9mbG9vcl8xeDFfdjI=
p	517587124	RmVhc3RTd2FtcHM=
p	97112367	RW5lbXlfQmFya2FfQXR0YWNrX0hlYXZ5SW1wYWN0
p	689086372	VHJhZGVyTGFtcA==
p	-1661309499	SWNlU2hlbGZfMTA=
p	1583004270	cGllY2VfYmFubmVyMDc=
p	-1364851665	c2Z4X2tyb21zd29yZF9zd2luZw==
p	-1602192272	c2Z4X2Jsb2J0YXJfYXR0YWNrX3NwaXQ=
p	799704562	TW9ya2hhbGxhX0Zsb29yXzIwX2Jyb2tlbjM=
p	-1110546030	SG9sZVJvY2tfcm9vdDFfZGVzdHJ1Y3Rpb24=
p	-905433289	U3VydGxpbmdDb3Jl
p	-931606870	c2Z4X3NrZWxldG9uX2Zyb3plbl9hdHRhY2tfbWVsZWU=
p	1741430473	c2Z4X2hpbGRpcl90cmFkZQ==
p	762420190	YXNod29vZF93YWxsX3Jvb2ZfNDVfdXBzaWRlZG93bg==
p	726801436	c2Z4X2ZlbnJpbmdfZGVhdGg=
p	1105876284	bW9vc2VfaG9vdmVz
p	1527116204	aGlsZGlyX2RpdmFuMQ==
p	900941850	c21lbHRlcg==
p	-994097211	YmFycmVsbF9zdGF0aWM=
p	564805075	RmFkZXJfRHJvcHBlZEZpcmVfQU9F
p	-566038322	QmxhY2tDb3Jl
p	268389070	aGlsZGlyX2ZhYnJpY3Nyb2xsMg==
p	-1966803827	c3Bpcml0bW9vc2VfaG9ybnM=
p	-22020590	SGFpcjIxXzI=
p	1665022717	SGFpcjEzXzI=
p	1770557061	c2Z4X2ZhZGVyX2ZpcmVicmVhdGhfaW4=
p	1646123621	TWFjZU5lZWRsZQ==
p	-1023139695	R29ibGluQnJ1dGVfTGVnQm9uZXM=
p	-755152864	R1VJVGFiQnV0dG9u
p	163402162	VEhTd29yZFNsYXllck5hdHVyZQ==
p	-2044718299	TW9ya2hhbGxhX1RyYWluaW5nZHVtbXkx
p	1379665520	RHZlcmdlck1hZ2VTdXBwb3J0
p	1840385895	UGlja2F4ZUJsYWNrTWV0YWw=
p	-232314874	c2Z4X2dqYWxsX2FsZXJ0ZWQ=
p	1503800793	c2Z4X2dka2luZ19mb290c3RlcA==
p	1510466237	c2Z4X2Zyb3plbmtpbmdfdHVybg==
p	1176408813	VmFsaGVpbVJhZGlhbA==
p	-1863961073	bWlzdHZvbHVtZQ==
p	-1068315380	Q2FwZVRyb2xsSGlkZQ==
p	-809934841	c3RvbmV3YWxsXzE=
p	1890506462	c2NhbGVfd2FsbF9yb29mXzI2X2ZsaXBwZWQ=
p	187147093	YXNod29vZF93YWxsX3Jvb2ZfNDU=
p	408415796	U3Bhd25lcl9TZWVrZXJCcnV0ZQ==
p	442506800	c2Z4X2Jsb2JfaWRsZQ==
p	862277289	c2Z4X2h1Z2luX2thdw==
p	153820886	RWN0b3BsYXNt
p	1280246727	X1NwYXduTGlzdF9hc2hsYW5kcw==
p	-565251642	c2Z4X3N0YWZmZnJvc3RvcmJzX2Nhc3Q=
p	-544513927	c2Z4X0ZpcmVBZGRGdWVs
p	-525407035	dmZ4X0FzaGxhbmRzX0hlYXREaXN0b3J0aW9u
p	397758032	dmZ4X3Ryb2xsc25vd19mb290c3RlcA==
p	-494364525	Y2F2ZXJvY2tfaWNlX3N0YWxhZ3RpdGU=
p	1696607086	ZnhfRHZlcmdlck1hZ2VfTm92YV9yaW5n
p	470446886	c2Z4X2Zyb3plbmtpbmdfdm9pY2Vfc2NyZWFt
p	-656766093	U2hhZG93UGVyc29u
p	198497532	UGluZVRyZWVfU25vd19sb2dfaGFsZl9mcm9zdF90cm9sbA==
p	393912142	aGl2ZV9hdHRhY2tfdGhyb3c=
p	1087412201	RW5lbXlfQmFya2FfSWRsZQ==
p	218841687	U2Vla2VyUXVlZW5fVGVsZXBvcnQ=
p	-588675353	YW5jaWVudGJhcmtzcGVhcl9wcm9qZWN0aWxl
p	-233084190	Um9ja1RodW1iX2ZyYWM=
p	-990678761	cm9jazNfc2lsdmVyX2ZyYWM=
p	1477467946	Q2FzdGxlS2l0X2dyb3VuZHRvcmNo
p	-239892957	c2Z4X2FjaGlldmVtZW50X3VubG9ja2Vk
p	1617326913	UGluZVRyZWVfU25vd19sb2c=
p	90622475	c25vd19pbmNyZWFzZV9yb2xsZXI=
p	1363862547	ZnhfbW9yZ2VuaG9sZV9taXN0
p	1647913653	TW9ya2hhbGxhX1J1YmJsZTM=
p	977083296	ZnhfZ29ibGlua2luZ19ub3Zh
p	1753656480	c2NhbGVfcXVhcnRlcndhbGxfMXgx
p	-2047632425	c2Z4X3NrZWxldG9uX2JpZ19kZWF0aA==
p	742772895	ZnhfVXBncmFkZVN0YXRpb25fU3VjY2Vzcw==
p	-108387642	c2Z4X2Zyb3plbmtpbmdfZnJvemVudHdpcmxfdG9ybmFkbw==
p	-1890597475	c2Z4X2NvaW5zX3BpbGVfZGVzdHJveWVk
p	-832142516	SHVnZVJvb3Qx
p	-1240550673	c2Z4X2JvZ3dpdGNoX2dyZWV0
p	1809742402	dnhfYXNobGFuZF9wb3QxX2dyZWVuX2Rlc3RydWN0aW9u
p	-1438008887	Ym93X3Byb2plY3RpbGVfY2FyYXBhY2U=
p	960855987	TXVzaWNfRE5fTWVtb3JpYWw=
p	792784411	c2Z4X3NrZWxldG9uX3BvaXNvbl92ZXJzZV9pZGxl
p	1812433805	TW9ya2hhbGxhX0NoYWlu
p	27262405	ZnhfZmVucmluZ19mbGFtZXM=
p	1067573857	SWNlU2hlbGZfMDE=
p	-1283895483	VHJlYXN1cmVDaGVzdF9oZWF0aA==
p	-211668225	RnJvemVuS2luZ19QM19DaGFpblNsYW1fUl9kb3VibGU=
p	-2007471813	c2Z4X2R2ZXJnZXJfZmlyZWJhbGxfcmFpbl9zdGFydA==
p	-1081635004	UGlja2FibGVfTWV0ZW9yaXRl
p	-1615484714	c25vd19kZWNyZWFzZQ==
p	1514473917	RmFkZXJfQ2xhd19SaWdodA==
p	-3772522	UGllY2VfZ3JhdXN0ZW5fcGlsbGFyYmFzZV90YXBlcmVk
p	-882794760	ZnhfZ29ibGlua2luZ19tZXRlb3JfaGl0
p	-1592196532	RmFkZXJfTWV0ZW9ycw==
p	1961182073	dmZ4X2Jqb3JuX2dyb3VuZHNsYW0=
p	1882581307	c2Z4X2Zvcmdlb2Zwb3RlbnRpYWxfZmFpbA==
p	1804683720	VHJpbmtldENoaXRpblN3aW0=
p	1503489357	ZnhfY2hpY2tlbl9sYXlfZWdn
p	194206525	Um9ja18zX2RlZXBub3J0aA==
p	-1588104690	SGFpcjExXzM=
p	1630222681	c2Z4X3RyYWluaW5nZHVtbXlfaWRsZQ==
p	1308133983	dm9sdHVyZV90YWxvbnM=
p	219934075	c2FwbGluZ19zZWVkY2Fycm90
p	-1862079955	RHZlcmdlclN1aXRJY2U=
p	2013076875	VWx2X1JhZ2RvbGw=
p	1473148045	TW9ya2hhbGxhX2JhbGNvbnlfbG9uZw==
p	-1398896717	TmVja1RhaWw=
p	984877513	dmZ4X2JsYXN0ZnVybmFjZV9hZGRvcmU=
p	681582777	VGhvcg==
p	-1350970849	YmxvYm1vcmtfYXR0YWNrX2FvZQ==
p	1131718184	VXBncmFkZXIzQXJtb3I=
p	1325033780	UGlja2FibGVfRmxheF9XaWxk
p	-1261409471	RHZlcmdlcl9yYWdkb2xs
p	-1134401048	dmZ4X3lnZ2FzaG9vdF9zbWFsbDFfZGVzdHJveQ==
p	2087336966	U3Bhd25lcl9Ta2VsZXRvbl9uaWdodF9ub2FyY2hlcg==
p	1456458328	RmlzdEdvbGRVbmNvb2tlZA==
p	1947547595	UGlja2FibGVfU2VlZFR1cm5pcA==
p	-1176186326	ZHZlcmdydG93bl8yeDJ4Ml9lbmZvcmNlZA==
p	209539363	c2Z4X2dvYmxpbmJydXRlX2FsZXJ0ZWQ=
p	1061837716	dmZ4X011ZEhpdA==
p	-570432335	TWVudUVudHJ5QnV0dG9u
p	70596228	Z29ibGluX3N0ZXBsYWRkZXI=
p	1136425031	QXNobGFuZHNfQXJjaFJvb2ZMb25nX0RhbWFnZWQ=
p	316161168	dHJhZGVyX3dhZ29uX2Rlc3RydWN0YWJsZQ==
p	2124704503	QmxhY2tJY2VfU3RhcnQ=
p	-773537486	TXVzaWNfTW91bnRhaW5Db3R0YWdl
p	1560640839	c2Z4X2dyZXlkd2FyZl9lbGl0ZV9hbGVydGVk
p	358686627	YmxvYl9mcm9zdF9hdHRhY2tfYW9l
p	-61104874	c2Z4X2Zyb3plbmtpbmdfZnJvemVuc3Bhcmtfd2hpcA==
p	1772080650	SG9sZVJvY2tfb3BlbmluZ196bmV0
p	-1817721841	c2Z4X29vemVib21iX2V4cGxvZGU=
p	302557280	RWlrdGh5cl9zdG9tcA==
p	111807506	QXNrc3ZpbkNhcnJpb25Ta3VsbA==
p	-743770702	c2Z4X2JvbmVtYXdfc2VycGVudF9hbGVydA==
p	-698527959	cnVnX3dvbGY=
p	-1109047613	X0RMQ01hbmFnZXI=
p	-64378848	SXRlbVNldHM=
p	-853103624	ZHZlcmdydG93bl80eDJ4MQ==
p	-1685068370	cmFpc2U=
p	-322395399	c2Z4X2d1aV9idXR0b25fdmlicmF0ZW9ubHlfbGlnaHQ=
p	1024658248	d29vZF9wb2xlX2xvZ180
p	-1747971518	RnJvemVuS2luZ19DaGFpblN3ZWVwX1I=
p	-1351891120	U2VhbFNvdXA=
p	424931028	TW9ya2hhbGxhX1N0YXR1ZVBpZWNlRmFjZV9iaWc=
p	1768879906	ZnJ5c2xpbmdfc25vd2JhbGxfYXR0YWNr
p	1770564080	aW5zdGFuY2VkX3N3YW1wX29ybWJ1bmtl
p	-851635044	R29ibGluQnJ1dGVfSGlsZGly
p	1323884657	cm9jazNfbW91bnRhaW5fMV9mcmFj
p	530963517	Ym93X3Byb2plY3RpbGVfYnJvbnpl
p	1375814670	YXNwZWN0X2dkX2tpbmdfc2hvb3Q=
p	-981014735	RHZlcmdlclN0YWZmQmxvY2tlcl9ibG9ja1dhbGw=
p	1832667634	c2Z4X2ZhbGxlbnZhbGt5cmllX3dpbmdmbGFw
p	1798606439	QXNobGFuZHNfUGlsbGFyNF90aXAzX2Jyb2tlbjE=
p	-1362351605	VHJvcGh5QmFya2E=
p	-40937556	c2Z4X2NhdGFwdWx0X3BsYWNlX2l0ZW0=
p	1036980414	U1BfQXJtb3JCcm9uemVDaGVzdA==
p	-242383461	SGFpcjhfMg==
p	1054502638	ZnhfZmxvYXRfaGl0d2F0ZXI=
p	-1958435741	QmVhcmQxNg==
p	1666562719	Y2hhcnJlZF9ncmVhdHN3b3JkX2ZlaW50
p	580824779	YnVybg==
p	-1338285604	Q29va2VkU2VhbEJsdWJiZXI=
p	1391001863	YXNobGFuZF9wb3QyX2dyZWVu
p	1842977441	QXJtb3JMZWF0aGVyQ2hlc3Q=
p	-328261538	SGVhdGhSb2NrUGlsbGFyX2ZyYWM=
p	-1538316407	QXNobGFuZHNfUnVpbnNfRmxvb3JfM3gzX2Jyb2tlbjM=
p	772011266	YXNobGFuZF9wb3QxX2dyZWVu
p	-2036139951	ZnhfYm9zc3N0b25lX2FjdGl2YXRlX1RoZUVsZGVy
p	-1744531519	RmFkZXJFbWJlcg==
p	1814344752	c25vd19zaG92ZWxfYmln
p	582887354	UGllY2VfZ3JhdXN0ZW5fcGlsbGFyYmVhbV9tZWRpdW0=
p	1319705399	d3JpdGhhbl9leHBsb2RlX2FvZQ==
p	-1078922591	Y2hhcnJlZF9maXJlYmFsbF9wcm9qZWN0aWxl
p	1399738207	RmlzaEFuZ2xlclJhdw==
p	1295452587	bW9ya2hhbGxhX3dlYl90dW5uZWw=
p	2011746767	VHJvcGh5TGVlY2g=
p	-1000490225	QmF0dGxlYXhlR29sZF9CbG9vZExpZ2h0bmluZw==
p	1938990896	YXNod29vZF93YWxsX2JlYW1fNjc=
p	259308223	QXNobGFuZHNfUnVpbnNfdHdpc3RfQXJjaEJpZw==
p	1316803472	c2lnbl9ub3RleHQ=
p	-1173037971	cHJvcF9GZWFzdEFzaGxhbmRz
p	1571728298	c2Z4X01lYWRCdXJw
p	-990675028	YXNrc3Zpbl9jYXJyaW9u
p	1841163981	UnVuZVN0b25lX0RyYWtl
p	-1724176891	dmZ4X0NvYWxEZXN0cm95ZWQ=
p	613386663	dmZ4X3NtZWx0ZXJfYWRkZnVlbA==
p	-936573297	RHZlcmdlclN0YWZmQmxvY2tlcl9wcm9qZWN0aWxl
p	1580391858	YmxhY2ttYXJibGVfc3RhaXI=
p	-464404522	UGlja2FibGVfU3dvcmRwaWVjZTM=
p	1043840416	SGFpcjY=
p	-1916733889	c3RhdmVfZGVjb19iZWFtXzJt
p	1502086332	R3JleWR3YXJmX2VsaXRlX2F0dGFjaw==
p	-1933821051	U3RvbmVibG9ja1NtYWxs
p	829263851	c2Z4X3NlZWtlcl9icnV0ZV9hdHRhY2tfcmFtX3N0YXJ0
p	-1486498157	TWFwUGlu
p	-681813307	c3RvbmV3YWxs
p	1713484503	d2F0ZXJmbG93
p	706748652	UGllY2VfZ3JhdXN0ZW5fZmxvb3JfMXgx
p	1815374738	Sm90dW5XaXRjaF9hdHRhY2tfbWFnaWNibGFzdA==
p	-241122690	VHJvbGxGcm9zdF9GcmFjX2xlZ3M=
p	-780440161	c2Z4X2ZlbnJpbmdfZmlyZWNsYXc=
p	-1749300840	dmZ4X2Jhcl9ibGFja21ldGFsX3N0YWNrX2Rlc3Ryb3llZA==
p	1967588846	dmZ4X1N0YWZmU2hpZWxk
p	1261559868	Ym93X3Byb2plY3RpbGU=
p	1057188125	R29ibGluQnJ1dGVfRXhlY3V0aW9uZXJDYXA=
p	-1975934681	ZnhfZm9vdHN0ZXBfc3RvbmVfcnVu
p	-98426013	TXVzaWNfU2VhbGVkVG93ZXI=
p	-748165710	Qm9nV2l0Y2hfVGFibGU=
p	-1076640884	U3Bhd25lcl9VbHY=
p	581611607	d29vZF9sb2dfMjY=
p	-1952989621	c3RhZmZfRnJvc3RPcmJzX3Byb2plY3RpbGU=
p	1598382955	VHJpbmtldEZsYW1ldGFsRWl0cg==
p	-242383492	SGFpcjlfMg==
p	1895257564	c2Z4X0JvbmVtYXNzX3Rocm93X3RyaWdnZXI=
p	1084866395	c2lnbg==
p	1665989430	dmZ4X2Jsb2JfaGl0
p	-1724175458	U3RhZmZTcGlyaXRDYWxsZXI=
p	1208950302	VmVndmlzaXJfR29ibGluS2luZw==
p	-1928195707	QmxvYlZpYWw=
p	1407536740	dmZ4X1BsYWNlX3dvb2RfYmVhbQ==
p	-1124383689	TW9ya2hhbGxhX1dhbGxfMjBfYnJva2Vu
p	1569410630	cnVnX2Z1cg==
p	1643732928	c2Z4X2ZhZGVyX2RlYXRoX3N0YXJ0
p	322846882	REdfR29ibGluQ2FtcA==
p	-2120318468	cmVwbGFudA==
p	-2112849651	ZnhfZm9vdHN0ZXBfc25vd19ydW4=
p	1211883190	RldfQXJtb3JNYWdlTGVncw==
p	314501666	c3RhdmVfYmVhbV8yNg==
p	-1011072838	c3RhdmVfcG9sZV80bQ==
p	-37180787	c2Z4X2NoYXJyZWRfc3Bhd25lcl9sb29w
p	1967986008	c2Z4X2VsYWtpbmdfaWRsZQ==
p	-1779165830	RmFkZXI=
p	-151261723	SGVsbWV0SGF0MQ==
p	-1854382242	ZnhfYmF0X2hpdA==
p	-164176347	VG9vbHRpcA==
p	1985543946	RWl0cg==
p	-1729390917	QnJvbnplTmFpbHM=
p	33020421	cm9ja19taXN0bGFuZHMxX2ZyYWM=
p	-957960149	ZnhfZGVhdHNxdWl0b19kZWF0aA==
p	633480016	R1VJRHJvcERvd24=
p	-2127899393	c2Z4X2dyYXBwbGluZ2hvb2tfcHVsbA==
p	298977039	YmxhY2ttYXJibGVfdGlsZV93YWxsXzJ4Mg==
p	-1691133381	YmxhY2ttYXJibGVfaGVhZDAy
p	829657494	U3Bhd25lcl9GcnlzbGluZ19yZXNwYXduXzMw
p	328745978	cGllY2VfY2hlc3Rfd29vZA==
p	-1559844418	TXVzaHJvb21TbW9rZVB1ZmY=
p	628311579	THVyZWRXaXNw
p	654372746	Z29ibGluX3Jvb2ZfNDVk
p	1066770835	dmZ4X2F1dG9fcGlja3Vw
p	1828514878	Q2hpY2tlbk1lYXQ=
p	-589925683	TWFjZVNpbHZlcg==
p	1284304658	RmVucmluZ190YXVudA==
p	-1462920193	c2NhbGVfd2FsbF9yb29mXzQ1X3Vwc2lkZWRvd24=
p	-1833055009	ZnhfSG90R3JvdW5k
p	-1844426309	dmZ4X21vdW50YWlua2l0X3RhYmxlX2Rlc3Ryb3llZA==
p	1611969521	cGllY2Vfc2hpZWxkZ2VuZXJhdG9y
p	-512484755	c2Z4X0dvYmxpblNoYW1hbl9maXJlYmFsbF9sYXVuY2g=
p	1364486100	VmVndmlzaXJfcGxhY2VvZm15c3RlcnlfMg==
p	-2045834926	c2Z4X2xlZWNoX2F0dGFja19oaXQ=
p	1754575848	Y2F2ZXJvY2tfZmxvd3N0b25l
p	-715878480	QmlnQnJhbmNo
p	1255402074	RmlzaGluZ1JvZEZsb2F0UHJvamVjdGlsZQ==
p	449644520	UGlja2FibGVfRm9yZXN0Q3J5cHRSZW1haW5zMDQ=
p	-1958435738	QmVhcmQxNQ==
p	412034074	UGlja2FibGVfVHVybmlw
p	183141556	Y2hhcnJlZF9ib3dfdm9sbGV5X3Byb2plY3RpbGU=
p	-1480187500	U3BpY2VNb3VudGFpbnM=
p	1409301313	QXJtb3JEcmVzczU=
p	-342802671	U2tlbGV0b25fU3dhbXBz
p	1485218556	TW9ya2hhbGxhX1JhbmRvbVdhbGxEZWNv
p	-111754826	QmlsZWJhZw==
p	275694258	QXRnZWlyQmxhY2ttZXRhbA==
p	836410573	dmZ4X2Zyb3plbmtpbmdfYmxhY2tpY2VfZGVzdHJveWVk
p	840131048	ZnhfQWJvbWluYXRpb25fYXR0YWNrMV90cmFpbG9u
p	1699486580	c2Z4X2RlYXRoX3ZpYnJhdGlvbl9vbmx5
p	-674458473	ZnhfZm9vdHN0ZXBfY2xpbWI=
p	749414456	RldfQXJtb3JNYWdlQ2hlc3Q=
p	463297073	Znhfb3Zlbl9hZGRfd29vZA==
p	950265897	Z29ibGluX2ZlbmNl
p	-355294970	U3BlYXJTcGxpdG5lcg==
p	-535447840	cnVnX2Fza3N2aW4=
p	-1799125888	Y2xpZmZfYXNobGFuZHM2X2ZyYWM=
p	1931377867	RHZlcmdlclN0YWZmSGVhbF9hb2U=
p	-1490600272	c2Z4X2Fza3N2aW5fYWxlcnQ=
p	1729114779	U2hpZWxkV29vZFRvd2Vy
p	-1199392921	d29vZF93YWxsX3Jvb2ZfdG9wXzQ1
p	-389271919	RmVhc3RNb3VudGFpbnM=
p	273650246	c2Z4X2pvdHVud2l0Y2hfZmxpZ2h0
p	-1902440653	ZnhfVG9yY2hfR3JlZW4=
p	-770950448	UFNHYW1lcGFkTWFw
p	18698171	dmZ4X2Jsb2JfYXR0YWNr
p	635327143	S2FsZVNlZWRz
p	-1122757642	UGlja2FibGVfU2VlZEthbGU=
p	804214150	c2Z4X2dhbWVsdHJvbGxfZm9vdHN0ZXA=
p	-1281897861	TWVudV9ncmV5ZHdhcmY=
p	938726216	RWxkZXJCYXJr
p	1186211450	dmZ4X0J1Z1JlcGVsbGVudA==
p	-546834752	c2Z4X2dhbWVsdHJvbGxfdGhyb3dfYXR0YWNrX2ltcGFjdA==
p	-1862041229	VHJvcGh5RmVucmluZw==
p	-1083140140	T0xEX3dvb2Rfcm9vZl90b3A=
p	-2121902827	ZnhfanV0ZV9jYXJwZXRfYmx1ZV9kZXN0cnVjdGlvbg==
p	-1000047361	d29vZGlyb25fYmVhbV80NQ==
p	-431650319	c2Z4X3ByZXNwYXduX2ZhZGVy
p	-2074682866	c3RvbmVnb2xlbV9hdHRhY2tfZG91Ymxlc21hc2g=
p	-465634267	ZWxha2luZ190cmFzaHBpbGVfZGVzdHJ1Y3Rpb24=
p	950610933	RmFkZXJfVGF1bnQ=
p	-1516628266	dmZ4X3NpbHZlcm1hY2VfaGl0
p	1457518369	T2FrU3R1Yg==
p	-113693526	V29sZl9SYWdkb2xs
p	816500238	QmlyY2gxX2F1dA==
p	-1269997305	c3Bhd25fbWV0ZW9ycw==
p	889782362	RWxha2luZ01vbGVfUmFnZG9sbA==
p	-438357904	c2Z4X3dyaXRoYW5fZGVhdGhfZXhwbG9zaW9u
p	625439651	dmZ4X2NvaW5fcGlsZV9kZXN0cm95ZWQ=
p	-1047416381	c2Z4X2VsYWtpbmdfaGl0X29sZA==
p	1157543605	ZnhfSm90dW5XaXRjaF9MaWdodG5pbmdCb2x0X0NoYXJnZQ==
p	-86262190	QXJtb3JHb2xkTWFnZUxlZ3NVbmNvb2tlZA==
p	1415231759	cHJvamVjdGlsZV9zcGxpdG5lcl9uYXR1cmU=
p	354574239	U2t1bGwy
p	939866254	dmZ4X2dvYmxpbmJydXRlX2hpdA==
p	-632309576	c2Z4X3NrZWxldG9uX2RlYXRo
p	-2045988123	dmZ4X0RhbWFnZWRfVmlraW5nU2hpcA==
p	970137154	c2Z4X2Zyb3plbmtpbmdfdGVuZHJpbF9ncm93
p	-108298912	ZGFya3dvb2Rfcm9vZl82Nw==
p	-987977923	RmlzdEdvbGRfQmxvb2RMaWdodG5pbmc=
p	1650487009	c2hpcHdyZWNrX3Zpa2luZ3NoaXBfZnJvbnQ=
p	-424169380	c2Z4X0JvbmVtYXNzX3Rocm93X3N0YXJ0
p	-730764453	dmZ4X1JvY2tIaXQ=
p	-1356623613	cGllY2VfRmFkZXJFbWJlcnM=
p	1233609560	TW9ya2hhbGxhX2JyaWRnZTAx
p	805484646	c2Z4X3N3b3JkX3N3aW5n
p	205250628	ZnhfbGFuZF90YXI=
p	316961636	Y2hhcnJlZF9mYWRlcl9ncmVhdHN3b3JkX3RocnVzdA==
p	-2038752798	ZnhfaGFyZV9kZWF0aA==
p	-1297134799	SWNlU2hvZXM=
p	1660745734	RldfS25pZmVTaWx2ZXI=
p	262767717	YmxhY2ttYXJibGVfY29sdW1uXzE=
p	1126889499	TXVzaWNfQXNobGFuZHNfRm9ydHJlc3M=
p	-984555756	ZnhfUXVlZW5fQnVycm93VXA=
p	1288616091	VHJvcGh5TW9sZQ==
p	-750155052	ZHJhZ29uX2NsYXdfcmlnaHQ=
p	1343188641	dHJvbGxfc3VtbW9uZWRfdGhyb3c=
p	1504837173	X0hhbW1lclBpZWNlVGFibGU=
p	977768805	U3Vua2VuS2l0X2ludF93YWxsXzF4NA==
p	-618247266	c2Z4X2FyY2hlcnlfdGFyZ2V0X2hpdA==
p	135005607	c2Z4X3N0YWZmX2dyZW5hZGVfaW1wYWN0X2JpZw==
p	212315135	RmluZVdvb2Q=
p	1049096569	Y2xpZmZfbWlzdGxhbmRzMl9mcmFj
p	1135745654	c3RvbmVfZmxvb3I=
p	-1779355401	c2hydWJfMg==
p	289944668	Z2phbGxfYXR0YWNrX3RhdW50
p	-1212732932	X1NwYXduTGlzdF9taXN0bGFuZHM=
p	-816396091	cGllY2VfdHVycmV0
p	-1784287464	Qm9zc1N0b25lX1RoZUVsZGVy
p	747762302	QmVlY2hfU3R1Yg==
p	-281712150	Z29sZHZlaW4=
p	1274852592	c2Z4X29ibGl0ZXJhdG9yX2Nsb3Nl
p	-1587639081	dmZ4X1BsYWNlX3JhaXNl
p	-844306953	dmZ4X1BsYWNlX3NtZWx0ZXI=
p	1007930775	d29vZF9nYXRl
p	1524304126	ZmFsbGVudmFsa3lyaWVfc3dvb3BhdHRhY2s=
p	64023875	VXBncmFkZXIzV2VhcG9u
p	-1117014999	UGlja2FibGVfUmFuZG9tRm9vZA==
p	1669940026	QmFrZWRQb3RlaXRyVW5jb29rZWQ=
p	1348214081	TW9ya2hhbGxhX1N0YXR1ZVBpZWNlU3dvcmQ=
p	463296512	Znhfb3Zlbl9hZGRfZm9vZA==
p	-126365370	QXNobGFuZHNfRm9ydHJlc3NfRmxvb3I=
p	-1982248368	c2Z4X29mZmVyaW5n
p	1801938462	RldfQXJtb3JQYWRkZWRHcmVhdmVz
p	-1176046110	ZHZlcmdlcl9ndWFyZHN0b25l
p	-1331353838	ZnhfZnJvc3RjbG91ZA==
p	270257971	U3dhbXBUcmVlMl9sb2c=
p	-1843990068	Y2hhcnJlZF9mYWRlcl9ncmVhdHN3b3JkX2ZlaW50
p	-2042236004	ZnhfYWx0YXJfY2hhcnJlZF9kZXN0cnVjdGlvbg==
p	-889604654	c2Z4X2ZhZGVyX2ZpcmV3YWxsX2ZpcmVidXJzdA==
p	-1147555287	dmZ4X2JpcmNoMV9jdXQ=
p	2106127246	c2Z4X21pc3RsYW5kc190aHVuZGVy
p	1212932712	cGllY2VfZHZlcmdyX3BvbGU=
p	-2111136205	c2hpcHdyZWNrX2thcnZlX2Jvdw==
p	-1740720110	REdfSG9sZQ==
p	30673283	QXNobGFuZHNfQXNoUmFpbg==
p	810109753	dmZ4X29ha2xvZ2Rlc3Ryb3llZA==
p	-706739784	ZnhfZnJvemVua2luZ19jaGFpbl9ydXNoX2ltcGFjdA==
p	-1147276818	RmlyVHJlZV9sb2c=
p	-1733630165	ZnhfZm9vdHN0ZXBfaWNlX3dhbGs=
p	871345847	TGluZ29uZHJpY2th
p	-1054168922	SGlsZGlyX3BsYWluc2ZvcnRyZXNzX3dvb2RfYmVhbQ==
p	-1865024493	U2l6emxpbmdCZXJyeUJyb3Ro
p	1912302441	QmVlY2hTZWVkcw==
p	-765239245	Ym9tYmR5bmFtaXRlX2V4cGxvc2lvbg==
p	-1760921552	d29vZF9yb29mX3RvcF82Nw==
p	1616422458	UGlja2FibGVfTW9ya0hhbGxhVHJlYXN1cmU=
p	709785924	Q2FzdGxlS2l0X2JyYXppZXI=
p	-427486029	QmlyY2gx
p	164468187	dmZ4X3dhZ29uX2Rlc3Ryb3llZA==
p	-495338349	T0xEX3dvb2Rfcm9vZl9vY29ybmVy
p	-948350748	c2Z4X3VpX3BsYXllcl9maXJlZGFtYWdlX3RpY2s=
p	1894764506	SGFpcjMx
p	109649210	RmlzaDY=
p	-477888489	SGFpcjM2
p	2139742128	U1BfQXJtb3JNYWdlQ2hlc3Q=
p	1448680921	c2Z4X2RyYXVncl9hbGVydGVk
p	-2131131094	R3JhdmVTdG9uZV9FbGl0ZV9Ccm9rZW5fQ2hhcnJlZFR3aXRjaGVyTmVzdA==
p	-461418815	ZHZlcmdycHJvcHNfd29vZF9mbG9vcg==
p	1755651897	ZHZlcmdydG93bl9zbG9wZV8xeDF4Mg==
p	2073660561	c2tlbGV0b25fYm93X21lYWRvd3M=
p	-1528892753	Sm90dW5IYWlyTWFsZTY=
p	1368046779	TW9ya2hhbGxhX1N0YXR1ZV9yYW5kb21fcnViYmxl
p	912102389	ZHZlcmdydG93bl9hcmNo
p	-5861282	c2Z4X2Zvb3RzdGVwX3Nub3dfd2Fsaw==
p	-904156699	ZnhfaGVuX2RlYXRo
p	-904512894	dmZ4X2JvbmZpcmVfZGVzdHJveWVk
p	5778863	Qm9nV2l0Y2g=
p	2008937773	c3RhZmZfZ3JlZW5yb290c19wcm9qZWN0aWxl
p	1216631312	Qm9zc1N0b25lX0RyYWdvblF1ZWVu
p	1138218448	dmZ4X2J1c2hfbGVhZl9wdWZm
p	732280816	c2Z4X09wZW5Qb3J0YWw=
p	-1568237828	c2Z4X2dyZXlsaW5nX2lkbGU=
p	542674737	TW9sZEFybW9ybWVkaXVtQ2hlc3Q=
p	2111235755	U3dhbXBUcmVlMQ==
p	-285674657	c2Z4X3NwYXduX3ZpYnJhdGlvbl9vbmx5
p	-1109219954	TW91bnRhaW5LaXRfYnJhemllcl9ibHVl
p	1114209067	QXNobGFuZHNfUGlsbGFyQmFzZTNfZG91Ymxl
p	-2048564101	Qm9nV2l0Y2hfVGFsaXNtYW4y
p	-1396281419	d29vZF9iZWFtXzY3
p	1114691826	dmZ4X3NrZWxldG9uX2hpdA==
p	-896000907	ZnhfdHVycmV0X2FkZGFtbW8=
p	-984198658	d2luZG1pbGw=
p	1298321486	cHJvcF9jYXVsZHJvbl9leHQ2X3JvbGxpbmdwaW5z
p	-1372761134	SW1wX2ZpcmViYWxsX3Byb2plY3RpbGU=
p	317834080	c2Z4X2ZhbGxlbnZhbGt5cmllX2F0dGFja19zcGluX2NoYXJnZQ==
p	-1852586257	TW9ya2hhbGxhX0dhdGVEb29yMDI=
p	532478468	ZHJhZ29uX2JpdGU=
p	-220578671	cGllY2VfZ3JhdXN0ZW5fcm9vZl80NV9jb3JuZXI=
p	1665990405	ZnhfY2x1c3RlcmJvbWJzdGFmZl9zcGxpbnRlcl9oaXQ=
p	1182558977	VHJlYXN1cmVDaGVzdF9tZWFkb3dzX2J1cmllZA==
p	965145214	U3RhZmZJY2VTaGFyZHM=
p	1953131305	c2Z4X2dyYXBwbGluZ2hvb2tfZGV0YWNo
p	-1335106342	bWFya2VyMDI=
p	1100372903	SGFpcjM3XzI=
p	327323055	ZnhfdW5iam9ybl9oaXQ=
p	1290565497	UGxhY2VhYmxlX1N0b25l
p	-1357464596	c2Z4X2NoYXJyZWRfdHdpdGNoZXJfc3VtbW9uZWRfYWxlcnQ=
p	181515673	TWFyaW5hdGVkR3JlZW5z
p	-750899644	U2hhcnBlbmluZ1N0b25l
p	1580132118	U2F1c2FnZXM=
p	-1701898288	dmZ4X2FzaGxhbmRzbG9nZGVzdHJveWVkX2hhbGY=
p	-2087459199	VHJvcGh5R29ibGluQnJ1dGVCcm9zQnJ1dGU=
p	1489475308	TW9sZEF0Z2Vpcg==
p	844457504	QmVhcmQ0
p	-1217738099	UGlja2FibGVfRmxpbnQ=
p	-660250798	UGllY2VfZ3JhdXN0ZW5fd2luZG93XzR4Mg==
p	-1997223339	cHJvamVjdGlsZV9tZXRlb3JfZmFkZXI=
p	-1975833729	c2Z4X2Zyb3plbmtpbmdfcHVuY2hhb2Vfd2hvb3NoX3B1bmNo
p	-1325982664	SGFpcjEyXzI=
p	470607579	dmZ4X1BsYWNlX3dpbmRtaWxs
p	1961661821	S25pZmVCbGFja01ldGFs
p	-627330312	TWVhdGJhbGxzTWFzaGVkUG90ZWl0cg==
p	1452519224	RHZlcmdlclN0YWZmRmlyZV9maXJlX2FvZQ==
p	-1137956792	cGllY2VfZ3JhdXN0ZW5fcm9vZl80NV9hcmNoX2Nvcm5lcjI=
p	-1275618294	c2Z4X2Zyb3plbmtpbmdfYXR0YWNrbWVsZWVfc2luZ2xlX2NoYXJnZQ==
p	-868034662	c2tlbGV0b25fbWFjZV9EZWVwTm9ydGg=
p	-1948064278	c2Z4X2dqYWxsX2F0dGFja19zaGFrZQ==
p	-1173641826	dmZ4X3dyYWl0aF9oaXQ=
p	-840537217	ZGFya3dvb2RfYmVhbQ==
p	-1778483161	dmZ4X2JsYWNraWNlX2Rlc3Ryb3llZA==
p	-1807421665	Q2FzdGxlS2l0X2JyYWlkZWRfYm94MDE=
p	-617286971	ZHZlcmdycHJvcHNfaG9va25jaGFpbg==
p	-63484205	VWx2
p	1694237039	RmVhc3RBc2hsYW5kcw==
p	-508725682	c2Z4X2Zyb3plbmtpbmdfc3Bpa2VyYWluX2NoYWlu
p	1079411440	c2FwbGluZ19mbGF4
p	-812313466	c2Z4X2ZhZGVyX2NoYXJyZWRzdW1tb25fcm9hcg==
p	-1734054713	ZnhfQWJvbWluYXRpb25fZm9vdHN0ZXBfcnVu
p	-565995904	dmZ4X2dob3N0X2hpdA==
p	1981231808	QXJyb3dOZWVkbGU=
p	-1229125003	dmZ4X2dvYmxpbl9kZWF0aA==
p	-1448864844	SWNlX2Zsb29y
p	-1027279869	QXhlMWhfSm90dW5XYXJyaW9yIDE=
p	-630316395	c2Z4X3NrZWxldG9uX2Zyb3plbl92ZXJzZV9hdHRhY2s=
p	-1891157319	VHJlYXN1cmVDaGVzdF9mb3Jlc3RjcnlwdF9oaWxkaXI=
p	-1977294001	ZHZlcmdycHJvcHNfYmFycmVs
p	-738226041	c2Z4X2Zyb3plbmtpbmdfY2hhcmdlX2NoYWluYmFjaw==
p	578078319	c2Z4X2xlZWNoX2hpdA==
p	343158804	VHJpZ2dlclNwYXduZXJfU2Vla2Vy
p	1659340188	RGFtYWdlVGV4dA==
p	-99334795	RldfQ2FwZUxpbmVu
p	-744488650	U3RhZmZDbHVzdGVyYm9tYg==
p	1191040953	SG9sZVJvY2tfb3BlbmluZzE=
p	2131670092	UGllY2VfZ3JhdXN0ZW5fZmxvb3JfMngy
p	121256471	dmZ4X0NvbGQ=
p	508037113	c2Z4X3RyYWluaW5nZHVtbXlfaGVhdnlfYXR0YWNr
p	-993136993	dmZ4X01lYWRTcGxhc2g=
p	-115135922	c2Z4X2d1aV9tb3ZlaXRlbV92aWJyYXRlb25seQ==
p	-666264119	RXZlbnRTeXN0ZW0=
p	327186989	dmZ4X0FzaHJ1aW5fd2luZG93M19kZXN0cm95ZWQ=
p	648911439	RGVlckdvZEV4cGxvc2lvbg==
p	706263226	c2Z4X2d1aV9zZWxs
p	1116405303	YXNobGFuZF9wb3QyX3JlZA==
p	-1758232271	cGllY2VfYnJhemllcmZsb29yMDE=
p	-1148639722	dmZ4X0ZpcmV3b3JrX1JvY2tldF9QdXJwbGU=
p	-559501202	Q2VyYW1pY1BsYXRl
p	-422963506	U3BpY2VGb3Jlc3Rz
p	-242383856	SGFpcjRfMw==
p	-1664555947	QmlnUm9jaw==
p	2122368688	U3RhZmZUaHVuZGVyYmxvb2RVbmNvb2tlZA==
p	-1874475854	c2Z4X3RyZWVfZmFsbA==
p	1879442588	c2Z4X3NlYWd1bGxfaWRsZQ==
p	-1862274064	R29ibGluS2luZ19NZXRlb3Jz
p	1948832954	ZnhfYXNodmluZV9sZWFmX3B1ZmY=
p	1126707611	R3JleWR3YXJm
p	-2119951934	QXNobGFuZHNfV2FsbF8yeDI=
p	625637655	YXNod29vZF93YWxsX3Jvb2ZfMjZfdXBzaWRlZG93bg==
p	1268757825	QXJtb3JHb2xkTWVkaXVtTGVnc1VuY29va2Vk
p	-315519912	c2Z4X2dyZXlkd2FyZl9kZWVwbm9ydGhfZGVhdGg=
p	2024584599	ZGlnZ19VbnN0YWJsZUxhdmFSb2Nr
p	2139991216	SWNlX3NoaXBfNQ==
p	329862874	UGFuY2FrZXM=
p	589902282	UG90X1NoYXJkX1JlZA==
p	-432102426	c2Z4X3NlZWtlcl9icnV0ZV9hdHRhY2tfYml0ZQ==
p	1893942415	dmZ4X2ljZV9kZXN0cm95ZWRfc2hlbGY=
p	1809630058	UmFzcGJlcnJ5QnVzaA==
p	-1764538796	TWVhZEJ1Z1JlcGVsbGVudA==
p	1027054650	c2Z4X2R2ZXJnZXJfYmFsbF9zdGFydA==
p	36069558	c2Z4X2ZhbGxlbndhcnJpb3JfaHVydA==
p	-1752987035	TW9ya2hhbGxhX1N0YWlyc19naWFudF9zaG9ydA==
p	1959543190	c2Z4X21vb3NlX2F0dGFja19tZWxlZV93aG9vc2g=
p	-2117703061	dHVyZl9yb29mX3dhbGw=
p	-1198713900	TW91bnRhaW5LaXRfYnJhemllcl9wdXJwbGU=
p	121363955	c2hpcHdyZWNrX2thcnZlX2JvdHRvbWJvYXJkcw==
p	-1432441312	QmxhY2t3b29k
p	2048566404	TW9ya2hhbGxhX1dhbGxfMjBfYnJva2VuMw==
p	-2027827654	ZnJvemVuc2hpcA==
p	-1932932113	Y2F1bGRyb25fZXh0M19idXRjaGVydGFibGU=
p	-1124029525	UGxheWVyX3JhZ2RvbGw=
p	-271887136	U3RhcnRHdWlfQ3JlZGl0cw==
p	1162515240	TXVzaWNfSGFsZG9y
p	492991289	ZnhfQm9uZmlyZUZsYW1lc19Mb3c=
p	2101883415	dmZ4X2ZlbnJpbmdfZGVhdGg=
p	-2106399042	VWx2X2F0dGFjazFfYml0ZQ==
p	345365581	cGllY2VfZHJhd2JyaWRnZV9sb2c=
p	2145085185	VHJpbmtldEJsYWNrU3RhbWluYQ==
p	-1753055703	c2Z4X3NrZWxldG9uX2hpbGRpcl9kZWF0aA==
p	-599910919	Qm9uZW1hd1NlcnBlbnRfYnJlYXRoX2FvZQ==
p	-222640999	c2Z4X2dhbWVsdHJvbGxfbWVsZWVfYXR0YWNr
p	1019966726	Ym9uZW1hc3NfYXR0YWNrX3Rocm93
p	1400949664	SXJvbg==
p	-951090096	ZnhfU3RhZmZTaGllbGRfQnJlYWs=
p	-1318346397	U3RhZmZTa2VsZXRvbg==
p	-2047033831	c2Z4X3NrZWxldG9uX2hpbGRpcl92ZXJzZV9hdHRhY2s=
p	-1689316290	ZnhfYmxhc3RmdXJuYWNlX2JsYXN0
p	-992176666	SWNlX3NoaXBfMw==
p	1520072291	S25pZmVWb2lk
p	1577361568	Qm9uZVBpbGVTcGF3bmVy
p	-919079065	V3JpdGhhbg==
p	369873936	c2Z4X0hpdmVRdWVlbl9zbGFzaA==
p	1098679429	QmFya2FfV2hpcFNsYW0=
p	1545578751	c3RhZmZfT3Jib2ZBaHJpX3Byb2plY3RpbGU=
p	636683973	ZnhfRHZlcmdlck1hZ2VfU3VwcG9ydF9zdGFydA==
p	1247702357	QXJtb3JNYWdlQ2hlc3RfQXNobGFuZHM=
p	697599938	V3JpdGhhblJvb3Rz
p	-1204919892	c2Z4X2JhdF9pZGxl
p	-1294051465	cHJvcF9pdGVtc3RhbmQ=
p	-489349787	c2Z4X2ZhZGVyX3NwYXduX21ldGVvcl9hcnJpdmFs
p	1644571806	UGlja2FibGVfQm9nSXJvbk9yZQ==
p	-2035958018	RldfQXhlQnJvbnpl
p	-1815933211	ZXZlbnR6b25lX2dka2luZw==
p	-586670753	SGFpcjE1XzI=
p	-668392521	c2Z4X2Zyb3plbmtpbmdfYXR0YWNrbWVsZWVfZG91YmxlX3dob29zaF9mb2xsb3c=
p	-1923055250	TW9ya2hhbGxhX01ldGFsQmFy
p	-859735150	T0xEX1BTR2FtZXBhZE1hcA==
p	1063409303	c2hhbWFuX2hlYWxfYW9l
p	-1543667613	REdfRm9ydHJlc3NSdWlucw==
p	-1361115304	SGVsbWV0SGF0OA==
p	1645551772	ZGFya3dvb2Rfcm9vZl90b3BfNDU=
p	1790203521	Q2FwZVRlc3Q=
p	-1626064145	dHJvbGxfc3VtbW9uZWRfcHVuY2g=
p	-1077036934	dmZ4X2JvbmVtYXdzZXJwZW50X2RlYXRo
p	1600378975	dmZ4X3BsYXllcl9kZWF0aA==
p	405688673	RmlzdEJqb3JuVW5kZWFkQ2xhdw==
p	280157711	c2Z4X2J1aWxkX2hhbW1lcl9tZXRhbA==
p	-1045975014	c2Z4X1dpc2hib25lUGluZ19jbG9zZXI=
p	-610909483	Y2hhcnJlZF9keXJud3luX2dyZWF0c3dvcmRfc3dpbmc=
p	112360646	Um9ja19kZXN0cnVjdGlibGU=
p	1918846796	UHVuZ2VudFBlYmJsZXM=
p	-249968000	QmxvYkVsaXRl
p	1043840415	SGFpcjU=
p	-1809398735	dmZ4X2ljZWN1YmVfZGVzdHJveWVk
p	1124696762	c2Z4X21ldGFsX2Jsb2NrZWQ=
p	-1172770058	QmF0X1N3YW1w
p	-404310066	TGFzdEJvc3NHYXRlX1JvdGF0b3I=
p	222489465	VHJvcGh5U2Vla2VyUXVlZW4=
p	1525382458	R29ibGluRGVlcE5vcnRo
p	2130407051	c2Z4X2Zyb3plbmtpbmdfcHVuY2hhb2VfcHVuY2hfc2Vjb25k
p	-1305624287	c2Z4X3VpX3BsYXllcl9maXJlZGFtYWdlX2lnbml0ZQ==
p	-1490674740	c2Z4X2Fza3N2aW5fZm9vdHN0ZXA=
p	1531652172	RldfQ2FwZVRyb2xsSGlkZQ==
p	1550152080	c2Z4X3Ryb2xsX2RlYXRo
p	-687491193	Q29va2VkTG94TWVhdA==
p	-896075362	dHJvbGxfcHVuY2g=
p	680319254	Qm9nV2l0Y2hfVGFsaXNtYW4z
p	-624406308	YmVlY2hfbG9nX2hhbGY=
p	1659574845	c2Z4X3JvY2tfaGl0
p	789326860	c2Z4X2Vpa3RoeXJfaGl0
p	1885444557	SGVsbWV0UGFkZGVk
p	1409301300	QXJtb3JEcmVzczg=
p	995698652	TmVja19CaXRlQXR0YWNr
p	547477602	YmxhY2ttYXJibGVfc2xvcGVfMXgy
p	-1378519326	S25pZmVTaWx2ZXI=
p	-1156696888	ZnhfYmxvY2tfY2Ftc2hha2U=
p	737206530	VGVuZHJpbA==
p	-1566278426	Z2lhbnRfYXJt
p	940750515	Q2xvdWRiZXJyeUJ1c2g=
p	1145854360	c2Z4X2NoaWNrZW5fZGVhdGg=
p	345076615	Qm9uZW1hd1NlcnBlbnRfc3BpdA==
p	-1147234236	VHJlYXN1cmVDaGVzdF9tZWFkb3dzXzAy
p	1240122039	TW9vc2VIaWRl
p	769777628	UHJvdXN0aXRlUG93ZGVy
p	-1372830262	c2Z4X2dqYWxsX3RpY2tfZHJvcA==
p	439816634	Z2phbGxfYXR0YWNrX3NwaXQ=
p	-15162285	Y2F2ZXJvY2tfaWNlX3N0YWxhZ3RpdGVfZmFsbGluZw==
p	1839036508	QXJtb3JSb290TGVncw==
p	-2015538150	c2Z4X2ZhZGVyX21ldGVvcl9pbXBhY3Q=
p	1525438001	ZnhfZmVucmluZ19mcm9zdF9oYW5kX2FvZXN0YXJ0
p	-1499090540	c2Z4X2ZhbGxlbnZhbGt5cmllX2F0dGFja19zcGl0X3Byb2plY3RpbGVfaW1wYWN0
p	235790305	TXVzaWNfQm9nV2l0Y2g=
p	1565498190	c2Z4X2ltcF9oaXQ=
p	198273643	cm9ja19h
p	1043840421	SGFpcjM=
p	-2144743972	YmxhY2tmb3JnZV9leHQ1X2Fwcm9u
p	1210376161	ZnhfR1BfQWN0aXZhdGlvbg==
p	-1869503815	cGllY2VfQ2hhcnJlZF9CYWxpc3Rh
p	2089897355	V2FsbFNub3c0
p	-169683730	QWx0QmlvbWVzX0VyaWs=
p	753665331	dmZ4X2RyYWdvbl9mb290c3RlcF9zbm93
p	1848449852	dmZ4X2NvcnBzZV9kZXN0cnVjdGlvbl9sYXJnZQ==
p	1067573861	SWNlU2hlbGZfMDU=
p	-1211430499	c2Z4X2dsb3d3b3JtX3BpY2t1cA==
p	-680205917	dHJvbGxzbm93X3B1bmNo
p	-908234027	c2Z4X3N3b3JkX2hpdA==
p	-344082900	U2hpZWxkU2VycGVudHNjYWxl
p	-338676979	YXNwZWN0X2JvbmVtYXNzX2FvZQ==
p	1090343548	c2Z4X2RyYWdvbl9kZWF0aA==
p	-20868409	U29mdHRpc3N1ZQ==
p	-971799304	QXRnZWlyQnJvbnpl
p	1838267156	U3Bhd25lcl9Hb2JsaW5CcnV0ZQ==
p	993449171	bGF2YWJvbWJfcm9jazE=
p	-1456679668	TG9uZ1ByZXNzUmFkaWFs
p	1806692262	QXNobGFuZHNfUGlsbGFyNF90aXAyX2Jyb2tlbjE=
p	-1667815645	TW9yZ2VuX3N3aXBlXzM=
p	-1720584471	U3Bhd25lcl9IYXRjaGxpbmc=
p	-1849905355	TW9ya2hhbGxhX1dhbGxfYnJva2VuX3JpZ2h0
p	228563121	U3BlYXJXb2xmRmFuZw==
p	-1129264550	dmZ4X3N0dWJiZQ==
p	-1731885789	Z29ibGluX3RyYXNocGlsZV9kZXN0cnVjdGlvbg==
p	1956906669	VHJpbmtldEJsb29kR29sZEhlYWx0aA==
p	-15800596	ZmFsbGVudmFsa3lyaWVfcG9pc29uYnJlYXRo
p	1029945383	c2Z4X2R2ZXJnZXJfZm9vdHN0ZXBz
p	-726883941	RldfQXJtb3JNYWdlQ2hlc3RfQXNobGFuZHM=
p	1612136656	dmZ4X1dhdGVySW1wYWN0X0thcnZl
p	1382627167	c2Z4X3J1bmVzdG9uZV9hY3RpdmF0ZQ==
p	-922407394	VHJlYXN1cmVDaGVzdF9wbGFpbnNfc3RvbmU=
p	-1575599085	RnJvemVuS2luZ19DaGFpblNsYW1fUl9kb3VibGU=
p	-510105900	ZnhfYXNodmluZV9kZXN0cnVjdGlvbg==
p	1959623809	QXJtb3JMb3hMZWdz
p	1422273664	cm9jazJfbW91bnRhaW5fZnJhYw==
p	901120601	c2Z4X3dyYWl0aF9oaXQ=
p	412021611	UGlja2FibGVfVGFyQmln
p	-1292410483	RmlzaENvb2tlZA==
p	55346721	c2Z4X0hpdmVRdWVlbl9jYWxsb3V0
p	-848297705	c3RhdmVfYmVhbV80bQ==
p	-1377490013	c2Z4X3NrZWxldG9uX2hpbGRpcl9hdHRhY2tfc2tpbGw=
p	987327610	c2Z4X2R2ZXJnZXJfdm9faWRsZQ==
p	1966933295	Q2luZGVyX2NhbXBmaXJl
p	-1449951241	Qm9tYlNpZWdl
p	562520746	ZHZlcmdydG93bl9iYXNl
p	-1360440141	U3RvbmVHb2xlbV9jbHVicw==
p	1894764505	SGFpcjIx
p	-181506772	Qmpvcm5NZWF0
p	-523056075	d29vZHdhbGw=
p	320804257	Z2phbGxfYXR0YWNrX2VnZw==
p	693601149	R29ibGluU2hhbWFuX3Byb3RlY3RfYW9l
p	548904977	QnVzaDAx
p	976494937	c2Z4X2ZpcmVfbG9vcA==
p	-274271974	ZnhfVG9yY2hfQmx1ZQ==
p	1859362075	c2Z4X2Jsb2JfaGl0
p	960975219	RW5lbXlfQmFya2FfQXR0YWNrX1doaXBTbGFt
p	1219941843	V2lzaGJvbmU=
p	454410833	R29ibGluU2hhbWFuX0hlYWRkcmVzc19hbnRsZXJz
p	24503566	RHZlcmdlclN0YWZmSWNl
p	776046082	Q2hhcnJlZF9NZWxlZV9SYWdkb2xs
p	95564088	dmZ4X3dvb2RfZnJvc3Rfc3RhY2tfZGVzdHJveWVk
p	696105667	Z2RraW5nX3Jvb3RfcHJvamVjdGlsZQ==
p	806378384	ZnJvemVuc2hpcDAy
p	2053765929	YXJiYWxlc3RfcHJvamVjdGlsZV9jYXJhcGFjZQ==
p	-21621472	TW9ya2hhbGxhX1N0YXR1ZVBpZWNlTGVnc19iaWc=
p	423064375	d29vZF93YWxsX3Jvb2ZfYQ==
p	-1419925661	ZHZlcmdydG93bl9oZWFkMDI=
p	1547817329	Zm9yZ2VfZXh0Ng==
p	-2116739576	VHJpbmtldEZsYW1ldGFsU3RhbWluYUhlYWx0aA==
p	-1046853649	TW9ya2hhbGxhX01ldGFsUGlsbGFy
p	611243602	QXNobGFuZHNfV2FsbF8yeDJfZWRnZQ==
p	-717821618	b2ZmZXJhbHRhcl9kcmFnb24=
p	1105318522	c2Z4X3RyZWVfZmlyZWRhbWFnZV90aWNr
p	-759801912	c2hpcHdyZWNrX2thcnZlX2NoZXN0
p	2039027733	c2Z4X2xldmVsdXA=
p	1868061717	QmlyY2hfbG9nX2hhbGY=
p	1944157002	RmlyZXdvcmtzUm9ja2V0X0N5YW4=
p	-1076035880	ZnhfaW52dXBncmFkZQ==
p	-888115219	cGllY2VfZ3JhdXN0ZW5fc3RvbmVzdGFpcg==
p	-2061081470	R3JleWR3YXJmX0Zyb3plbg==
p	-640346581	VHJvcGh5TmVjaw==
p	-2105058140	Um9ja18zX3N0YXRpYw==
p	-1214978310	cGllY2VfbG9nYmVuY2gwMQ==
p	-1170233273	RGVlclN0ZXc=
p	-446338937	ZnhfZnJvemVua2luZ19zcGlrZXNtYXNo
p	-115058842	c2Z4X2p1bXBfdmlicmF0aW9uX29ubHk=
p	1525744211	QXJtb3JHb2xkSGVhdnlIZWxtZXRVbmNvb2tlZA==
p	1972031175	U21va2VkRmlzaA==
p	-828424298	c2Z4X2VsYWtpbmdfYXR0YWNrX2p1bXBfaW1wYWN0
p	-427787859	c25vd193YWxrX21lZGl1bQ==
p	1150553121	c2Z4X2pvdHVud2l0Y2hfYXR0YWNrYmFsbA==
p	-1471593253	UGlja2FibGVfU3RvbmU=
p	-288469621	VHJvcGh5U2Vla2VyQnJ1dGU=
p	-1741307523	ZnhfRHZlcmdlck1hZ2VfTWlzdGlsZVNwYXdu
p	-349799969	c2Z4X2JvbWJsYXZhX3JvY2tz
p	2052455688	U3dhbXBUcmVlMl9kYXJrbGFuZA==
p	1495801961	U1BfQXJtb3JGZW5yaW5nQ2hlc3Q=
p	-1022715103	c2Z4X2NvaW5zX3BpbGVfcGxhY2Vk
p	-2106959121	c2Z4X2RyYWdvbl9jb2xkYmFsbF9leHBsb2Rl
p	1665022907	SGFpcjMzXzI=
p	-232447725	c2Z4X3N0YWZmX2VsZGVyX2Nhc3Q=
p	-745859942	UnVuZVN0b25lX0JvbmVtYXNz
p	-472153373	c2Z4X0Fib21pbmF0aW9uX0F0dGFjazJfc2xhbV93aG9vc2g=
p	2112410193	ZnhfYmF0X2RlYXRo
p	-881616646	RmVhc3RPY2VhbnM=
p	1430662481	R1VJQnV0dG9u
p	765098521	c2Z4X21ldGFsYmFyc19icmVhaw==
p	-23234051	QmxhY2tJY2VTaGFyZF8wMg==
p	-481743960	Y2F2ZXJvY2tfaWNlX3dhbGxfZGVzdHJ1Y3Rpb24=
p	-1881827249	cHJvcF9Ucm9waHlHb2JsaW5TaGFtYW4=
p	309806594	dmZ4X2dvYmxpbl9kbl9kZWF0aA==
p	314494768	TW9sZEZpc3R3ZWFwb24=
p	1888625450	c2Z4X0dvYmxpblNoYW1hbl9pZGxl
p	-2099453372	TW9ya2hhbGxhX0JlbmNo
p	-550229671	RmlzaGluZ0JhaXRNaXN0bGFuZHM=
p	37888450	QmVhcmQy
p	388131667	ZmVucmlyaGlkZV9oYW5naW5n
p	-488040324	c2Z4X2Zvb3RzdGVwX2ljZV93YWxr
p	-1994334516	c2Z4X2d1aV9idXR0b25fdmlicmF0ZW9ubHlfaGVhdnk=
p	1080775478	c2Z4X2ZhZGVyX2JlbGw=
p	-697009920	TW9ya2hhbGxhX2dpYW50X3JhaWxpbmdfY29ybmVy
p	562073451	ZnhfYWx0YXJfY3J5c3RhbF9kZXN0cnVjdGlvbg==
p	-818098670	RXh0ZXJpb3JHYXRld2F5
p	1285232666	dmZ4X2dyZXlkd2FyZm5lc3RfZGVzdHJveWVk
p	1183883792	cnVnX2JvZ3dpdGNoX2Z1cg==
p	749341040	UGluZVRyZWVfbG9nX2hhbGZPTEQ=
p	-1300399715	c2Z4X3N0b25lZ29sZW1fYWxlcnRlZA==
p	-877622719	U3RvbmVHb2xlbV9oYXQ=
p	1813676922	c2Z4X2dvYmxpbmJydXRlX2RlYXRo
p	1247363526	dmZ4X1BsYWNlX2RpZ2c=
p	-2068097986	ZHZlcmdycHJvcHNfd29vZF9iZWFt
p	-1759310757	X1Jvb21MaXN0X0hvbGU=
p	-1417255809	ZnhfaWNlZmxvb3JfZGVzdHJ1Y3Rpb24=
p	-1314061137	SGVsbWV0SGF0Mw==
p	-807321152	Z2phbGxfZWdnX3NwYXdu
p	512524077	TWVudVpvbmU=
p	-1630963917	RmlzaGluZ0JhaXRGb3Jlc3Q=
p	1213685060	U2hpbW1lcmluZ1NhbmRfcm9ja19mcmFj
p	1049676595	c2Z4X2Zyb3plbmtpbmdfc3Bpa2VyYWluX2ZseWJ5
p	-1938953220	dmZ4X2NhdGFwdWx0X2xlZ2Rvd24=
p	-1046192253	cGllY2VfY2xvdGhfaGFuZ2luZ19kb29y
p	1308558182	U3Bhd25lcl9HaG9zdF9zbGVlcGluZw==
p	166067233	ZnhfZmVucmluZ19mcm9zdF9oYW5k
p	637000287	VHJlYXN1cmVDaGVzdF9tb3VudGFpbmNhdmU=
p	172096595	TW9ya2JvcmdfZ2F0ZQ==
p	145545524	c2Z4X2R2ZXJnZXJfaGVhbF9maW5pc2g=
p	546343932	TW9ya2hhbGxhX1N0YXR1ZVN3b3JkX2hhbmdpbmc=
p	-742594558	cGllY2VfYmFubmVyMDM=
p	624084809	Y2xpZmZfYXNobGFuZHMzX0FyY2hfMQ==
p	1587788081	c2Z4X2R2ZXJnZXJfc3RhZmZfa29sdmF0dGFja19mb2xleQ==
p	1224459144	dmZ4X2NsdWJoaXQ=
p	968020386	dW5iam9ybl9zd2lwZV9y
p	1702262777	QmlvbWVGb3VuZE1lc3NhZ2U=
p	-1035090735	U2tlbGV0b24=
p	-230117153	QXNobGFuZHNfUnVpbnNfdHdpc3RfUGlsbGFyQmFzZVNtYWxs
p	578174178	dW5iam9ybl9zbGFt
p	963718482	YXNwZWN0X2dkX2tpbmdfc2NyZWFt
p	1577834926	U3Bhd25lcl9Xcml0aGFu
p	-1172288417	RnJvc3R3b29k
p	-381836656	U3RhcnRHdWlfU3RhcnRHYW1l
p	-994544290	dmZ4X2Jsb2Jtb3JrX2RlYXRo
p	-1396722838	c2Z4X3JhdmVuX2ZsYXA=
p	1248443675	dmZ4X3Vsdl9kZWF0aA==
p	-366093339	Sm90dW5IYWlyTWFsZTg=
p	-2025415501	c2Z4X2ZlbnJpbmdfanVtcF9zdGFydA==
p	-1521618932	Ym93X3Byb2plY3RpbGVfZmxpbnQ=
p	1313230286	b2Rpbg==
p	-974469312	U1BfQXJtb3JUcm9sbExlYXRoZXJMZWdz
p	-1194194392	cnVnX3N0cmF3
p	995331031	U3dvcmRCcm9uemU=
p	948710046	RmVhc3RNaXN0bGFuZHNfTWF0ZXJpYWw=
p	2086679503	dmZ4X2JvYXJfaGl0
p	1268841887	QmVlY2hfc21hbGwy
p	-1734052311	c2Z4X2Vpa3RoeXJfYXR0YWNr
p	52560671	c2Z4X2RyYWdvbmVnZ19kZXN0cm95
p	-1462438309	RHZlcmdlckFyYmFsZXN0X3Nob290
p	441267892	cGllY2VfdGFibGVfcm91bmQ=
p	1257287840	c2Z4X2J1aWxkX2N1bHRpdmF0b3I=
p	551208811	VHJhaW5pbmdEdW1teV90aHJvd19wcm9qZWN0aWxl
p	372906951	YXNod29vZF93YWxsX2JlYW1fMjY=
p	1298442264	c2Z4X2NoYXJyZWRfbWFnZV9hdHRhY2tfaW1wYWN0
p	1222861038	Ym9nd2l0Y2hfYmFycmVs
p	2113433077	dmZ4X0NoYXJyZWRCYW5uZXIxX2Rlc3Ryb3llZA==
p	-1821084197	c2Z4X2Ryb3A=
p	-2013236576	U3Vua2VuS2l0X2ludF93YWxsXzJ4NA==
p	1623111531	c2Z4X2R2ZXJnZXJfaGVhbF9zdGFydA==
p	-2143218796	Q29wcGVyU2NyYXA=
p	-2013304865	c2Z4X2JvYXJfbG92ZQ==
p	1463772894	U3Bhd25lcl9UaWNr
p	-1123249435	c2Z4X2dhbWVsdHJvbGxfc3RvbXBfYXR0YWNrX2ltcGFjdA==
p	1645765767	QXNobGFuZHNfUGlsbGFyNA==
p	-1526907957	VHJlYXN1cmVDaGVzdF9tZW1vcmlhbF9idXJpZWQ=
p	968020356	dW5iam9ybl9zd2lwZV9s
p	-1210383676	cGllY2VfY2hlc3RfZ3JhdXN0ZW4=
p	-957080763	cGllY2VfZHZlcmdyX21ldGFsX3dhbGxfMngy
p	1818106745	SGVsbWV0SGF0NQ==
p	1366201699	R3JleWR3YXJmX3NoYW1hbl9hdHRhY2s=
p	-1549286301	TW9ya2hhbGxhX2JyaWRnZUJyb2tlblJhbmRvbQ==
p	-797439003	YmxhY2tmb3JnZV9leHQx
p	1526019331	dmZ4X2R2ZXJncl9iZWFtX2Rlc3Ryb3llZA==
p	657849680	QmxvYk1vcmtCaWc=
p	240101467	SGFpcjMyXzM=
p	-268438304	U3Bhd25lcl9XcmFpdGg=
p	-1659806456	TXVzaWNfTWVhZG93c1ZpbGxhZ2VGYXJt
p	762612465	VEhTd29yZEdvbGQ=
p	1768661069	dmZ4X2Nyb3dfZGVhdGg=
p	-967893749	c2Z4X2pvdHVud2l0Y2hfZG9kZ2U=
p	187194532	REdfSGlsZGlyX0ZvcmVzdENyeXB0
p	312503353	cHJvcF9Ucm9waHlHcmV5ZHdhcmY=
p	-2140639629	U3Bhd25lcl9CbG9iVGFy
p	-960574442	c2Z4X3dvbGZfYWxlcnRlZA==
p	-1604747010	dmZ4X2d1YXJkc3RvbmVfY29ubmVjdGlvbg==
p	-1256110725	SG9uZXlHbGF6ZWRDaGlja2VuVW5jb29rZWQ=
p	-2074455458	TWFjZUlyb24=
p	-1963426964	U3dvcmRHb2xkX0Zyb3N0RmlyZQ==
p	645080282	QXNobGFuZHNfUnVpbnNfRmxvb3JfNng2
p	-1278854365	RHZlcmdlckhhaXJGZW1hbGVfUmVkaGFpcg==
p	-1087702531	TW9ya2hhbGxhX1N0YXR1ZV9yYW5kb21fc3RhbmRpbmc=
p	431957686	ZHJhZ29uX3RhdW50
p	752202755	Ym93X3Byb2plY3RpbGVfcG9pc29u
p	873086358	U3Bhd25lcl9Wb2x0dXJl
p	-332698626	YXNod29vZF9iZWFtXzFt
p	-1681632858	U3BlYXJXb29k
p	-1700695496	U3Bhd25lcl9Cam9ybl9zbGVlcGluZw==
p	-817046848	Qm93R29sZA==
p	-1828334774	U2Vla2VyUXVlZW5fQ2FsbA==
p	-1409422610	c2Z4X2NoYXJyZWRfbWVsZWVfYXR0YWNrX3N3aW5n
p	122781979	UHJvcEZlYXN0RGVlcE5vcnRo
p	-1600033845	U3Bhd25lcl9DdWx0aXN0
p	2120058096	RmlzaGluZ0JhaXQ=
p	1838201380	SW50ZXJpb3JFbnZpcm9ubWVudFpvbmVGb3JjZQ==
p	-849145139	dmZ4X3NsZWRnZV9oaXQ=
p	-135688039	ZnhfZmVucmluZ19mcm9zdA==
p	270255633	ZHZlcmdycHJvcHNfc2hlbGY=
p	1058170771	U3Bhd25lcl9DdWx0aXN0X0hpbGRpcl9ib3Nzcm9vbQ==
p	1121438395	c2Z4X2hhcmVfaWRsZQ==
p	-90428465	c2Z4X1B1a2VfbWFsZQ==
p	461345558	dmZ4X25lY2tfaGl0
p	-742275773	SW50ZXJpb3JFbnZpcm9ubWVudFpvbmU=
p	-97147916	U3RhZmZGcm9zdE9yYnM=
p	57218736	c2Z4X2VsYWtpbmdfZGVhdGg=
p	-2102914493	QXJtb3JQYWRkZWRDdWlyYXNz
p	-2099405958	QXJtb3JHb2xkTWFnZUhlbG1ldFVuY29va2Vk
p	-1958435742	QmVhcmQxMQ==
p	-2110071609	c2Z4X2ZsYW1ldGFsZ2F0ZV9kb29yX2Nsb3Nl
p	-877074748	TWVudV9QaW5lVHJlZQ==
p	1253270339	Q3JlZXBQcm9wX2VnZ19oYW5naW5nMDI=
p	-367866354	RmlyVHJlZV9zbWFsbF9kZWFk
p	-112770717	c2Z4X2RyYXVncl9oaXQ=
p	1109531738	SWNlU2hhcmRfMDY=
p	2075352572	TW9sZEF4ZTJI
p	-1956821252	VHJvcGh5Sm90dW5XYXJyaW9y
p	-1383942056	c2Z4X2pvdHVud2Fycmlvcl9pbXBhY3RfZmxlc2g=
p	1891326198	QXNobGFuZHNfUGlsbGFyNF90aXAz
p	-364332763	RldfU3dvcmRCbGFja21ldGFs
p	1167933866	R29ibGluU2hhbWFuX1N0YWZmX0JvbmVz
p	118280423	ZnhfbGF2YWJvbWJfZXhwbG9zaW9u
p	1565156094	dmZ4X2JvbmVzX3BpY2s=
p	-1914944657	dmZ4X2RlZXJfaGl0
p	-2073871746	U2VycGVudF9hdHRhY2s=
p	-598866321	THVyZWRGYWRlckVtYmVy
p	1176508993	QXNobGFuZHNUcmVlTG9nSGFsZjI=
p	1721144258	ZnhfcmVmaW5lcnlfYWRkdGlzc3Vl
p	-1757804581	Y2hhcnJlZF9ncmVhdHN3b3JkX3RocnVzdA==
p	1772378325	c3Bhd25fcm9vdHM=
p	1362270802	dHJvbGxfdGhyb3c=
p	-1499117535	d29vZGlyb25fYmVhbQ==
p	2135074485	dmZ4X1dhdGVySW1wYWN0X1Zpa2luZ1NoaXA=
p	2114241932	dmZ4X3BsYXllcl9oaXQ=
p	614676710	ZnhfYXNrc3Zpbl9wZXQ=
p	-366938831	Q2FyZ29DcmF0ZQ==
p	-516448493	c21va2Vib21iX2V4cGxvc2lvbg==
p	-1540300547	c3RhdmVfZGVjb19iZWFtXzQ1
p	163230065	c2Z4X3dvbGZfYXR0YWNrX2hpdA==
p	-1785312200	c2Z4X2F4ZV9mbGludF9oaXQ=
p	-1753872638	c2hpcHdyZWNrX3Zpa2luZ3NoaXBfcmVhcg==
p	-1299706766	Z29ibGlua2luZ190b3RlbWhvbGRlcg==
p	-1088330209	TW9ya2hhbGxhX1N0YXR1ZVN3b3Jk
p	697899381	Qm9hcl9zcGlyaXRjYWxsZXI=
p	-1899504733	Q2xvdWRiZXJyeQ==
p	1420867464	cGllY2Vfd29ya2JlbmNoX2V4dDI=
p	-2008070405	U3Bhd25lcl9DaGFycmVkU3RvbmU=
p	1894220146	dmZ4X2JvbmZpcmVfQWRkRnVlbA==
p	-367936265	U1BfQXJtb3JUdW5pYzU=
p	-1351421259	U3Bhd25lcl9DaGFycmVkU3RvbmVfRWxpdGU=
p	500888217	ZnhfQWJvbWluYXRpb25fYXJpc2VfZW5k
p	408986256	QXNobGFuZHNfQXJjaDE=
p	724468252	c2Z4X3RyZWVfaGl0
p	-713949142	dmZ4X2tpbG5fcHJvZHVjZQ==
p	1472612417	cnVnX2hhcmU=
p	-1369030163	dmZ4X2FzcGVjdF9zdW1tb25lZF9wcmVzcGF3bg==
p	-358052686	YmxhY2tmb3JnZV9leHQyX3Zpc2U=
p	-1237836442	RmVucmluZ19DdWx0aXN0
p	-799092397	cGllY2VfbWFnZXRhYmxlX2V4dA==
p	-1374614442	TW9ya2hhbGxhX2pvdHVuX2dhdGU=
p	-1780822866	c2Z4X2R2ZXJnZXJfc3RhZmZfcG9rZV9mb2xleQ==
p	1082301488	dmZ4X3Ryb2xsX3N1bW1vbmVkX2RlYXRo
p	-900525651	Znhfc3RvbmVfTF9kZXN0cm95ZWQ=
p	-1500798695	RnJvemVuS2luZ19DaGFpblNsYW1fUg==
p	-1819695760	U3RhZmZPcmJvZkFocmk=
p	213347242	dmZ4X2dyZXlkd2FyZl9oaXQ=
p	-1239285227	dmZ4X1BvdGlvbl9oZWFsdGhfbWVkaXVt
p	1451211449	TWVtb3JpYWxTdG9uZV9NZWRpdW0=
p	970414861	RHZlcmdlckhhaXJGZW1hbGU=
p	-1351226314	ZGFya3dvb2RfcG9sZQ==
p	-1434781064	c2Z4X2VsYWtpbmdfc3Bhd25lcl9pZGxlX2xvb3A=
p	1879699251	YXNwZWN0X0ZhZGVyX1dhbGxPZkZpcmVfU3Bhd24=
p	1803366038	Y29hbF9waWxl
p	926881886	U3RvbmVSb2Nr
p	-907718016	c2Z4X3dyaXRoYW5fdmVyc2VfYXR0YWNr
p	-1896774405	dmZ4X2Jhcl9hbmNpZW50bWV0YWxfc3RhY2tfZGVzdHJveWVk
p	-2040255997	VG9wTGVmdE1lc3NhZ2U=
p	-1599153329	VHVycmV0Qm9sdEZsYW1ldGFs
p	1565008832	c2Z4X3dyaXRoYW5fc3RlcA==
p	-1966747193	S2FsZQ==
p	-301745344	d3JpdGhhbl9iaXRl
p	-1182933197	UGlja2FibGVfRmxheA==
p	637884508	ZGlydGZsb29yZmxhdA==
p	801248271	Q2hhcnJlZF9Ud2l0Y2hlcl9TdW1tb25lZA==
p	1138462848	U2Vla2VyQnJ1dGVfcmFt
p	336792979	VHJvcGh5U2tlbGV0b25IaWxkaXI=
p	-800515728	Qm9nV2l0Y2hfQ2F1bGRyb24=
p	786261919	c2Z4X2RlZXJfZGVhdGg=
p	395505260	RmVucmluZ19hdHRhY2tfSWNlTm92YQ==
p	-1290868190	dmZ4X2RlZXJfZGVhdGg=
p	-882071934	dmZ4X1BsYWNlX2Zvcmdl
p	224753756	VHJvcGh5RHJhdWdyRWxpdGU=
p	1989629393	TW9ya2hhbGxhX1N0YXR1ZVBpZWNlTGVncw==
p	-1206138022	c2FwbGluZ19wb3RlaXRy
p	-1636733362	UGluZVRyZWVfbG9nT0xE
p	-2092967398	QXJtb3JUdW5pYzI=
p	341368065	dmZ4X0ZpcmV3b3JrX1NwYXJrbGVy
p	2072888774	ZmxpbnRfcGlsZQ==
p	-2043959483	UGlja2FibGVfRHZlcmdyU3RlaW4=
p	-108963526	RmVhc3RNaXN0bGFuZHM=
p	-1891388017	c2Z4X2Zyb3plbmtpbmdfdGVuZHJpbF9kZWF0aA==
p	705284766	RGVlckhpZGU=
p	-626665322	c2Z4X2RyYWdvbl9jb2xkYmFsbF9zdGFydA==
p	-1590213047	Z2lhbnRfcmlic19mcmFj
p	770978985	cGllY2VfYmxhY2t3b29kX2JlbmNoMDE=
p	-1351158385	RmlyVHJlZV9CaWdfbG9n
p	1275957400	R2F0ZXdheQ==
p	-1170674848	UGlja2FibGVfRHZlcmdyTGFudGVybg==
p	-1073412722	Q2hhcnJlZF9NZWxlZQ==
p	-1603971610	QXhlQmVyemVya3JOYXR1cmU=
p	-1515693285	c2Z4X2Jvd2xfQWRkSXRlbQ==
p	2109981969	cGllY2VfYmF0aHR1Yg==
p	-2081011024	UGlja2FibGVfRm9yZXN0Q3J5cHRSYW5kb20=
p	102110366	c2Z4X2xlZWNoX2lkbGU=
p	1402575762	aW5zdGFuY2VkX2FzaGxhbmRzX2dyYXNzX2xvbmc=
p	-513312994	c3RvbmVfd2FsbF9ydWluXzI=
p	1523273001	ZnhfYm9zc3N0b25lX2FjdGl2YXRlX0RyYWdvblF1ZWVu
p	190225431	U2FsYWQ=
p	431123838	c25vd193YWxrX2JpZw==
p	1109171164	RHZlcmdlcl9tZWxlZQ==
p	-1325982474	SGFpcjMyXzI=
p	608355836	c2Z4X2Zyb3plbmtpbmdfZmx5X2xvb3A=
p	954257513	R3JleWR3YXJmX2F0dGFja19mcm96ZW4=
p	-161144371	VHJlYXN1cmVDaGVzdF9tb3VudGFpbnM=
p	-347900713	SXJvbnBpdA==
p	1325034399	U3RhdHVlVGhvcl9icm9rZW5fdG9w
p	970873363	dmZ4X2Jhcl9zaWx2ZXJfc3RhY2tfZGVzdHJveWVk
p	-630804645	ZXZlbnR6b25lX2dvYmxpbmtpbmc=
p	-2070887160	dmZ4X1BsYWNlX3dvb2Rfc3RhaXI=
p	1643175358	U3Vua2VuS2l0X2ludF93YWxsXzR4NA==
p	-2092967401	QXJtb3JUdW5pYzU=
p	1542849890	QmxhY2tJY2VTaGFyZF8wMQ==
p	-1300178014	UGllY2VfZmxhbWV0YWxfcGlsbGFy
p	909409741	c2Z4X2xveF9jaGV3Mg==
p	-31591620	cHJvcF9oZWFydGg=
p	1479220028	UmFzcGJlcnJ5
p	-803714842	UGlja2FibGVfRHZlcmdyTWluZVRyZWFzdXJl
p	-772726327	RmlzaGluZ0JhaXREZWVwTm9ydGg=
p	1520650186	UGlja2FibGVfTXVzaHJvb20=
p	1199232568	c2Z4X2hhdGNobGluZ19hbGVydGVk
p	-1126505306	RmFkZXJfV2FsbE9mRmlyZV9TcGF3bg==
p	139130765	RnJvemVuS2luZ19QMl9TcGF3bl9ZYWdsdXRo
p	602801575	ZmFsbGVudmFsa3lyaWVfd2luZ3NwaW4=
p	-636214073	Qm9zc1N0b25lX1lhZ2x1dGg=
p	-2015096757	ZnhfbW9yZ2VuX3JvbGw=
p	-39209364	YXNod29vZF93YWxsX2JlYW1fNDVfYWx0
p	341673949	U3Bpcml0V29sZl9BdHRhY2sx
p	-1896715824	dmZ4X2RhcmtsYW5kX2dyb3VuZGZvZw==
p	297160194	RldfU2hpZWxkQmxhY2ttZXRhbFRvd2Vy
p	-774724014	Qm9zc1N0b25lX1RoZVF1ZWVu
p	-1697777810	QXRnZWlySXJvbg==
p	2098060403	Qm9nV2l0Y2hfTGVlY2g=
p	-1256552928	c2Z4X3RyZWVfZmFsbF9hYm9taW5hdGlvbg==
p	1246814413	VHJpbmtldEJyb256ZUhlYWx0aA==
p	1115581890	YmxhY2ttYXJibGVfc3RhaXJfY29ybmVyX2xlZnQ=
p	196003452	TW9sZFN0YWZmZnJvc3RvcmJz
p	-64865029	ZnhfZ29ibGlua2luZ192b19tZXRlb3JzMg==
p	-1380373382	QmFybGV5V2luZQ==
p	-245309624	YXNod29vZF9kb29y
p	656210618	aGVhcnRo
p	15522266	RmlyVHJlZV9iaWc=
p	151773982	c2Z4X2NoaWNrZW5faWRsZV92b2NhbA==
p	-571272069	U2tlbGV0b25fSGlsZGlyX25vY2hlc3Q=
p	751280384	Q3JlZXBQcm9wX3BpbGxhcjAx
p	-1506937391	TWVhZEJhc2VCdWdSZXBlbGxlbnQ=
p	-1825533680	c2Z4X3Ryb2xsX2Zvb3RzdGVw
p	384551699	c2Z4X2Zyb3plbmtpbmdfcHVuY2hhb2VfZGVicmlz
p	-1615338232	c2Z4X2Jsb2JfZGVhdGg=
p	551201657	Q3JlZXBQcm9wX2Ryb3Bz
p	1798606441	QXNobGFuZHNfUGlsbGFyNF90aXAzX2Jyb2tlbjM=
p	-2013798588	dHJvbGxzbm93X3B1bmNoX3I=
p	1335934803	ZnhfVGlja0Jsb29kSGl0
p	1662860094	dmZ4X2RyYWdvbl9pY2VfaGl0
p	1990120219	RmlzdEdvbGRfRnJvc3RGaXJl
p	1662279564	YXNobGFuZF9wb3QzX2dyZWVu
p	495563008	Ym93X3Byb2plY3RpbGVfY2hhcnJlZA==
p	2028136585	ZnhfQXJ0aXNhblByZXNzX1Bvb2Y=
p	972026940	bW91bnRhaW5raXRfdGFibGU=
p	15760236	ZnhfbW9vc2VfYmlydGg=
p	1943359343	c2Z4X2d1aV9pbnZlbnRvcnlfb3Blbg==
p	1714122885	dW5iam9ybl9iaXRl
p	-2069096852	ZnhfZ29ibGlua2luZ19ub3ZhX2hhbmQ=
p	-2067243634	QXNobGFuZHNfUnVpbnNfV2FsbF9XaW5kb3dfNHg2X2Jyb2tlbjM=
p	-599163751	Q2FwZUFzaA==
p	132947965	c2Z4X2NhdGFwdWx0X2NoYXJnZQ==
p	1791984981	dmZ4X2hhdGNobGluZ19odXJ0
p	-1834482220	R29ibGluS2luZ19CZWFt
p	1503400855	SGVsbWV0VHJvbGxMZWF0aGVy
p	-1781635413	U3R1bXBIdXRfZnJhYw==
p	1499142493	UnVuZVRhYmxldF9GYWRlcg==
p	-297293675	c2Z4X0hpdmVRdWVlbl9kb3VibGVzbGFzaA==
p	1115535871	VGFua2FyZEFubml2ZXJzYXJ5
p	-2113381524	QXNobGFuZHNCdXNoMg==
p	1730304736	VHJlYXN1cmVDaGVzdF9hc2hsYW5kX3N0b25l
p	748795118	c2Z4X2dyYXBwbGluZ2hvb2tfZmlyZQ==
p	717291162	SGFpcjE0XzI=
p	1625375276	RmVucmluZ19hdHRhY2tfY2xhdw==
p	730872782	VHJvcGh5SGFyZQ==
p	933333521	c2Z4X2dyZXlsaW5nX2hpdA==
p	1912309050	c2Z4X2Jsb2JsYXZhX2lkbGU=
p	1289546541	Ym9uZW1hc3NfdGhyb3dfcHJvamVjdGlsZQ==
p	-1048848365	c2Z4X2ZhbGxlbndhcnJpb3JfZGVhdGg=
p	1784349407	c2tlbGV0b25fc3dvcmRfc3dhbXBz
p	1603155848	UGlja2FibGVfU3VsZnVyUm9jaw==
p	510941886	dmZ4X2NvcnBzZV9kZXN0cnVjdGlvbl9tZWRpdW0=
p	-483124960	ZHJhZ29uX2NvbGRicmVhdGhfT0xE
p	19107332	QnVpbGRVSVRhZ0J1dHRvbg==
p	1894907459	TWVhZEJhc2VIYXN0eQ==
p	-211976425	ZnhfcGVyZmVjdGRvZGdl
p	-889569913	VEhTd29yZEdvbGRVbmNvb2tlZA==
p	-1724877534	RmlzaGluZ0JhaXRPY2Vhbg==
p	965283228	c2Z4X3dyYWl0aF9hdHRhY2tfaGl0
p	396597529	dmZ4X2R2ZXJncmNyZWVwX3dvb2Rfd2FsbDAyX2Rlc3Ryb3llZA==
p	-60995967	TWVudV9ncmV5ZHdhcmZfZ2Vvcmdl
p	1921923558	c2Z4X2Zyb3plbmtpbmdfaWRsZV9waGFzZTNfbG9vcA==
p	-1748425933	dmZ4X3dvbGZfaGl0
p	460429117	dmZ4X1BsYWNlX3N0b25lX3dhbGxfMngx
p	388599790	QmxhY2tTb3Vw
p	-497019679	dmZ4X2Jsb2Jtb3JrX2hpdA==
p	1577593490	RmFkZXJfRmlzc3VyZV9TcGF3bg==
p	-152592180	bXVkX3JvYWRfdjI=
p	-1559428633	Qm93QXNobGFuZHNTdG9ybQ==
p	1062930251	c2Z4X3Ryb2xsX2FsZXJ0ZWQ=
p	383188517	cHJvcF9jYXVsZHJvbl9leHQzX2J1dGNoZXJ0YWJsZQ==
p	-436317523	Sm90dW5XYXJyaW9yX2F0dGFja19kb2RnZQ==
p	-989728912	U2hpZWxkUm9vdHM=
p	-1065983654	c2Z4X2J1c2hfaGl0
p	1181203005	dmZ4X0Rlc3Ryb3llZF9WaWtpbmdTaGlw
p	497418925	REdfQ2F2ZQ==
p	-307062160	c2Z4X3Ryb2xsZmlyZV9kZWF0aA==
p	-1011209571	R3JleWR3YXJmX2VsaXRlX3JhZ2RvbGw=
p	1155996049	c2Z4X2Zyb3N0Y29yZV9pZGxlX2xvb3A=
p	1962138718	c3RhdmVfZGVjb19wb2xlXzJt
p	1691899648	VHJvcGh5V29sZg==
p	270239518	UG90X1NoYXJkX0dyZWVu
p	-1460603734	Ym9uZW1hc3NfYXR0YWNrX3B1bmNo
p	1051414138	Q2hhcmNvYWxSZXNpbg==
p	-571629420	c2Z4X2Zvb3RzdGVwX3Nub3dfcnVu
p	172353202	dmZ4X2R2ZXJncl93b29kX3dhbGwwNF9kZXN0cm95ZWQ=
p	767866465	d29vZF9wb2xlX2xvZ180X3dvcm4=
p	971772967	QXNwZWN0X1RlbnRhUm9vdA==
p	-778538652	U3Bhd25lcl9pbXBfcmVzcGF3bg==
p	-465997680	c2Z4X0JvbmVtYXNzX3B1bmNoX3N0YXJ0
p	1576883424	SG90S2V5RWxlbWVudA==
p	-1997652375	c2Z4X21vb3NlX2h1cnQ=
p	-2091071147	cHJvcF9jYXVsZHJvbl9leHQ1X21vcnRhcmFuZHBlc3RsZQ==
p	-1640747999	Y2hlc3RfaGlsZGlyMQ==
p	-761203099	QXNobGFuZHNfQXJjaDJfQnJva2VuMg==
p	1280010482	YmxhY2ttYXJibGVfc3RhaXJfY29ybmVy
p	1371090206	RHZlcmdlckFyYmFsZXN0X3Nob290RGVlcE5vcnRo
p	512263924	c2Z4X2tpbG5fYWRkb3Jl
p	751687535	UGxheWVyX3JhZ2RvbGxfb2xk
p	-154208029	Y2xpZmZfbWlzdGxhbmRzMQ==
p	518456693	c2Z4X2ltcF9kZWF0aA==
p	696030471	QmF0
p	-271201464	U2FkZGxlQXNrc3Zpbg==
p	-1283608710	U2hpZWxkQmxhY2ttZXRhbFRvd2Vy
p	808832669	c2Z4X3NlZWtlcl9hdHRhY2tfcGllcmNl
p	2002376861	ZHZlcmdydG93bl90aXBfMXgxeDI=
p	-836355361	aG9sZV9kZXN0cnVjdGFibGVEb29y
p	2048566405	TW9ya2hhbGxhX1dhbGxfMjBfYnJva2VuMg==
p	-1772608940	c2Z4X21ldGFsX3NoaWVsZF9ibG9ja2Vk
p	1631059012	R3JleWR3YXJmX2F0dGFjaw==
p	-1213789138	c2Z4X3Z1bHR1cmVfZGVhdGg=
p	1714298628	dmZ4X2dyZXlkd2FyZm5lc3RfaGl0
p	-145504576	c2Z4X2xveF9hdHRhY2tfc3RvbXA=
p	-1958435739	QmVhcmQxNA==
p	268476513	UGluZXRyZWVfU25vd19TdHVi
p	-2092967388	QXJtb3JUdW5pYzg=
p	908549971	TW9ya2hhbGxhX1N0b25lcGlsZQ==
p	409573106	c2Z4X3Ryb2xsZmlyZV9hdHRhY2tfc2xhcF9zdGFydA==
p	1922386529	U1BfQXJtb3JGZW5yaW5nTGVncw==
p	-1878523909	Vm9sdHVyZV9yYWdkb2xs
p	-494038940	VHJlYXN1cmVDaGVzdF9mb3Jlc3RjcnlwdA==
p	116336006	ZnhfaGltbWluYWZsX2hpdA==
p	1007457867	WWdnZHJhc2lsV29vZA==
p	181889736	Ym93X3Byb2plY3RpbGVfb2JzaWRpYW4=
p	-2081226858	c2Z4X2JvbmVtYXdfc2VycGVudF9kZWF0aA==
p	44635296	dmZ4X2dqYWxsX3NwaXQ=
p	-2105118948	VHJvbGxGcm9zdF9EZWFk
p	171973417	Um9ja183X2RlZXBub3J0aA==
p	-1981404669	RmF2Q2F0ZWdvcnlDaGVjaw==
p	-259499256	Q3Jvc3Nib3dBcmJhbGVzdA==
p	1505264711	ZnhfdHJvbGxfbG92ZQ==
p	1883651752	ZHZlcmdycHJvcHNfc3Rvb2w=
p	-884549218	U3Bhd25lcl9DaGFycmVkX0R5cm53eW4=
p	-165271151	QWNjZXNzaWJpbGl0eVRhYg==
p	-1862032388	c2Z4X2ZhZGVyX2Zpc3N1cmVfZm9vdHNsaWRl
p	-1349701893	c2Z4X3RpY2tfaHVydA==
p	-1615972107	SGVsbWV0SGF0MTA=
p	-1777559375	TW9ya2hhbGxhX2JhbGNvbnlfc2hvcnQ=
p	1209145989	Q2Fycm90
p	-116387065	VHJpZ2dlclNwYXduZXJfQnJvb2Q=
p	-643994382	c2NhbGVfd2FsbF9yb29mXzY3X3Vwc2lkZWRvd25fZmxpcHBlZA==
p	-1391434095	TXVzaWNfRHZlcmdyVG93ZXI=
p	2011393130	Sm90dW5XYXJyaW9yMkhTd29yZF9hdHRhY2tfZG9kZ2U=
p	2089897349	V2FsbFNub3cy
p	-1699173647	UG90ZWl0clNlZWRz
p	-1470815101	Qm93RHJhdWdyRmFuZw==
p	542466806	c2Z4X2Zyb3plbmtpbmdfYXR0YWNrbWVsZWVfZG91YmxlX2NoYWlu
p	162798999	cGllY2VfcG90MQ==
p	-1076788695	d29vZF9yb29mX2ljb3JuZXI=
p	1925600612	dmZ4X3NrdWxscGlsZV9kZXN0cm95ZWQ=
p	-112189254	dmZ4X21vcmtoYWxsYV9nYXRlZG9vcjAyX2Rlc3Ryb3llZA==
p	1469046252	cGllY2Vfd2lzcGx1cmU=
p	-1462463015	d2lkZXN0b25lX2ZyYWM=
p	870466070	TW9sZEJvdw==
p	1356133057	dmZ4X01vcmtoYWxsYVN0YXR1ZURlc3Ryb3llZA==
p	278534492	QW5jaWVudEdlbXN0b25lT3Jhbmdl
p	-1619429742	RmxhbWV0YWw=
p	2119415374	ZHZlcmdydG93bl93YWxsX3dfbG9vcGhvbGU=
p	1533941295	TW9ya2hhbGxhX0Zsb29yXzR4NF9ob2xlMDE=
p	2040865228	X0dvb2dsZUFuYWx5dGljcw==
p	-199539902	c2hydWJfMl9oZWF0aA==
p	-1652490355	cGllY2VfY2F1bGRyb24=
p	843238103	Q3JlZXBQcm9wX3BpbGxhcmhhbGYwMQ==
p	2114938157	c2Z4X21ldGFsZ2F0ZV9jbG9zZQ==
p	1832122897	YmFyX2lyb25fc3RhY2s=
p	-649464032	c25vd19kZWNyZWFzZV9maXJlcGl0X3BsYWNlZF9zbWFsbA==
p	-1933363631	RHZlcmdlclN0YWZmRmlyZV9maXJlYmFsbF9wcm9qZWN0aWxl
p	-1572057656	c3Bhd25fZnJvemVua2luZ19zcGlrZXJhaW4=
p	-925531532	TGFydmE=
p	2116314739	QmFya2FfSGVhdnlTd2luZw==
p	-449980188	c2Z4X3NrZWxldG9uX3N3YW1wX2F0dGFja19tZWxlZQ==
p	1544996215	S2V5Ym9hcmRNb3VzZVRhYg==
p	-42805769	TW91bnRhaW5LaXRfYnJhemllcg==
p	-936584093	T3ZlblBhbmNha2VVbmNvb2tlZA==
p	910572819	QmxvYkxhdmFfZXhwbG9zaW9u
p	1881957582	ZnhfdHVycmV0X25vdGFyZ2V0
p	109649212	RmlzaDg=
p	-1082793664	ZmFkZXJfYmVsbGhvbGRlcg==
p	145745747	dmZ4X1JvY2tEZXN0cm95ZWRfbWFyYmxl
p	-1348490946	Z2lhbnRfc2t1bGxfZnJhYw==
p	-1343508046	R29ibGluQ2x1YkRlZXBOb3J0aA==
p	1986762565	ZHJhdWdyX3N3b3Jk
p	300134660	ZnhfYm9hcl9mb290c3RlcF93YWxr
p	-844544142	SGVsbWV0U3dlYXRCYW5k
p	-809934839	c3RvbmV3YWxsXzM=
p	-53659712	c2Z4X3NlcnBlbnRfYXR0YWNrX2hpdA==
p	1190462933	Qm9uZUZyYWdtZW50cw==
p	109708603	dmZ4X3dhbGx0b3JjaF9hZGRGdWVs
p	-67109918	dmZ4X2ZsaW50cGlsZV9kZXN0cm95ZWQ=
p	1854381283	UmFnZG9sbF9Bc2tzdmlu
p	-903572179	QXNobGFuZHNfRm9ydHJlc3NfV2FsbF9QaWxsYXJUb3BTdG9uZQ==
p	-821125465	U3Bpcml0V29sZl9BdHRhY2sz
p	-1596182882	RmllcnlTdmluc3Rldw==
p	1951621125	dmZ4X3NlZWtlcmJydXRlX2dyb3VuZHNsYW0=
p	302145580	QXNobGFuZHNfQXJjaFJvb2ZEYW1hZ2VkX2hhbGYy
p	-718148297	c2Z4X3N0YWZmZnJvc3RvcmJzX3NoaWVsZF9sb29w
p	690355706	RmlzdEdvbGQ=
p	-1216410678	aG9sZV9kZXN0cnVjdGFibGVEb29yMQ==
p	-726356856	c2Z4X3RyYWluaW5nZHVtbXlfbGlnaHRfYXR0YWNr
p	340725955	Y2hhcnJlZF9ncmVhdHN3b3JkX3N3aW5n
p	892476008	VHJhaW5pbmdEdW1teQ==
p	1021365442	c2Z4X3Ryb2xsZmlyZV9hdHRhY2tfY2x1Yl9zd2luZ191cA==
p	1054459491	TWlzdGlsZV9rYW1pa2F6ZQ==
p	-632271655	dmZ4X2RyYWdvbl9mb290c3RlcA==
p	-361463611	QXNrSGlkZQ==
p	1102123564	U3RhcnRHdWlfQm9hcmRnYW1lQnV0dG9u
p	-1387001121	SGVhbHRoVXBncmFkZV9HREtpbmc=
p	-782931876	ZnhfYmpvcm5faGl0
p	1716592043	UnVuZVN0b25lX0NhdmVwYWludGluZzQ=
p	-1956319569	Qm93R29sZF9CbG9vZExpZ2h0bmluZw==
p	809010461	SW5nYW1lR3VpX0FjaGlldmVtZW50cw==
p	-787751028	ZnhfcmVkbGlnaHRuaW5nX2xhdW5jaA==
p	924006960	WGJveEdhbWVwYWRNYXA=
p	-1808609924	TW9ya2hhbGxhX0V5ZTM=
p	-1941734767	TW9ya2hhbGxhX0Zsb29yXzIw
p	-676449504	VGFua2FyZF9kdmVyZ3I=
p	-2122807554	cGllY2VfYmVuY2gwMQ==
p	-1447958386	c2Z4X2dyZXlkd2FyZl9kZWF0aA==
p	-55285267	ZHZlcmdycHJvcHNfY3JhdGVfYXNobGFuZHM=
p	-1118225606	YXNwZWN0X0Vpa3RoeXJfY2hhcmdl
p	1476940549	ZnhfRHZlcmdlck1hZ2VfTWlzdGlsZV9hdHRhY2s=
p	1345581091	Ympvcm5fc2xhbQ==
p	779429223	Sm90dW5XYXJyaW9yU3dvcmQyaA==
p	1255899486	Qm9uZW1hd1NlcnBlbnQ=
p	339729793	ZnhfZnJvemVua2luZ19jaGFpbl9ydXNo
p	1749195181	c25vd19zaG92ZWw=
p	126758991	cmFpc2VfdjI=
p	1183666772	dnhfYXNobGFuZF9wb3QzX3JlZF9kZXN0cnVjdGlvbg==
p	281556695	dmZ4X0hhcnBvb25lZA==
p	849791935	TGFyZ2VCb25l
p	-1919693987	cGF0aA==
p	-1734590895	dmZ4X0ZpcmViYWxsSGl0
p	2097750009	c2Z4X2J1aWxkX2hhbW1lcl9kZWZhdWx0
p	559337483	QXhlRWFybHk=
p	-921150635	c2Z4X2dyZXlkd2FyZl9zaGFtYW5faGVhbA==
p	2020511185	c2Z4X2xvb3RzcGF3bg==
p	1172889253	Um9ja18z
p	1043840414	SGFpcjQ=
p	-430233955	Znhfc2hhbWFuX3Byb3RlY3Q=
p	-470010702	c2Z4X2JhdHRlcmluZ19yYW1faW1wYWN0
p	-244595954	c2Z4X2NhdGFwdWx0X2FtbW9fbG9hZA==
p	887247677	VHJlYXN1cmVDaGVzdF9zd2FtcA==
p	-1811143589	dmZ4X2NhcnRvZ3JhcGVydGFibGVfd3JpdGU=
p	-1499803462	UGxhY2VhYmxlX0hhcmRSb2Nr
p	635991149	dmZ4X2R2ZXJncl93b29kX3dhbGwwM19kZXN0cm95ZWQ=
p	-1702599336	S25pZmVHb2xkX0Jsb29kTGlnaHRuaW5n
p	1409301306	QXJtb3JEcmVzczI=
p	-1720433151	cHJvcF9ib25maXJl
p	1214965194	c2Z4X2ZhZGVyX2ZpcmVicmVhdGhfb3V0
p	-830691079	bG94X3N0b21w
p	1625867752	UGlja2FibGVfUG90X1NoYXJk
p	2064419633	ZnhfZm9vdHN0ZXBfdGFy
p	-739875783	UGlja2FibGVfQmFybGV5
p	-1430892987	ZnhfZm9vdHN0ZXBfd29vZF9sYW5k
p	1273669409	dmZ4X2RyYWdvbl9kZWF0aA==
p	-1555807929	c2Z4X21ldGFsZ2F0ZV9vcGVu
p	357124755	dnhfYXNobGFuZF9wb3QyX3JlZF9kZXN0cnVjdGlvbg==
p	1243570260	c2Z4X2Zpc2hpbmdyb2Rfc3dpbmc=
p	2137671655	dGFybHVtcDFfZnJhYw==
p	828581156	U3Bhd25lcl9Ucm9sbEZyb3N0
p	-2104079778	cGllY2VfYm9uZV90aHJvbmU=
p	860743303	ZnhfY2hhcnJlZF9leWVnbG93
p	696030903	VGFy
p	934076889	U2VhbF9QdXA=
p	-2018748777	c2Z4X2Zyb3plbmtpbmdfYXR0YWNrbWVsZWVfZG91YmxlX2ltcGFjdA==
p	1373139570	c25vd190cmVl
p	485259550	c2Z4X3NlZWtlcl9icnV0ZV9hbGVydGVk
p	1198634800	c2Z4X2Zyb3N0Zm91bmRyeV9sb29w
p	-761428885	c2Z4X3RvcmNoX3N3aW5n
p	1967150150	c2Z4X3dlYXBvbnNfYmxvb2RfZW5hYmxl
p	-950858797	c3RhZmZfdGh1bmRlcmJsb29kX2FvZQ==
p	676739018	TWlzdEFyZWFfc21hbGw=
p	-1029249879	cGllY2VfY2hlc3RfYmFycmVs
p	-842656812	ZnhfZ3VhcmRzdG9uZV9wZXJtaXR0ZWRfYWRk
p	-13297202	ZnhfbG94X2hpdA==
p	522968745	aGl2ZV9hdHRhY2tfYW9l
p	328680564	SGFpcjIw
p	-1608474975	c3RhZmZfU3Bpcml0Q2FsbGVyX3NwYXdu
p	-1490596636	RnJvemVuS2luZ19TcGlrZVJhaW4=
p	-1999635529	d29vZF9yb29mX2ljb3JuZXJfNjc=
p	102817	c2Z4X3dvb2RfYnJlYWs=
p	122121288	U3RvbmVQaWxsYXJUYWxs
p	435910859	U1BfQm93RHJhdWdyRmFuZw==
p	-548233248	dmZ4X3BpY2tfd2lzcA==
p	2147452713	ZGFya3dvb2RfYmVhbV80NQ==
p	64382553	c2Z4X3VuYmpvcm5fY2xhd19hdHRhY2tfc2xhc2g=
p	-1038008944	c2Z4X2dyZXlkd2FyZl90aHJvdw==
p	-214845366	Q3Jvc3Nib3dSaXBwZXJMaWdodG5pbmc=
p	1676168524	c2Z4X21vb3NlX2NhbGZfdmVyc2U=
p	917183013	ZnhfZ29ibGlua2luZ19iZWFtX2hpdA==
p	-2079789852	c2Z4X3BpY2theGVfc3dpbmc=
p	-1663427654	UGllY2VfZ3JhdXN0ZW5fcGlsbGFyYmFzZV90YXBlcmVkX2ludmVydGVk
p	566965535	c2Z4X3Ryb2xsZmlyZV9maXJlX2xvb3A=
p	-1704086827	ZnhfRmFkZXJfUmFnZG9sbA==
p	-408284028	dmZ4X3NocnViXzJfZGVzdHJveWVk
p	1538534144	SGFpcjE5
p	1800048705	Um9ja0RvbG1lbl8y
p	617126599	ZHZlcmdlcl9kZW1pc3Rlcl9ydWlucw==
p	-1570747403	QW1iZXI=
p	841740080	c2Z4X3NoaWVsZGdlbmVyYXRvcl93YWxsX2xvb3A=
p	-3480572	ZnhfZmFkZXJfZm9vdHN0ZXBfZ3JvdW5k
p	-2076009657	ZnhfZnJvemVua2luZ19jaGFpbl9ncm91bmRfaW1wYWN0XzE=
p	-127726790	dmZ4X2ZpcmV0cmVlY3V0X2RlYWRfYWJvbWluYXRpb24=
p	-1711995613	U3Bhd25lcl9HcmV5ZHdhcmZfU2hhbWFu
p	1838261536	YmFyX2FuY2llbnRtZXRhbF9zdGFjaw==
p	2038439599	RmVucmluZ19hdHRhY2tfZnJvc3RfYW9l
p	298697721	dmZ4X1BsYWNlX3dvb2RfcG9sZQ==
p	-1680081557	ZHJhZ29uX2ljZV9wcm9qZWN0aWxl
p	-1093325314	d29vZF93YWxsX3Jvb2ZfNjdfdXBzaWRlZG93bg==
p	1585193021	c2FwbGluZ19tYWdlY2Fw
p	-197575760	dmZ4X3NrZWxldG9uX2ZpcmVfZGVhdGg=
p	897989326	U2hpZWxkV29vZA==
p	905768520	dmZ4X2ljZV9oaXQ=
p	-801467890	ZHZlcmdydG93bl8xeDF4MQ==
p	72673825	Z2lhbnRfc3dvcmQy
p	484569737	c2Z4X2xhbmQ=
p	1597316648	SGVsbWV0TWFnZV9Bc2hsYW5kcw==
p	-1005025740	R2xvd1dvcm0=
p	2134564663	YXNwZWN0X2RyYWdvbl90YXVudA==
p	1889958574	c2Z4X3N0YWZmX2xpZ2h0bmluZ19maXJl
p	1883158518	c2Z4X2JyYW5jaF9icmVhaw==
p	1463749101	YXJiYWxlc3RfcHJvamVjdGlsZV9ib25l
p	455812949	c2Z4X2JhYnlfc2Vla2VyX2lkbGU=
p	239383154	ZnhfYm9zc3N0b25lX2FjdGl2YXRlX0JvbmVtYXNz
p	957066015	c2Z4X2dvYmxpbl9hbGVydGVk
p	-1107732074	c21hbGxfcm9jazE=
p	1948895010	cm9jazNfbW91bnRhaW5fMQ==
p	888684615	RmlyVHJlZV9zbWFsbA==
p	-15629383	c2Z4X2Zyb3N0a2lsbl9sb29w
p	-570735290	cHJvamVjdGlsZV9jaGl0aW5oYXJwb29u
p	-1406277430	dGFybHVtcDE=
p	-1799127041	Y2xpZmZfYXNobGFuZHMxX2ZyYWM=
p	-610781907	dmZ4X2FzaGxhbmRzdHJlZWN1dA==
p	821843025	c2Z4X011ZERlc3Ryb3llZA==
p	-1865631054	cm9jazJfaGVhdGg=
p	66958942	c2Z4X2dsb3d3b3JtX2lkbGVfbG9vcA==
p	1936603110	ZnhfRmVhc3RUZW1wbGF0ZQ==
p	-1446941999	SGFpcjMwXzM=
p	1617367972	QXJtb3JEZWVwTm9ydGhNZWRpdW1sZWdz
p	-365863915	Q2F0YXB1bHRfQW1tb19Qcm9qZWN0aWxlX0FPRQ==
p	1607071720	UnVuZVN0b25lX1VwZ3JhZGVTdGF0aW9u
p	2131019482	c2Z4X3VuYmpvcm5fYml0ZV9hdHRhY2s=
p	68955605	V3JhaXRo
p	-318857191	TW9sZFNoaWVsZEJ1Y2tsZXI=
p	-165525154	U3dvcmREeXJud3lu
p	28120085	cGllY2VfYmVlaGl2ZQ==
p	848761693	c2tlbGV0b25faGlsZGlyX2ZpcmVub3Zh
p	-555931738	ZGVlcl9yYWdkb2xs
p	-811131418	dmZ4X0dvZEV4cGxvc2lvbg==
p	-620104546	c25vd2JhbGxfcHJvamVjdGlsZQ==
p	1631935371	ZHVuZ2Vvbl9zdW5rZW5jcnlwdF9pcm9uZ2F0ZV9ydXN0eQ==
p	-1850635673	dmZ4X3RyZWVfZmFsbF9oaXQ=
p	2112770554	c2Z4X2dhbWVsdHJvbGxfaWRsZQ==
p	-1342135541	UGlja2FibGVfTXVzaHJvb21feWVsbG93
p	-792715360	bW9ya2hhbGxhX3dlYl9jb3JuZXI=
p	724671788	dHJvbGxfbG9nX3N3aW5nX3Y=
p	1839966698	SG9sZVJvY2tfcm9vdFdhbGwxX2Rlc3RydWN0aW9u
p	366096631	UnVuZVN0b25lX0RyYWdvblF1ZWVu
p	1527937089	SHVnaW4=
p	-840864991	c2Z4X21ldGFsX3NoaWVsZF9ibG9ja2VkX292ZXJsYXk=
p	1846396992	TWVjaGFuaWNhbFNwcmluZw==
p	-1608059431	c2Z4X2hpbGRpcl9ieWU=
p	-696037094	Z29ibGluX3Jvb2ZfNDVkX2Nvcm5lcg==
p	786808599	ZnhfY2hpY2tlbl9kZWF0aA==
p	523708501	VHJvcGh5RGVlcldoaXRl
p	-1328822593	QmFya2E=
p	873235551	c2Z4X1N0YWZmTGlnaHRuaW5nX2ZpcmU=
p	837895808	YmVlY2hfbG9n
p	1762125542	YXNobGFuZF9wb3QxX3JlZA==
p	-743867699	Q2Fycm90U2VlZHM=
p	1122333731	YmxvYl9hb2U=
p	-1419925658	ZHZlcmdydG93bl9oZWFkMDE=
p	362897581	dmZ4X3N0YW5kaW5nX2JyYXppZXJfZGVzdHJveWVk
p	-728978671	dmZ4X1NsaW1lZA==
p	-2076009654	ZnhfZnJvemVua2luZ19jaGFpbl9ncm91bmRfaW1wYWN0XzI=
p	2034696918	dmZ4X2FyYmFsZXN0X2ZpcmU=
p	-1032744160	R1VJU2xpZGVyV2l0aExhYmVsQW5kVmFsdWU=
p	83808115	QXNobGFuZHNfUnVpbnNfUmFtcA==
p	-434940733	VHVycmV0Qm9sdEJsb29kZ29sZA==
p	-431820145	ZnhfQWJvbWluYXRpb25fYXR0YWNrMV9zdGFydA==
p	1522092210	VW5iam9ybg==
p	-1497576765	RmlyVHJlZV9vbGRMb2dfZGVlcG5vcnRo
p	-9709296	Q2FzdGxlS2l0X2RlY2FsX2NsYXdtYXJrcw==
p	-376428566	U3Vua2VuS2l0X2ludF90b3dlcndhbGxfTE9E
p	1845475556	UmFkaWFsVGFi
p	-301738541	U3RlYW1EZWNrUFNHYW1lcGFkTWFw
p	1017582937	cGllY2Vfd29ya2JlbmNoX2V4dDE=
p	1732305719	VHJvcGh5U2VhbA==
p	-1182427104	Q2hhcnJlZF9NYWdl
p	1260305591	TW9ya2hhbGxhX1N0YWlyc18xMl9yYWlsaW5n
p	342810095	Zmx5aW5nX2NvcmU=
p	1122765644	ZHZlcmdydG93bl9zdGFpcl9jb3JuZXI=
p	-169228273	c2Z4X2Zyb3plbmtpbmdfZnJvemVudHdpcmxfY29sZHZvcnRleA==
p	1046724996	SGVsbWV0RE5IZWF2eQ==
p	249370163	c2Z4X2Zyb3plbmtpbmdfaWRsZV9icmVhdGg=
p	181798905	c2Z4X2JlYXJfaWRsZQ==
p	268544908	TW91bnRhaW5HcmF2ZVN0b25lMDE=
p	2031897551	c25vd193YWxr
p	-1149314721	TWVhZFN0YW1pbmFNaW5vcg==
p	-1330578868	QXJtb3JDYXJhcGFjZUNoZXN0
p	297427804	cm9jazNfc2lsdmVy
p	225915398	RWxha2luZ19BdHRhY2tKdW1w
p	977911272	ZmxhbWV0YWxfZ2F0ZQ==
p	1527524242	TW9sdGVuQ29yZQ==
p	344626859	dmVnX3NrdWxsX0FzaGxhbmRz
p	183858393	TmVzdFJvY2s=
p	1513348491	U3BlYXJTcGxpdG5lcl9CbG9vZA==
p	-514974841	QmVsbA==
p	-1314125550	YXNwZWN0X0Vpa3RoeXJfYW50bGVy
p	355519939	Y2hhcnJlZF9tYWdlc3RhZmZfc3VtbW9uY2hhcnJlZA==
p	1679463535	Qm9uZU1hd1NlcnBlbnRNZWF0
p	1064174259	UXVlZW5Ecm9w
p	771234343	c2Z4X2VsYWtpbmdfYXR0YWNrX2p1bXA=
p	-656027988	QXNrc3Zpbl9oYXRjaGxpbmc=
p	1911655374	c2Z4X2Zyb3plbmtpbmdfZGVhdGhfY3J5c3RhbF9sb29w
p	-1657298159	U3RhZmZGaXJlYmFsbA==
p	-819997397	VHJlYXN1cmVDaGVzdF9kdmVyZ3J0b3du
p	-660250868	UGllY2VfZ3JhdXN0ZW5fd2luZG93XzJ4Mg==
p	1209504723	R2hvc3Rfb2xk
p	-1250573360	c2FwbGluZ19zZWVkdHVybmlw
p	-1419288621	c2Z4X3RyYWluaW5nZHVtbXlfaGVhdnlfYXR0YWNrIGltcGFjdA==
p	-1123631012	c2Z4X3NoaXBfZGVzdHJveWVk
p	1954352701	TW9ya2hhbGxhX2ZpcmVwaXQ=
p	750944353	TW9sZEtuaWZl
p	-651150490	Sm90dW5XYXJyaW9yMUhBeGVfYXR0YWNrX2RvZGdl
p	-47303797	bXVkcGlsZTJfZnJhYw==
p	870990429	QXNobGFuZHNUcmVlNQ==
p	1792656179	UGllY2VfZmxhbWV0YWxfYmVhbQ==
p	1014536855	Q3J5cHRLZXk=
p	536788148	c2Z4X2ZlbnJpbmdfaWRsZQ==
p	-1724076782	TW9ya2hhbGxhX1N0YXR1ZVBpZWNlVG9yc29fYmln
p	-1376039418	TGluZW5UaHJlYWQ=
p	181678115	TWVudV9TZWVrZXI=
p	327721429	c2Z4X3NlZWtlcl9mbHlpbmc=
p	-568441698	R2FtZXBhZEZlYXR1cmVz
p	1367799918	TW9ya2hhbGxhX1dhbGxDaGFpbjE=
p	-2008320912	VHJvbGxfc3VtbW9uZWRfcmFnZG9sbA==
p	1923872134	c2Z4X3dyaXRoYW5fdmVyc2VfZGVhdGg=
p	718855921	Q2hhcnJlZEJhbm5lcjI=
p	338864121	ZnhfSXRlbVNwYXJrbGVz
p	-2057165472	c2Z4X2hhdGNsaW5nX2h1cnQ=
p	2012445964	TG9hZGluZ0dVSV9Db25uZWN0aW5n
p	-1989599597	U3BlYXJHb2xkVW5jb29rZWQ=
p	-139884303	SWNlUG9uZF9yb2NrX2ZyYWM=
p	1343642985	dmZ4X2R2ZXJncG9zdF9kZXN0cm95ZWQ=
p	-235345157	Q2hhcnJlZF9NZWxlZV9GYWRlcg==
p	1296799745	c2Z4X3NlcnBlbnRfaHVydA==
p	980251685	U3BlYXJHb2xk
p	2142212602	SGFpcjE1XzM=
p	-442216113	Um95YWxKZWxseQ==
p	2132636350	RHZlcmdlclN0YWZmU3VwcG9ydA==
p	1043840420	SGFpcjI=
p	-919427473	Q2hhcnJlZGZvcnRyZXNzX0xPRA==
p	-2129458801	UGlja2FibGVfVGlu
p	-989584787	Znhfc2hpZWxkX3N0YXJ0
p	1744483228	cGllY2VfZ3JvdW5kdG9yY2hfd29vZA==
p	-1709124703	ZGlnZ19zaWVnZWJvbWI=
p	-1379002780	ZnhfQWJvbWluYXRpb25fYXR0YWNrMw==
p	-1296288316	cGllY2VfZ3JvdW5kdG9yY2hfZ3JlZW4=
p	1880682397	dmZ4X2ZpcmxvZ2Rlc3Ryb3llZF9oYWxm
p	-253639921	TWVudUZpcmU=
p	801550882	c2Z4X2R2ZXJnZXJfdm9fZGVhdGg=
p	1552397001	RW5lbXlfQmFya2FfQXR0YWNrX1NsYW1Ecml2ZQ==
p	-1738390869	bWFya2VyMDE=
p	396764791	Q2hhcnJlZF9BcmNoZXI=
p	-841865417	U3Bhd25lcl9DaGFycmVkX2JhbGlzdGE=
p	1807128891	U2VhbEhpZGU=
p	-438709036	c2Z4X2NhcnJpb25fZGVzdHJveWVk
p	-157852226	Q2hhcnJlZF9BcmNoZXJfRmFkZXI=
p	1001949628	TWVhZEJhc2VGcm9zdFJlc2lzdA==
p	-1964060147	c3RhZmZfRnJvc3RPcmJzX2FvZQ==
p	2024210682	cGllY2VfYmVkMDI=
p	1094586374	c2Z4X2NhdGFwdWx0X3Nob290
p	-1497409489	Q29va2VkQXNrc3Zpbk1lYXQ=
p	1929627326	c2Z4X21vb3NlX2FsZXJ0
p	-1991759242	RmFsbGVuV2Fycmlvcg==
p	-1305625596	aGlnaHN0b25lX2ZyYWM=
p	147907746	ZnhfZmFkZXJfZmlyZWJyZWF0aA==
p	-1970685327	RmVucmluZ19hdHRhY2tfanVtcA==
p	-1880311490	c2Z4X1BvdGlvbl9zdGFtaW5hX1N0YXJ0X2xpbmdlcmluZw==
p	1390249608	cGllY2VfYmxhY2t3b29kX2JlbmNo
p	-524508767	UGlja2FibGVfRmlzaGluZ3JvZA==
k	-2136419116	ZHJvcF9oYXNoMA==
k	-2086293655	VXRpbGl0eUl0ZW0=
k	-2086149575	cXVldWVk
k	-2068451311	b3ZlcmhhdWxfZHVuZ2Vvbl9wZW5kaW5n
k	-1994666937	aXRlbVN0YWNr
k	-1985798408	SHVl
k	-1971051955	bG9jYXRpb24=
k	-1958550479	aXRlbTkx
k	-1958550478	aXRlbTgx
k	-1958550471	aXRlbTEx
k	-1958550469	aXRlbTMx
k	-1958550468	aXRlbTIx
k	-1958550467	aXRlbTUx
k	-1958550466	aXRlbTQx
k	-1958550465	aXRlbTcx
k	-1958550464	aXRlbTYx
k	-1930913080	YmFrZVRpbWVy
k	-1912298443	b3ZlcmhhdWxfZHVuZ2Vvbl9zZWVk
k	-1853936235	VGFtZUxhc3RGZWVkaW5n
k	-1847800717	YXV0aG9yUGxhdGZvcm1EaXNwbGF5TmFtZQ==
k	-1846321564	TGVmdEl0ZW0=
k	-1813553879	b3ZlcmhhdWxfZHVuZ2Vvbl9sYXN0X3V0Yw==
k	-1808422571	b3ZlcmhhdWxfbW92ZV91bnRpbA==
k	-1803386213	VGFtZVRpbWVMZWZ0
k	-1793834997	cHJvZHVjdA==
k	-1779187331	dGFtZWQ=
k	-1725103249	bWF4X2hlYWx0aA==
k	-1614610384	b3ZlcmhhdWxfYm9zc19lbmNvdW50ZXJfdjE=
k	-1603061055	SW5pdFZlbA==
k	-1602320119	aXRlbTk5
k	-1602320118	aXRlbTg5
k	-1602320111	aXRlbTE5
k	-1602320109	aXRlbTM5
k	-1602320108	aXRlbTI5
k	-1602320107	aXRlbTU5
k	-1602320106	aXRlbTQ5
k	-1602320105	aXRlbTc5
k	-1602320104	aXRlbTY5
k	-1563863159	b3duZXI=
k	-1559998426	b3ZlcmhhdWxfZHVuZ2Vvbl9tYXg=
k	-1559346133	b3ZlcmhhdWxfYWlfYWxhcm1fdGltZQ==
k	-1550616485	b3ZlcmhhdWxfZHVuZ2Vvbl9maXJzdF92aXNpdF91dGNfdjE=
k	-1449744342	Y3JlYXRvckluZGV4
k	-1430737377	U3Bhd25BbW91bnQ=
k	-1429199297	Zm9yd2FyZA==
k	-1325048706	U2hvdWxkZXJJdGVtUXVhbGl0eQ==
k	-1311243421	RXZlbnRDcmVhdHVyZQ==
k	-1299519756	cnVkZGVy
k	-1235737070	b3ZlcmhhdWxfZHVuZ2Vvbl9jb21taXRfdjI=
k	-1199035592	aXRlbTk0
k	-1199035591	aXRlbTg0
k	-1199035584	aXRlbTE0
k	-1199035582	aXRlbTM0
k	-1199035581	aXRlbTI0
k	-1199035580	aXRlbTU0
k	-1199035579	aXRlbTQ0
k	-1199035578	aXRlbTc0
k	-1199035577	aXRlbTY0
k	-1126421579	aXRlbQ==
k	-1083969965	b3ZlcmhhdWxfZHVuZ2Vvbl9vd25lcg==
k	-967370359	bGFzdFdvcmxkVGltZQ==
k	-938864442	aXRlbXM=
k	-938864388	aXRlbTk=
k	-938864387	aXRlbTg=
k	-938864380	aXRlbTE=
k	-938864379	aXRlbTA=
k	-938864378	aXRlbTM=
k	-938864377	aXRlbTI=
k	-938864376	aXRlbTU=
k	-938864375	aXRlbTQ=
k	-938864374	aXRlbTc=
k	-938864373	aXRlbTY=
k	-883022132	aGVhbHRo
k	-871206003	dGV4dA==
k	-831214912	ZHJvcHM=
k	-828501383	b3ZlcmhhdWxfY3JvcF9zb3VyY2VfdjE=
k	-806136627	b3ZlcmhhdWxfbW92ZV9wZWVy
k	-798828510	U2hvdWxkZXJJdGVtVmFyaWFudA==
k	-795751065	aXRlbTk3
k	-795751064	aXRlbTg3
k	-795751057	aXRlbTE3
k	-795751055	aXRlbTM3
k	-795751054	aXRlbTI3
k	-795751053	aXRlbTU3
k	-795751052	aXRlbTQ3
k	-795751051	aXRlbTc3
k	-795751050	aXRlbTY3
k	-789402543	b3ZlcmhhdWxfZ3VhcmRpYW5fYXR0YWNrX3NwZWVkX3Yx
k	-774552753	aXRlbVByZWZhYg==
k	-734892015	YXV0aG9y
k	-729321687	R3Jvd1N0YXJ0
k	-662706699	b3ZlcmhhdWxfZm9yZXN0X2xheW91dF92MQ==
k	-553577015	b3ZlcmhhdWxfcGllY2VfbW92ZV9yZXZpc2lvbg==
k	-528916476	c2NhbGU=
k	-466187846	b3ZlcmhhdWxfZHVuZ2Vvbl9pZGVudGl0eQ==
k	-465376876	TGVmdEJhY2tJdGVtUXVhbGl0eQ==
k	-463628954	YWNjVGltZQ==
k	-392466538	aXRlbTky
k	-392466537	aXRlbTgy
k	-392466530	aXRlbTEy
k	-392466528	aXRlbTMy
k	-392466527	aXRlbTIy
k	-392466526	aXRlbTUy
k	-392466525	aXRlbTQy
k	-392466524	aXRlbTcy
k	-392466523	aXRlbTYy
k	-284407675	TGVmdEJhY2tJdGVt
k	-282470488	b3ZlcmhhdWxfY2hlc3RfcHJpdmF0ZQ==
k	-181569555	YWxpdmVfdGltZQ==
k	-158744921	c2VlZA==
k	-153476768	Y2hlYXRlZA==
k	-145658699	b3ZlcmhhdWxfZ3VhcmRpYW5faHBfcGVyY2VudF92MQ==
k	-126240578	c2VBdHRyaWI=
k	-107719464	TGVmdEJhY2tJdGVtVmFyaWFudA==
k	-92457105	U2hvdWxkZXJJdGVt
k	-40968660	b3ZlcmhhdWxfZHVuZ2Vvbl9taW4=
k	560949	cGxheWVk
k	2619694	ZGF0YQ==
k	17457933	b3ZlcmhhdWxfYm9zc19kZWZlYXRlZF92MQ==
k	28332284	c3Bhd250aW1l
k	136318255	bGFzdFRpbWU=
k	140431120	cGF0cm9s
k	191041945	b3ZlcmhhdWxfaW50ZXJpb3JfaGVpZ2h0X3Yx
k	197492418	cGlja2Vk
k	367048349	aXRlbTk1
k	367048350	aXRlbTg1
k	367048357	aXRlbTE1
k	367048359	aXRlbTM1
k	367048360	aXRlbTI1
k	367048361	aXRlbTU1
k	367048362	aXRlbTQ1
k	367048363	aXRlbTc1
k	367048364	aXRlbTY1
k	390287024	ZHJvcF9hbW91bnQw
k	413923187	TGVnSXRlbQ==
k	491610272	cHJlU25vdw==
k	506450535	b3ZlcmhhdWxfZHVuZ2Vvbl9lcG9jaA==
k	543655539	U3Bhd25PcmU=
k	554813359	Y2hlYXRlZFF1ZXVlZA==
k	575595752	Q2hlc3RJdGVt
k	580345874	TGlxdWlkRGF0YQ==
k	630566591	b3ZlcmhhdWxfYWlfaW50ZWxsaWdlbmNlX3Yx
k	633313253	ZW5hYmxlZA==
k	675643124	YWdncmF2YXRlZA==
k	696029674	dGFn
k	722925088	b3ZlcmhhdWxfaW50ZXJpb3JfaGlzdG9yeV92MQ==
k	732243584	b3ZlcmhhdWxfbW92ZV90b2tlbg==
k	739771651	c3Bhd25wb2ludA==
k	759487170	cGlja2VkX3RpbWU=
k	761693436	b3ZlcmhhdWxfY3JhZnRfcGVlcg==
k	770332876	aXRlbTkw
k	770332877	aXRlbTgw
k	770332884	aXRlbTEw
k	770332886	aXRlbTMw
k	770332887	aXRlbTIw
k	770332888	aXRlbTUw
k	770332889	aXRlbTQw
k	770332890	aXRlbTcw
k	770332891	aXRlbTYw
k	790421931	cm9vbURhdGE=
k	853018337	b3ZlcmhhdWxfZ3VhcmRpYW5fc2NhbGVfdjE=
k	881008290	Y3JlYXRvcg==
k	917906861	cXVhbGl0eQ==
k	924266903	c2xlZXBpbmc=
k	949524933	aXRlbURhdGE=
k	964587826	QXR0YWNrZXJz
k	1112377995	NV9pdGVt
k	1112379082	Ml9pdGVt
k	1112380297	M19pdGVt
k	1112381128	MF9pdGVt
k	1112382343	MV9pdGVt
k	1116804914	b3ZlcmhhdWxfYm9zc19jaGFyYWN0ZXJfdjE=
k	1122948576	b3ZlcmhhdWxfYm9zc19yb29tX2FuY2hvcl92MQ==
k	1124571902	U2F0dXJhdGlvbg==
k	1126563236	aXRlbTk4
k	1126563237	aXRlbTg4
k	1126563244	aXRlbTE4
k	1126563246	aXRlbTM4
k	1126563247	aXRlbTI4
k	1126563248	aXRlbTU4
k	1126563249	aXRlbTQ4
k	1126563250	aXRlbTc4
k	1126563251	aXRlbTY4
k	1173617403	aXRlbTkz
k	1173617404	aXRlbTgz
k	1173617411	aXRlbTEz
k	1173617413	aXRlbTMz
k	1173617414	aXRlbTIz
k	1173617415	aXRlbTUz
k	1173617416	aXRlbTQz
k	1173617417	aXRlbTcz
k	1173617418	aXRlbTYz
k	1227488406	b3duZXJOYW1l
k	1244129522	b3ZlcmhhdWxfcGFja19yZWFkeQ==
k	1301850986	cGF0cm9sUG9pbnQ=
k	1305470367	VENEYXRh
k	1354515068	b3ZlcmhhdWxfZHVuZ2Vvbl9yZXNldF9yZXF1ZXN0ZWQ=
k	1413848227	bG92ZVBvaW50cw==
k	1414245329	cG9zZQ==
k	1421151742	dHlwZQ==
k	1428118600	SGVsbWV0SXRlbQ==
k	1448002985	dXNlcg==
k	1491449936	b3ZlcmhhdWxfYWlfc3Rhcl9yb2xsX3Yx
k	1594891052	bGV2ZWw=
k	1666617829	UmlnaHRJdGVt
k	1675098729	cHJlZ25hbnQ=
k	1684085482	b3ZlcmhhdWxfY3JhZnRfbGVhc2U=
k	1695925803	c3RhdGU=
k	1718219130	b3ZlcmhhdWxfZHVuZ2Vvbl90cmFja2VkX3Yx
k	1735486393	TGFzdFNwYXdu
k	1743624050	ZnVlbA==
k	1759467715	dmFyaWFudA==
k	1767464916	TW9kaWZpZXJz
k	1774318932	b3ZlcmhhdWxfY3JhZnRfdW50aWw=
k	1775836774	T3ZlcmhhdWwuQ2hlc3ROYW1l
k	1803358415	VmFsdWU=
k	1895375267	TGVmdEl0ZW1RdWFsaXR5
k	1910873528	UmlnaHRJdGVtUXVhbGl0eQ==
k	1933132290	aXRlbTk2
k	1933132291	aXRlbTg2
k	1933132298	aXRlbTE2
k	1933132300	aXRlbTM2
k	1933132301	aXRlbTI2
k	1933132302	aXRlbTU2
k	1933132303	aXRlbTQ2
k	1933132304	aXRlbTc2
k	1933132305	aXRlbTY2
k	1981281673	YWRkZWREZWZhdWx0SXRlbXM=
k	2024344713	TGVmdEl0ZW1WYXJpYW50
k	2071675473	RGVzcGF3bkluRGF5
k	2138448017	U3RhcnRUaW1l
p	-1562456316	T3ZlcmhhdWxfRmVlZGluZ1Ryb3VnaA==
p	527408754	T3ZlcmhhdWxfUHJvZHVjdGlvbkNsb2Nr